signatura;direccion;cp;ref_catastral;plazas;dormitorios;superficie_m2;fecha_alta;lon;lat
CV-VUT0031267-A;AV ESTOCOLMO, 19, Es:1 Pl:01 Pt:08;03500;2495303YH5629N0009FH;2;1;49.00;15/12/1993;-0.105008;38.536877
CV-VUT0517826-A;AV ESTOCOLMO, 19, Es:1 Pl:02 Pt:12;03500;2495303YH5629N0013GJ;2;1;49.00;22/07/2025;-0.105008;38.536877
CV-VUT0500145-A;AV ESTOCOLMO, 19, Es:1 Pl:SS Pt:1B;03500;2495303YH5629N0034UO;2;1;89.00;17/07/2023;-0.105008;38.536877
CV-VUT0454512-A;AV MONTBENIDORM, 5, Es:1 Pl:01 Pt:A;03500;7589605YH4678N0009JU;2;1;80.00;19/04/2017;-0.162154;38.532493
CV-VUT0454513-A;AV MONTBENIDORM, 5, Es:1 Pl:01 Pt:B;03500;7589605YH4678N0010GT;2;1;77.00;19/04/2017;-0.162154;38.532493
CV-VUT0454514-A;AV MONTBENIDORM, 5, Es:1 Pl:02 Pt:A;03500;7589605YH4678N0011HY;2;1;80.00;19/04/2017;-0.162154;38.532493
CV-VUT0454515-A;AV MONTBENIDORM, 5, Es:1 Pl:02 Pt:B;03500;7589605YH4678N0012JU;2;1;77.00;19/04/2017;-0.162154;38.532493
CV-VUT0454516-A;AV MONTBENIDORM, 5, Es:1 Pl:03 Pt:A;03500;7589605YH4678N0013KI;2;1;80.00;19/04/2017;-0.162154;38.532493
CV-VUT0454517-A;AV MONTBENIDORM, 5, Es:1 Pl:03 Pt:B;03500;7589605YH4678N0014LO;2;1;77.00;19/04/2017;-0.162154;38.532493
CV-VUT0454518-A;AV MONTBENIDORM, 5, Es:1 Pl:04 Pt:A;03500;7589605YH4678N0015BP;2;1;80.00;19/04/2017;-0.162154;38.532493
CV-VUT0323125-A;AV MONTBENIDORM, 5, Es:1 Pl:04 Pt:B;03500;7589605YH4678N0016ZA;2;1;77.00;23/09/2019;-0.162154;38.532493
CV-VUT0323126-A;AV MONTBENIDORM, 5, Es:1 Pl:05 Pt:A;03500;7589605YH4678N0017XS;2;1;177.00;23/09/2019;-0.162154;38.532493
CV-VUT0321884-A;AV MONTECARLO, 3, Es:1 Pl:01 Pt:B;03500;2594804YH5629S0002MJ;4;2;94.00;13/04/2016;-0.103906;38.534189
CV-VUT0316974-A;AV MONTECARLO, 3, Es:1 Pl:03 Pt:B;03500;2594804YH5629S0006RZ;4;2;94.00;17/06/1998;-0.103906;38.534189
CV-VUT0322332-A;AV MONTECARLO, 3, Es:1 Pl:04 Pt:A;03500;2594804YH5629S0007TX;4;2;94.00;19/09/2017;-0.103906;38.534189
CV-VUT0322333-A;AV MONTECARLO, 3, Es:1 Pl:04 Pt:B;03500;2594804YH5629S0008YM;4;2;94.00;19/09/2017;-0.103906;38.534189
CV-VUT0449544-A;AV MONTECARLO, 3, Es:1 Pl:06 Pt:A;03500;2594804YH5629S0011YM;4;2;94.00;10/08/2016;-0.103906;38.534189
CV-VUT0322334-A;AV MONTECARLO, 3, Es:1 Pl:07 Pt:A;03500;2594804YH5629S0013IW;4;2;94.00;19/09/2017;-0.103906;38.534189
CV-VUT0322335-A;AV MONTECARLO, 3, Es:1 Pl:07 Pt:B;03500;2594804YH5629S0014OE;4;2;94.00;19/09/2017;-0.103906;38.534189
CV-VUT0316993-A;AV MONTECARLO, 3, Es:1 Pl:08 Pt:A;03500;2594804YH5629S0015PR;4;2;94.00;17/06/1998;-0.103906;38.534189
CV-VUT0316994-A;AV MONTECARLO, 3, Es:1 Pl:08 Pt:B;03500;2594804YH5629S0016AT;4;2;94.00;17/06/1998;-0.103906;38.534189
CV-VUT0317001-A;AV MONTECARLO, 3, Es:1 Pl:10 Pt:A;03500;2594804YH5629S0019FI;4;2;94.00;17/06/1998;-0.103906;38.534189
CV-VUT0317002-A;AV MONTECARLO, 3, Es:1 Pl:10 Pt:B;03500;2594804YH5629S0020SY;4;2;94.00;17/06/1998;-0.103906;38.534189
CV-VUT0317005-A;AV MONTECARLO, 3, Es:1 Pl:11 Pt:A;03500;2594804YH5629S0021DU;4;2;94.00;17/06/1998;-0.103906;38.534189
CV-VUT0317006-A;AV MONTECARLO, 3, Es:1 Pl:11 Pt:B;03500;2594804YH5629S0022FI;4;2;94.00;17/06/1998;-0.103906;38.534189
CV-VUT0316971-A;AV MONTECARLO, 3, Es:2 Pl:02 Pt:C;03500;2594804YH5629S0023GO;4;2;94.00;17/06/1998;-0.103906;38.534189
CV-VUT0316972-A;AV MONTECARLO, 3, Es:2 Pl:02 Pt:D;03500;2594804YH5629S0024HP;4;2;94.00;17/06/1998;-0.103906;38.534189
CV-VUT0316975-A;AV MONTECARLO, 3, Es:2 Pl:03 Pt:C;03500;2594804YH5629S0025JA;4;2;94.00;17/06/1998;-0.103906;38.534189
CV-VUT0316976-A;AV MONTECARLO, 3, Es:2 Pl:03 Pt:D;03500;2594804YH5629S0026KS;4;2;94.00;17/06/1998;-0.103906;38.534189
CV-VUT0316980-A;AV MONTECARLO, 3, Es:2 Pl:04 Pt:D;03500;2594804YH5629S0028BF;4;2;94.00;17/06/1998;-0.103906;38.534189
CV-VUT0481200-A;AV MONTECARLO, 3, Es:2 Pl:06 Pt:C;03500;2594804YH5629S0031BF;4;2;94.00;18/02/2020;-0.103906;38.534189
CV-VUT0446368-A;AV MONTECARLO, 3, Es:2 Pl:08 Pt:D;03500;2594804YH5629S0036WL;4;2;94.00;07/03/2016;-0.103906;38.534189
CV-VUT0317003-A;AV MONTECARLO, 3, Es:2 Pl:10 Pt:C;03500;2594804YH5629S0039TX;4;2;94.00;17/06/1998;-0.103906;38.534189
CV-VUT0317004-A;AV MONTECARLO, 3, Es:2 Pl:10 Pt:D;03500;2594804YH5629S0040EB;4;2;94.00;17/06/1998;-0.103906;38.534189
CV-VUT0317007-A;AV MONTECARLO, 3, Es:2 Pl:11 Pt:C;03500;2594804YH5629S0041RZ;4;2;94.00;17/06/1998;-0.103906;38.534189
CV-VUT0317008-A;AV MONTECARLO, 3, Es:2 Pl:11 Pt:D;03500;2594804YH5629S0042TX;4;2;94.00;17/06/1998;-0.103906;38.534189
CV-VUT0480403-A;AV PANAMA, 1, Es:1 Pl:07 Pt:B;03500;9697204YH4699N0034TW;6;3;80.00;26/12/2019;-0.136310;38.539592
CV-VUT0035629-A;AV ZAMORA, 3, Es:1 Pl:01 Pt:A;03503;2298001YH5629N0003OP;2;1;90.00;07/04/1994;-0.106606;38.539613
CV-VUT0035630-A;AV ZAMORA, 3, Es:1 Pl:01 Pt:B;03503;2298001YH5629N0004PA;2;1;87.00;07/04/1994;-0.106606;38.539613
CV-VUT0035631-A;AV ZAMORA, 3, Es:1 Pl:01 Pt:C;03503;2298001YH5629N0005AS;2;1;87.00;07/04/1994;-0.106606;38.539613
CV-VUT0035632-A;AV ZAMORA, 3, Es:1 Pl:01 Pt:D;03503;2298001YH5629N0006SD;2;1;87.00;07/04/1994;-0.106606;38.539613
CV-VUT0035633-A;AV ZAMORA, 3, Es:1 Pl:01 Pt:E;03503;2298001YH5629N0007DF;2;1;90.00;07/04/1994;-0.106606;38.539613
CV-VUT0035634-A;AV ZAMORA, 3, Es:1 Pl:02 Pt:A;03503;2298001YH5629N0008FG;2;1;90.00;07/04/1994;-0.106606;38.539613
CV-VUT0035635-A;AV ZAMORA, 3, Es:1 Pl:02 Pt:B;03503;2298001YH5629N0009GH;2;1;87.00;07/04/1994;-0.106606;38.539613
CV-VUT0457183-A;AV ZAMORA, 3, Es:1 Pl:02 Pt:C;03503;2298001YH5629N0010DF;2;1;87.00;12/07/2017;-0.106606;38.539613
CV-VUT0035638-A;AV ZAMORA, 3, Es:1 Pl:02 Pt:E;03503;2298001YH5629N0012GH;2;1;90.00;07/04/1994;-0.106606;38.539613
CV-VUT0035639-A;AV ZAMORA, 3, Es:1 Pl:03 Pt:A;03503;2298001YH5629N0013HJ;2;1;90.00;07/04/1994;-0.106606;38.539613
CV-VUT0035640-A;AV ZAMORA, 3, Es:1 Pl:03 Pt:B;03503;2298001YH5629N0014JK;2;1;87.00;07/04/1994;-0.106606;38.539613
CV-VUT0035641-A;AV ZAMORA, 3, Es:1 Pl:03 Pt:C;03503;2298001YH5629N0015KL;2;1;87.00;07/04/1994;-0.106606;38.539613
CV-VUT0520486-A;AV ZAMORA, 3, Es:1 Pl:03 Pt:D;03503;2298001YH5629N0016LB;2;1;87.00;09/03/2026;-0.106606;38.539613
CV-VUT0035643-A;AV ZAMORA, 3, Es:1 Pl:03 Pt:E;03503;2298001YH5629N0017BZ;2;1;90.00;07/04/1994;-0.106606;38.539613
CV-VUT0035645-A;AV ZAMORA, 3, Es:1 Pl:04 Pt:B;03503;2298001YH5629N0019XM;2;1;87.00;07/04/1994;-0.106606;38.539613
CV-VUT0035646-A;AV ZAMORA, 3, Es:1 Pl:04 Pt:C;03503;2298001YH5629N0020BZ;2;1;87.00;07/04/1994;-0.106606;38.539613
CV-VUT0035650-A;AV ZAMORA, 3, Es:1 Pl:06 Pt:B;03503;2298001YH5629N0029YU;2;1;87.00;07/04/1994;-0.106606;38.539613
CV-VUT0520488-A;AV ZAMORA, 3, Es:1 Pl:06 Pt:E;03503;2298001YH5629N0032YU;2;1;90.00;09/03/2026;-0.106606;38.539613
CV-VUT0520487-A;AV ZAMORA, 3, Es:1 Pl:07 Pt:B;03503;2298001YH5629N0034IO;2;1;87.00;09/03/2026;-0.106606;38.539613
CV-VUT0323800-A;AV ZAMORA, 3, Es:1 Pl:07 Pt:D;03503;2298001YH5629N0036PA;2;1;87.00;20/09/2022;-0.106606;38.539613
CV-VUT0035652-A;AV ZAMORA, 3, Es:1 Pl:09 Pt:A;03503;2298001YH5629N0043FG;8;4;90.00;07/04/1994;-0.106606;38.539613
CV-VUT0481213-A;AV ZAMORA, 3, Es:1 Pl:09 Pt:B;03503;2298001YH5629N0044GH;2;1;87.00;18/02/2020;-0.106606;38.539613
CV-VUT0035654-A;AV ZAMORA, 3, Es:1 Pl:09 Pt:C;03503;2298001YH5629N0045HJ;2;1;87.00;07/04/1994;-0.106606;38.539613
CV-VUT0035655-A;AV ZAMORA, 3, Es:1 Pl:09 Pt:D;03503;2298001YH5629N0046JK;2;1;87.00;07/04/1994;-0.106606;38.539613
CV-VUT0035656-A;AV ZAMORA, 3, Es:1 Pl:09 Pt:E;03503;2298001YH5629N0047KL;2;1;90.00;07/04/1994;-0.106606;38.539613
CV-VUT0035657-A;AV ZAMORA, 3, Es:1 Pl:10 Pt:A;03503;2298001YH5629N0048LB;2;1;90.00;07/04/1994;-0.106606;38.539613
CV-VUT0035658-A;AV ZAMORA, 3, Es:1 Pl:10 Pt:B;03503;2298001YH5629N0049BZ;2;1;87.00;07/04/1994;-0.106606;38.539613
CV-VUT0035660-A;AV ZAMORA, 3, Es:1 Pl:10 Pt:D;03503;2298001YH5629N0051LB;4;2;87.00;07/04/1994;-0.106606;38.539613
CV-VUT0035661-A;AV ZAMORA, 3, Es:1 Pl:10 Pt:E;03503;2298001YH5629N0052BZ;2;1;90.00;07/04/1994;-0.106606;38.539613
CV-VUT0035662-A;AV ZAMORA, 3, Es:1 Pl:13 Pt:A;03503;2298001YH5629N0063TY;2;1;90.00;07/04/1994;-0.106606;38.539613
CV-VUT0517992-A;AV ZAMORA, 3, Es:1 Pl:14 Pt:C;03503;2298001YH5629N0070OP;2;1;87.00;31/07/2025;-0.106606;38.539613
CV-VUT0035664-A;AV ZAMORA, 3, Es:1 Pl:15 Pt:C;03503;2298001YH5629N0075FG;2;1;87.00;07/04/1994;-0.106606;38.539613
CV-VUT0035665-A;AV ZAMORA, 3, Es:1 Pl:15 Pt:D;03503;2298001YH5629N0076GH;2;1;87.00;07/04/1994;-0.106606;38.539613
CV-VUT0035667-A;AV ZAMORA, 3, Es:1 Pl:16 Pt:A;03503;2298001YH5629N0078JK;2;1;90.00;07/04/1994;-0.106606;38.539613
CV-VUT0035668-A;AV ZAMORA, 3, Es:1 Pl:16 Pt:B;03503;2298001YH5629N0079KL;2;1;87.00;07/04/1994;-0.106606;38.539613
CV-VUT0035669-A;AV ZAMORA, 3, Es:1 Pl:16 Pt:C;03503;2298001YH5629N0080HJ;2;1;87.00;07/04/1994;-0.106606;38.539613
CV-VUT0035670-A;AV ZAMORA, 3, Es:1 Pl:16 Pt:D;03503;2298001YH5629N0081JK;2;1;87.00;07/04/1994;-0.106606;38.539613
CV-VUT0035671-A;AV ZAMORA, 3, Es:1 Pl:16 Pt:E;03503;2298001YH5629N0082KL;2;1;90.00;07/04/1994;-0.106606;38.539613
CV-VUT0478891-A;C ZAMORA, 3 Pl:7 Pt:A;03500;2298001YH5629N0033UI;4;2;;01/10/2019;-0.106606;38.539613
CV-VUT0482045-A;CL ALCALDE MANUEL CATALAN CH, 6, Es:T Pl:OD Pt:OS;03500;2290704YH5629S0001XH;6;3;133.00;25/05/2020;-0.107106;38.532189
CV-VUT0462245-A;CL AVILES, 48, Es:1 Pl:00 Pt:A;03500;7485403YH4678N0010MT;4;2;103.00;02/01/2018;-0.163102;38.528967
CV-VUT0462244-A;CL AVILES, 48, Es:1 Pl:00 Pt:A1;03500;7485403YH4678N0011QY;4;2;99.00;02/01/2018;-0.163102;38.528967
CV-VUT0462243-A;CL AVILES, 48, Es:1 Pl:00 Pt:B;03500;7485403YH4678N0012WU;4;2;49.00;02/01/2018;-0.163102;38.528967
CV-VUT0475665-A;CL OVIEDO, 4, Es:T Pl:OD Pt:OS;03500;8787802YH4678N0001MX;2;1;340.00;08/05/2019;-0.162104;38.532012
CV-VUT0476388-A;CL OVIEDO, 44, Es:1 Pl:00 Pt:B;03500;7382302YH4678S0005QA;6;3;183.00;04/06/2019;-0.164181;38.526723
CV-VUT0486323-A;CL OVIEDO, 44, Es:1 Pl:02 Pt:C;03500;7382302YH4678S0006WS;4;2;160.00;01/06/2021;-0.164181;38.526723
CV-VUT0516696-A;AL ALCALDE D. PEDRO ZARAGOZA, 16, Es:1 Pl:03 Pt:00;03501;0294607YH5609S0004LA;4;2;72.00;25/05/2025;-0.130005;38.536142
CV-VUT0323368-A;AL ALCALDE D. PEDRO ZARAGOZA, 19, Es:1 Pl:01 Pt:01;03501;0293501YH5609S0002MO;2;1;54.00;17/07/2020;-0.130054;38.535702
CV-VUT0518262-A;AL ALCALDE D. PEDRO ZARAGOZA, 19, Es:1 Pl:04 Pt:01;03501;0293501YH5609S0013IJ;4;2;91.00;28/08/2025;-0.130054;38.535702
CV-VUT0481113-A;AL ALCALDE D. PEDRO ZARAGOZA, 19, Es:1 Pl:05 Pt:03;03501;0293501YH5609S0018DX;4;2;61.00;13/02/2020;-0.130054;38.535702
CV-VUT0500476-A;AL ALCALDE D. PEDRO ZARAGOZA, 26, Es:T Pl:OD Pt:OS;03501;0294602YH5609S0001JI;6;3;233.00;12/07/2023;-0.130244;38.535824
CV-VUT0323612-A;AL ALCALDE D. PEDRO ZARAGOZA, 31, Es:1 Pl:01 Pt:B;03501;0293801YH5609S4001EM;4;2;54.00;04/02/2022;-0.130329;38.535273
CV-VUT0465356-A;AL ALCALDE D. PEDRO ZARAGOZA, 5, Es:1 Pl:02 Pt:00;03501;0394114YH5609S0003EP;8;4;134.00;11/04/2018;-0.129614;38.536292
CV-VUT0320734-A;AV AIGUERA, 3, Es:1 Pl:02 Pt:A;03501;0299313YH5609N0013LO;6;3;126.00;26/03/2008;-0.130287;38.541323
CV-VUT0320739-A;AV AIGUERA, 3, Es:1 Pl:02 Pt:B;03501;0299313YH5609N0014BP;6;3;122.00;26/03/2008;-0.130287;38.541323
CV-VUT0320735-A;AV AIGUERA, 3, Es:1 Pl:03 Pt:A;03501;0299313YH5609N0023EH;6;3;126.00;26/03/2008;-0.130287;38.541323
CV-VUT0320736-A;AV AIGUERA, 3, Es:1 Pl:06 Pt:A;03501;0299313YH5609N0053QF;6;3;126.00;26/03/2008;-0.130287;38.541323
CV-VUT0320737-A;AV AIGUERA, 3, Es:1 Pl:07 Pt:A;03501;0299313YH5609N0063IZ;6;3;126.00;26/03/2008;-0.130287;38.541323
CV-VUT0320738-A;AV AIGUERA, 3, Es:1 Pl:08 Pt:A;03501;0299313YH5609N0073GT;6;3;126.00;26/03/2008;-0.130287;38.541323
CV-VUT0320723-A;AV AIGUERA, 3, Es:2 Pl:01 Pt:D;03501;0299313YH5609N0006GT;6;3;106.00;26/03/2008;-0.130287;38.541323
CV-VUT0320724-A;AV AIGUERA, 3, Es:2 Pl:02 Pt:D;03501;0299313YH5609N0016XS;6;3;106.00;26/03/2008;-0.130287;38.541323
CV-VUT0320725-A;AV AIGUERA, 3, Es:2 Pl:03 Pt:D;03501;0299313YH5609N0026YL;6;3;106.00;26/03/2008;-0.130287;38.541323
CV-VUT0320726-A;AV AIGUERA, 3, Es:2 Pl:04 Pt:D;03501;0299313YH5609N0036DE;6;3;106.00;26/03/2008;-0.130287;38.541323
CV-VUT0320727-A;AV AIGUERA, 3, Es:2 Pl:05 Pt:D;03501;0299313YH5609N0046BP;6;3;106.00;26/03/2008;-0.130287;38.541323
CV-VUT0320733-A;AV AIGUERA, 3, Es:4 Pl:01 Pt:G;03501;0299313YH5609N0009KI;6;3;108.00;26/03/2008;-0.130287;38.541323
CV-VUT0320728-A;AV AIGUERA, 3, Es:5 Pl:01 Pt:J;03501;0299313YH5609N0012KI;6;3;120.00;26/03/2008;-0.130287;38.541323
CV-VUT0320729-A;AV AIGUERA, 3, Es:5 Pl:02 Pt:J;03501;0299313YH5609N0022WG;6;3;120.00;26/03/2008;-0.130287;38.541323
CV-VUT0320730-A;AV AIGUERA, 3, Es:5 Pl:03 Pt:J;03501;0299313YH5609N0032OX;6;3;120.00;26/03/2008;-0.130287;38.541323
CV-VUT0320731-A;AV AIGUERA, 3, Es:5 Pl:04 Pt:J;03501;0299313YH5609N0042HY;6;3;120.00;26/03/2008;-0.130287;38.541323
CV-VUT0320732-A;AV AIGUERA, 3, Es:5 Pl:05 Pt:J;03501;0299313YH5609N0052MD;6;3;120.00;26/03/2008;-0.130287;38.541323
CV-VUT0490818-A;AV AIGUERA, 5, Es:1 Pl:02 Pt:02;03501;0299305YH5700S0138LY;2;1;54.00;14/06/2022;-0.131043;38.541477
CV-VUT0323316-A;AV AIGUERA, 5, Es:1 Pl:03 Pt:03;03501;0299305YH5700S0142BU;4;2;92.00;03/03/2020;-0.131043;38.541477
CV-VUT0485493-A;AV AIGUERA, 5, Es:3 Pl:01 Pt:01;03501;0299305YH5700S0174BU;4;2;88.00;29/03/2021;-0.131043;38.541477
CV-VUT0323203-A;AV AIGUERA, 5, Es:4 Pl:02 Pt:01;03501;0299305YH5700S0193PB;6;3;88.00;06/11/2019;-0.131043;38.541477
CV-VUT0470450-A;AV AIGUERA, 6, Es:1 Pl:03 Pt:04;03501;0299304YH5700S0038UE;4;2;80.00;29/08/2018;-0.131349;38.541809
CV-VUT0039908-A;AV AIGUERA, 7, Es:1 Pl:06 Pt:C2;03501;0299303YH5700S0024PG;4;2;99.00;12/01/1995;-0.131460;38.542111
CV-VUT0003508-A;AV AIGUERA, 7, Es:1 Pl:06 Pt:C2;03501;0299303YH5700S0024PG;4;2;99.00;26/10/1993;-0.131460;38.542111
CV-VUT0442817-A;AV AIGUERA, 7, Es:1 Pl:06 Pt:C2;03501;0299303YH5700S0024PG;6;3;99.00;29/04/2015;-0.131460;38.542111
CV-VUT0460502-A;AV AIGUERA, 8, Es:1 Pl:01 Pt:C;03501;0299302YH5700S0057WH;4;2;77.00;28/11/2017;-0.131410;38.542413
CV-VUT0458065-A;AV AIGUERA, 8, Es:1 Pl:05 Pt:C;03501;0299302YH5700S0069AW;4;2;77.00;03/07/2017;-0.131410;38.542413
CV-VUT0323828-A;AV AIGUERA, 8, Es:3 Pl:01 Pt:B;03501;0299302YH5700S0112KO;4;2;77.00;08/11/2022;-0.131410;38.542413
CV-VUT0322588-A;AV AIGUERA, 9, Es:1 Pl:01 Pt:04;03501;0101304YH5700S0026LJ;2;1;57.00;22/05/2018;-0.131016;38.542880
CV-VUT0323208-A;AV AIGUERA, 9, Es:1 Pl:03 Pt:01;03501;0101304YH5700S0049DA;2;1;56.00;06/11/2019;-0.131016;38.542880
CV-VUT0472747-A;AV AIGUERA, 9, Es:1 Pl:03 Pt:05;03501;0101304YH5700S0053FS;3;2;60.00;19/12/2018;-0.131016;38.542880
CV-VUT0324264-A;AV AIGUERA, 9, Es:1 Pl:03 Pt:09;03501;0101304YH5700S0057KH;2;1;54.00;09/04/2024;-0.131016;38.542880
CV-VUT0462213-A;AV ALMENDROS DE LOS, 28, Es:1 Pl:03 Pt:A;03501;0097501YH5609N0004GE;6;3;92.00;29/12/2017;-0.132560;38.539358
CV-VUT0507331-A;AV ALMENDROS DE LOS, 4, Es:1 Pl:+2 Pt:01;03501;0095716YH5609N0033EM;4;2;77.00;23/04/2024;-0.132390;38.536831
CV-VUT0518437-A;AV ALMENDROS DE LOS, 4, Es:1 Pl:+2 Pt:N;03501;0095716YH5609N0032WX;4;2;77.00;15/09/2025;-0.132390;38.536831
CV-VUT0505929-A;AV ALMENDROS DE LOS, 5, Es:1 Pl:01 Pt:A;03501;9995605YH4699N0027GZ;4;2;42.00;04/03/2024;-0.132611;38.537412
CV-VUT0465982-A;AV ALMENDROS DE LOS, 5, Es:1 Pl:02 Pt:10;03501;9995605YH4699N0050YS;6;3;87.00;25/04/2018;-0.132611;38.537412
CV-VUT0472627-A;AV ALMENDROS DE LOS, 5, Es:1 Pl:04 Pt:01;03501;9995605YH4699N0061FB;6;3;46.00;17/12/2018;-0.132611;38.537412
CV-VUT0322938-A;AV ALMENDROS DE LOS, 5, Es:1 Pl:04 Pt:10;03501;9995605YH4699N0070BE;6;3;87.00;22/02/2019;-0.132611;38.537412
CV-VUT0450594-A;AV LIMONES DE LOS, 22, Es:1 Pl:03 Pt:H;03501;9998601YH4699N0060GL;6;3;106.00;11/10/2016;-0.133641;38.540198
CV-VUT0321807-A;AV MARE DE DEU DEL SOFRATGE, 2, Es:1 Pl:-1 Pt:01;03501;0393902YH5609S0001HI;8;4;28.00;07/08/2015;-0.128868;38.535280
CV-VUT0454412-A;AV MARE DE DEU DEL SOFRATGE, 2, Es:1 Pl:01 Pt:02;03501;0393902YH5609S0045WJ;8;4;149.00;12/04/2017;-0.128868;38.535280
CV-VUT0322199-A;AV MARE DE DEU DEL SOFRATGE, 2, Es:1 Pl:01 Pt:05;03501;0393902YH5609S0048TB;6;3;126.00;13/06/2017;-0.128868;38.535280
CV-VUT0322600-A;AV MARE DE DEU DEL SOFRATGE, 2, Es:1 Pl:01 Pt:06;03501;0393902YH5609S0049YZ;2;1;63.00;26/05/2018;-0.128868;38.535280
CV-VUT0323335-A;AV MARE DE DEU DEL SOFRATGE, 2, Es:1 Pl:01 Pt:08;03501;0393902YH5609S0051TB;4;2;63.00;12/06/2020;-0.128868;38.535280
CV-VUT0324242-A;AV MARE DE DEU DEL SOFRATGE, 2, Es:1 Pl:01 Pt:09;03501;0393902YH5609S0052YZ;6;3;102.00;10/03/2024;-0.128868;38.535280
CV-VUT0323320-A;AV MARTINEZ ALEJOS, 12, Es:1 Pl:01 Pt:A;03501;0393405YH5609S2003ZY;2;1;104.00;25/03/2020;-0.128600;38.536107
CV-VUT0449569-A;AV MARTINEZ ALEJOS, 12, Es:1 Pl:02 Pt:A;03501;0393405YH5609S2004XU;4;2;63.00;11/08/2016;-0.128600;38.536107
CV-VUT0449570-A;AV MARTINEZ ALEJOS, 12, Es:1 Pl:02 Pt:B;03501;0393405YH5609S2005MI;4;2;63.00;11/08/2016;-0.128600;38.536107
CV-VUT0449571-A;AV MARTINEZ ALEJOS, 12, Es:1 Pl:03 Pt:A;03501;0393405YH5609S2006QO;4;2;63.00;11/08/2016;-0.128600;38.536107
CV-VUT0449572-A;AV MARTINEZ ALEJOS, 12, Es:1 Pl:03 Pt:B;03501;0393405YH5609S2007WP;4;2;63.00;11/08/2016;-0.128600;38.536107
CV-VUT0323321-A;AV MARTINEZ ALEJOS, 12, Es:1 Pl:04 Pt:A;03501;0393405YH5609S2008EA;4;2;63.00;25/03/2020;-0.128600;38.536107
CV-VUT0449568-A;AV MARTINEZ ALEJOS, 12, Es:1 Pl:04 Pt:B;03501;0393405YH5609S2009RS;4;2;63.00;11/08/2016;-0.128600;38.536107
CV-VUT0323819-A;AV MARTINEZ ALEJOS, 14, Es:T Pl:OD Pt:OS;03501;0393406YH5609S0001OI;2;1;836.00;11/10/2022;-0.128548;38.536005
CV-VUT0322591-A;AV MARTINEZ ALEJOS, 7, Es:1 Pl:01 Pt:01;03501;0594101YH5609S0022WM;6;3;80.00;23/05/2018;-0.128110;38.535919
CV-VUT0449975-A;AV MARTINEZ ALEJOS, 7, Es:1 Pl:01 Pt:11;03501;0594101YH5609S0032OU;6;3;80.00;26/08/2016;-0.128110;38.535919
CV-VUT0322592-A;AV MARTINEZ ALEJOS, 7, Es:1 Pl:01 Pt:14;03501;0594101YH5609S0035SP;2;1;44.00;23/05/2018;-0.128110;38.535919
CV-VUT0449969-A;AV MARTINEZ ALEJOS, 7, Es:1 Pl:02 Pt:03;03501;0594101YH5609S0038GD;6;3;80.00;26/08/2016;-0.128110;38.535919
CV-VUT0449970-A;AV MARTINEZ ALEJOS, 7, Es:1 Pl:02 Pt:08;03501;0594101YH5609S0043JG;4;2;48.00;26/08/2016;-0.128110;38.535919
CV-VUT0449973-A;AV MARTINEZ ALEJOS, 7, Es:1 Pl:02 Pt:09;03501;0594101YH5609S0044KH;4;2;49.00;26/08/2016;-0.128110;38.535919
CV-VUT0443947-A;AV MARTINEZ ALEJOS, 7, Es:1 Pl:02 Pt:10;03501;0594101YH5609S0045LJ;4;2;58.00;06/08/2015;-0.128110;38.535919
CV-VUT0478316-A;AV MARTINEZ ALEJOS, 7, Es:1 Pl:03 Pt:07;03501;0594101YH5609S0056RW;6;3;99.00;28/08/2019;-0.128110;38.535919
CV-VUT0449971-A;AV MARTINEZ ALEJOS, 7, Es:1 Pl:03 Pt:11;03501;0594101YH5609S0060TE;6;3;80.00;26/08/2016;-0.128110;38.535919
CV-VUT0323386-A;AV MARTINEZ ALEJOS, 7, Es:1 Pl:03 Pt:12;03501;0594101YH5609S0061YR;6;3;80.00;19/08/2020;-0.128110;38.535919
CV-VUT0496263-A;AV MARTINEZ ALEJOS, 7, Es:1 Pl:04 Pt:01;03501;0594101YH5609S0064OU;6;3;80.00;20/03/2023;-0.128110;38.535919
CV-VUT0449974-A;AV MARTINEZ ALEJOS, 7, Es:1 Pl:04 Pt:03;03501;0594101YH5609S0066AO;6;3;80.00;26/08/2016;-0.128110;38.535919
CV-VUT0449972-A;AV MARTINEZ ALEJOS, 7, Es:1 Pl:04 Pt:09;03501;0594101YH5609S0072FS;4;2;49.00;26/08/2016;-0.128110;38.535919
CV-VUT0324199-A;AV MARTINEZ ALEJOS, 7, Es:1 Pl:04 Pt:13;03501;0594101YH5609S0076KH;6;3;79.00;14/02/2024;-0.128110;38.535919
CV-VUT0449976-A;AV MARTINEZ ALEJOS, 7, Es:1 Pl:04 Pt:14;03501;0594101YH5609S0077LJ;4;2;44.00;26/08/2016;-0.128110;38.535919
CV-VUT0505967-A;AV REI JAUME I, 12, Es:1 Pl:02 Pt:C;03501;9795315YH4699N0007XU;4;2;75.00;04/03/2024;-0.136432;38.538280
CV-VUT0323799-A;AV REI JAUME I, 16, Es:1 Pl:04 Pt:D1;03501;9897201YH4699N0060WL;2;1;58.00;14/09/2022;-0.136191;38.538559
CV-VUT0517233-A;AV REI JAUME I, 16, Es:1 Pl:04 Pt:E1;03502;9897201YH4699N0061EB;3;2;85.00;17/06/2025;-0.136191;38.538559
CV-VUT0488106-A;AV REI JAUME I, 32, Es:1 Pl:04 Pt:DR;03501;9898903YH4699N0017WF;4;2;77.00;21/12/2021;-0.134731;38.540283
CV-VUT0488974-A;AV REI JAUME I, 48, Es:1 Pl:+1 Pt:61;03501;9900601YH4699N0068DR;4;2;55.00;11/03/2022;-0.133178;38.542042
CV-VUT0460488-A;AV REI JAUME I, 48, Es:1 Pl:+1 Pt:63;03501;9900601YH4699N0070SE;4;2;55.00;27/11/2017;-0.133178;38.542042
CV-VUT0459760-A;AV REI JAUME I, 48, Es:1 Pl:+1 Pt:66;03501;9900601YH4699N0073GY;4;2;55.00;09/11/2017;-0.133178;38.542042
CV-VUT0459758-A;AV REI JAUME I, 48, Es:1 Pl:+1 Pt:67;03501;9900601YH4699N0074HU;4;2;55.00;09/11/2017;-0.133178;38.542042
CV-VUT0459757-A;AV REI JAUME I, 48, Es:1 Pl:+1 Pt:68;03501;9900601YH4699N0075JI;2;1;55.00;09/11/2017;-0.133178;38.542042
CV-VUT0519451-A;AV RUZAFA, 19, Es:1 Pl:02 Pt:E;03501;0395205YH5609N0017GD;4;2;77.00;10/12/2025;-0.129714;38.537504
CV-VUT0494113-A;AV RUZAFA, 2, Es:A Pl:01 Pt:02;03501;0396913YH5609N0018WF;1;1;72.00;07/12/2022;-0.129162;38.537436
CV-VUT0323247-A;AV RUZAFA, 2, Es:A Pl:01 Pt:09;03501;0396913YH5609N0024TJ;4;2;62.00;13/12/2019;-0.129162;38.537436
CV-VUT0498487-A;AV RUZAFA, 2, Es:A Pl:04 Pt:08;03501;0396913YH5609N0064PX;3;2;56.00;25/05/2023;-0.129162;38.537436
CV-VUT0447242-A;AV RUZAFA, 2, Es:B Pl:04 Pt:06;03501;0396913YH5609N0113MS;4;2;71.00;03/05/2016;-0.129162;38.537436
CV-VUT0324054-A;AV RUZAFA, 4, Es:1 Pl:01 Pt:D;03501;0396914YH5609N0007EY;4;2;64.00;21/09/2023;-0.129484;38.537830
CV-VUT0478296-A;AV RUZAFA, 4, Es:1 Pl:01 Pt:E;03501;0396914YH5609N0008RU;4;2;73.00;27/08/2019;-0.129484;38.537830
CV-VUT0478298-A;AV RUZAFA, 4, Es:1 Pl:01 Pt:F;03501;0396914YH5609N0009TI;2;1;66.00;27/08/2019;-0.129484;38.537830
CV-VUT0458649-A;AV RUZAFA, 4, Es:1 Pl:02 Pt:E;03501;0396914YH5609N0014UP;4;2;63.00;21/09/2017;-0.129484;38.537830
CV-VUT0457649-A;C ASSUMPCIU, 12 Pl:1 Pt:A;03501;0196706YH5609N0002UQ;4;2;;28/07/2017;-0.130554;38.538041
CV-VUT0492988-A;CL ASSUMPCIO DE LA, 12, Es:1 Pl:03 Pt:B;03501;0196706YH5609N0007SY;4;2;61.00;24/10/2022;-0.130554;38.538041
CV-VUT0476502-A;C CARRASCO, 7 Es:1 Pl:1 Pt:3;03501;0198507YH5609N0005ZR;6;3;;07/06/2019;-0.130833;38.540088
CV-VUT0476642-A;CL CARRASCO, 7, Es:D Pl:01 Pt:01;03501;0198507YH5609N0005ZR;4;2;67.00;11/06/2019;-0.130833;38.540088
CV-VUT0457648-A;C LA BIGA DE BENIDORM, 15 Pl:1;03501;0196709YH5609N0003SW;4;2;;28/07/2017;-0.130487;38.537927
CV-VUT0451732-A;C SAN VICENTE, 34 Pl:4 Pt:A;03501;0192403YH5609S0009QH;4;2;;09/12/2016;-0.131568;38.534809
CV-VUT0451733-A;C SAN VICENTE, 34 Pl:4 Pt:B;03501;0192403YH5609S0010XF;2;1;;09/12/2016;-0.131568;38.534809
CV-VUT0485584-A;CL SANT VICENT, 34, Es:1 Pl:01 Pt:B;03501;0192403YH5609S0004LA;4;2;49.00;08/04/2021;-0.131568;38.534809
CV-VUT0457650-A;C SANTISIMA TRINIDAD, 9 Pl:3 Pt:A;03501;0193508YH5609S0018GX;4;2;;28/07/2017;-0.131125;38.535817
CV-VUT0322383-A;CL SANTISSIMA TRINIDAD, 9, Es:1 Pl:02 Pt:F;03501;0193508YH5609S0017FZ;4;2;57.00;18/12/2017;-0.131125;38.535817
CV-VUT0448823-A;CL SANTISSIMA TRINIDAD, 9, Es:1 Pl:04 Pt:A;03501;0193508YH5609S0024KW;4;2;59.00;08/07/2016;-0.131125;38.535817
CV-VUT0473362-A;C TOMAS ORTUÑO, 4 Pl:1 Pt:C;03501;0294317YH5609N0006ET;6;3;;24/01/2019;-0.131031;38.536557
CV-VUT0518024-A;CJ FONT, 1, Es:1 Pl:03 Pt:B;03501;0196815YH5609N0012EI;5;3;80.00;05/08/2025;-0.131192;38.537391
CV-VUT0488349-A;CJ FONT, 1, Es:1 Pl:05 Pt:D;03501;0196815YH5609N0022PG;4;2;64.00;25/01/2022;-0.131192;38.537391
CV-VUT0324305-A;CL ALACANT D', 11, Es:1 Pl:+1 Pt:A;03501;0193406YH5609S0012PH;2;1;31.00;10/05/2024;-0.131610;38.536111
CV-VUT0476418-A;CL ALACANT D', 11, Es:1 Pl:03 Pt:A;03501;0193406YH5609S0009PH;4;2;40.00;05/06/2019;-0.131610;38.536111
CV-VUT0515891-A;CL ALACANT D', 12, Es:1 Pl:+1 Pt:A;03501;0193307YH5609S0012GH;4;2;60.00;11/04/2025;-0.131804;38.535939
CV-VUT0507932-A;CL ALACANT D', 12, Es:1 Pl:+1 Pt:B;03501;0193307YH5609S0013HJ;2;1;75.00;13/05/2024;-0.131804;38.535939
CV-VUT0500406-A;CL ALACANT D', 12, Es:1 Pl:01 Pt:A;03501;0193307YH5609S0003OP;5;3;72.00;26/07/2023;-0.131804;38.535939
CV-VUT0480050-A;CL ALACANT D', 14, Es:1 Pl:01 Pt:00;03501;0193308YH5609S0002JO;4;2;59.00;28/11/2019;-0.131738;38.535868
CV-VUT0518737-A;CL ALACANT D', 14, Es:1 Pl:02 Pt:00;03501;0193308YH5609S0003KP;4;2;59.00;14/10/2025;-0.131738;38.535868
CV-VUT0323529-A;CL ALACANT D', 15, Es:1 Pl:01 Pt:A;03501;0193408YH5609S0010EF;2;1;52.00;06/07/2021;-0.131558;38.535878
CV-VUT0322589-A;CL ALACANT D', 15, Es:1 Pl:02 Pt:A;03501;0193408YH5609S0013YJ;4;2;52.00;22/05/2018;-0.131558;38.535878
CV-VUT0459726-A;CL ALACANT D', 15, Es:1 Pl:05 Pt:A;03501;0193408YH5609S0022SM;2;1;43.00;08/11/2017;-0.131558;38.535878
CV-VUT0487373-A;CL ALACANT D', 17, Es:1 Pl:01 Pt:01;03501;0193409YH5609S0002UO;4;2;103.00;03/09/2021;-0.131472;38.535819
CV-VUT0487374-A;CL ALACANT D', 17, Es:1 Pl:02 Pt:01;03501;0193409YH5609S0003IP;4;2;103.00;03/09/2021;-0.131472;38.535819
CV-VUT0487375-A;CL ALACANT D', 17, Es:1 Pl:03 Pt:01;03501;0193409YH5609S0004OA;4;2;103.00;03/09/2021;-0.131472;38.535819
CV-VUT0487376-A;CL ALACANT D', 17, Es:1 Pl:04 Pt:01;03501;0193409YH5609S0005PS;2;1;77.00;03/09/2021;-0.131472;38.535819
CV-VUT0466058-A;CL ALACANT D', 23, Es:1 Pl:02 Pt:B;03501;0193416YH5609S0006QD;2;1;53.00;26/04/2018;-0.131400;38.535428
CV-VUT0511343-A;CL ALACANT D', 23, Es:1 Pl:03 Pt:B;03501;0193416YH5609S0008EG;2;1;53.00;10/09/2024;-0.131400;38.535428
CV-VUT0501913-A;CL ALACANT D', 37, Es:T Pl:OD Pt:OS;03501;0192515YH5609S0001OI;6;3;123.00;27/09/2023;-0.131276;38.535130
CV-VUT0480861-A;CL ALACANT D', 44, Es:1 Pl:04 Pt:01;03501;0193807YH5609S0005IS;2;1;46.00;27/01/2020;-0.131402;38.534955
CV-VUT0499815-A;CL ALC D JAIME FERRER NOMDED, 3, Es:1 Pl:03 Pt:C;03501;0294609YH5609S0011KG;5;3;85.00;04/07/2023;-0.129925;38.536254
CV-VUT0322597-A;CL ALC D JAIME FERRER NOMDED, 3, Es:1 Pl:04 Pt:A;03501;0294609YH5609S0012LH;4;2;80.00;24/05/2018;-0.129925;38.536254
CV-VUT0460511-A;CL ALC D JAIME FERRER NOMDED, 6, Es:1 Pl:+1 Pt:02;03501;0294804YH5609S0015IL;6;3;74.00;28/11/2017;-0.130357;38.536030
CV-VUT0519230-A;CL ALC D JAIME FERRER NOMDED, 6, Es:1 Pl:03 Pt:01;03501;0294804YH5609S0011RG;5;3;85.00;24/11/2025;-0.130357;38.536030
CV-VUT0321838-A;CL ALC D. AGUSTIN NAVARRO AL, 2, Es:1 Pl:+2 Pt:23;03501;9895901YH4699N0022JH;2;1;82.00;14/12/2015;-0.135179;38.537441
CV-VUT0324090-A;CL ALT, 11, Es:1 Pl:03 Pt:01;03501;0394909YH5609S0005LS;6;3;83.00;13/10/2023;-0.128993;38.536264
CV-VUT0510482-A;CL ANTONIO RAMOS CARRATALA, 2;03501;0096602YH5609N0001BM;16;8;471.00;24/07/2024;-0.131962;38.538671
CV-VUT0323897-A;CL ANTONIO RAMOS CARRATALA, 3, Es:1 Pl:01 Pt:A;03501;0196805YH5609N0036RE;8;4;119.00;27/01/2023;-0.131651;38.538505
CV-VUT0500576-A;CL ANTONIO RAMOS CARRATALA, 5, Es:7 Pl:01 Pt:IZ;03501;0196820YH5609N0012ZI;6;3;88.00;13/07/2023;-0.131640;38.538349
CV-VUT0479713-A;CL ANTONIO RAMOS CARRATALA, 5, Es:7 Pl:03 Pt:DR;03501;0196820YH5609N0015QA;6;3;88.00;14/11/2019;-0.131640;38.538349
CV-VUT0496528-A;CL ANTONIO RAMOS CARRATALA, 8, Es:1 Pl:05 Pt:IZ;03501;0096605YH5609N0012OI;4;2;66.00;27/03/2023;-0.131905;38.538328
CV-VUT0486734-A;CL APOLO XI, 15, Es:T Pl:OD Pt:OS;03501;9997601YH4699N0001GQ;12;6;911.00;27/06/2021;-0.132808;38.539220
CV-VUT0324071-A;CL APOLO XI, 3, Es:1 Pl:04 Pt:B;03501;0197213YH5609N0031WZ;2;1;101.00;29/09/2023;-0.131618;38.539282
CV-VUT0463288-A;CL APOLO XI, 5, Es:1 Pl:+1 Pt:DR;03501;0197214YH5609N0015QA;4;2;75.00;01/02/2018;-0.131809;38.539255
CV-VUT0460285-A;CL APOLO XI, 5, Es:1 Pl:02 Pt:IZ;03501;0197214YH5609N0009ZI;6;3;103.00;04/04/2018;-0.131809;38.539255
CV-VUT0460258-A;CL APOLO XI, 8, Es:1 Pl:01 Pt:IZ;03501;0097505YH5609N0004TE;8;4;91.00;24/11/2017;-0.131979;38.539418
CV-VUT0483561-A;CL ARCOS LOS, 2, Es:1 Pl:+1 Pt:B;03501;0198504YH5609N0034FQ;6;3;124.00;13/10/2020;-0.130802;38.540522
CV-VUT0489389-A;CL ASSUMPCIO DE LA, 7, Es:1 Pl:03 Pt:01;03501;0196610YH5609N0004FE;6;3;104.00;04/04/2022;-0.130769;38.538153
CV-VUT0489388-A;CL ASSUMPCIO DE LA, 9, Es:1 Pl:+1 Pt:01;03501;0196609YH5609N0005PR;6;3;92.00;04/04/2022;-0.130641;38.538153
CV-VUT0488017-A;CL ASSUMPCIO DE LA, 9, Es:1 Pl:02 Pt:01;03501;0196609YH5609N0004OE;8;4;111.00;10/12/2021;-0.130641;38.538153
CV-VUT0449639-A;CL BIGA DE LA, 4, Es:T Pl:OD Pt:OS;03501;0295302YH5609N0001PM;2;1;227.00;12/08/2016;-0.130910;38.537739
CV-VUT0454409-A;CL BON RETIRO, 3, Es:1 Pl:02 Pt:B;03501;0294901YH5609S0008RG;2;1;66.00;12/04/2017;-0.130285;38.536367
CV-VUT0521704-A;CL BON RETIRO, 4, Es:1 Pl:02 Pt:A;03501;0294803YH5609S0006HD;4;2;59.00;04/06/2026;-0.130371;38.536240
CV-VUT0520841-A;CL BON RETIRO, 4, Es:1 Pl:02 Pt:B;03501;0294803YH5609S0007JF;4;3;59.00;23/03/2026;-0.130371;38.536240
CV-VUT0458651-A;CL BONN 4 Es:1 Pl:20 Pt:0D;03501;2389504YH5629S0237EE;2;1;;21/09/2017;-0.105669;38.532574
CV-VUT0324323-A;CL BONN, 4, Es:1 Pl:03 Pt:0A;03503;2389504YH5629S0098JJ;4;2;41.00;27/05/2024;-0.105669;38.532574
CV-VUT0319288-A;CL BONN, 4, Es:1 Pl:05 Pt:0D;03503;2389504YH5629S0117OO;2;1;38.00;07/06/2002;-0.105669;38.532574
CV-VUT0322554-A;CL BONN, 4, Es:1 Pl:06 Pt:0F;03503;2389504YH5629S0127HH;4;2;38.00;14/05/2018;-0.105669;38.532574
CV-VUT0476544-A;CL BONN, 4, Es:1 Pl:10 Pt:0A;03503;2389504YH5629S0154AA;4;2;41.00;07/06/2019;-0.105669;38.532574
CV-VUT0310629-A;CL BONN, 4, Es:1 Pl:11 Pt:0E;03503;2389504YH5629S0166BB;2;1;38.00;12/05/1995;-0.105669;38.532574
CV-VUT0310631-A;CL BONN, 4, Es:1 Pl:11 Pt:0G;03503;2389504YH5629S0168XX;2;1;38.00;12/05/1995;-0.105669;38.532574
CV-VUT0491774-A;CL BONN, 4, Es:1 Pl:12 Pt:0F;03503;2389504YH5629S0175EE;2;1;38.00;05/08/2022;-0.105669;38.532574
CV-VUT0484141-A;CL BONN, 4, Es:1 Pl:13 Pt:0C;03503;2389504YH5629S0180TT;4;2;38.00;12/11/2020;-0.105669;38.532574
CV-VUT0323325-A;CL BONN, 4, Es:1 Pl:14 Pt:0A;03503;2389504YH5629S0186AA;4;2;41.00;06/04/2020;-0.105669;38.532574
CV-VUT0323895-A;CL BONN, 4, Es:1 Pl:15 Pt:0A;03503;2389504YH5629S0194HH;4;2;41.00;23/01/2023;-0.105669;38.532574
CV-VUT0459469-A;CL BONN, 4, Es:1 Pl:16 Pt:0A;03503;2389504YH5629S0202MM;5;3;41.00;25/10/2017;-0.105669;38.532574
CV-VUT0319283-A;CL BONN, 4, Es:1 Pl:16 Pt:0B;03503;2389504YH5629S0203QQ;2;1;38.00;07/06/2002;-0.105669;38.532574
CV-VUT0464305-A;CL BONN, 4, Es:1 Pl:18 Pt:0C;03503;2389504YH5629S0220SS;3;2;38.00;02/03/2018;-0.105669;38.532574
CV-VUT0485148-A;CL BONN, 4, Es:1 Pl:18 Pt:0E;03503;2389504YH5629S0222FF;2;1;38.00;25/02/2021;-0.105669;38.532574
CV-VUT0322488-A;CL BONN, 4, Es:1 Pl:19 Pt:0H;03503;2389504YH5629S0233XX;2;1;41.00;29/03/2018;-0.105669;38.532574
CV-VUT0518502-A;CL BONN, 4, Es:1 Pl:20 Pt:0A;03503;2389504YH5629S0234MM;4;2;41.00;19/09/2025;-0.105669;38.532574
CV-VUT0324137-A;CL BONN, 4, Es:1 Pl:22 Pt:0C;03503;2389504YH5629S0252SS;4;2;38.00;28/11/2023;-0.105669;38.532574
CV-VUT0323358-A;CL BONN, 4, Es:1 Pl:22 Pt:0F;03503;2389504YH5629S0255GG;2;1;38.00;07/07/2020;-0.105669;38.532574
CV-VUT0323896-A;CL BONN, 4, Es:1 Pl:22 Pt:B;03503;2389504YH5629S0251AA;4;2;38.00;25/01/2023;-0.105669;38.532574
CV-VUT0453611-A;CL BUEN PASTOR, 19, Es:1 Pl:+2 Pt:L;03501;9998501YH4699N0043MI;6;3;94.00;14/03/2017;-0.133373;38.540511
CV-VUT0471154-A;CL BUEN PASTOR, 5, Es:1 Pl:02 Pt:00;03501;0099704YH5609N0003DW;5;3;88.00;15/10/2018;-0.132265;38.540545
CV-VUT0324173-A;CL BUEN PASTOR, 7, Es:1 Pl:02 Pt:IZ;03501;0099703YH5609N0006UT;6;3;81.00;02/02/2024;-0.132394;38.540597
CV-VUT0463909-A;CL CARMELA MARTINEZ, 3, Es:1 Pl:01 Pt:01;03501;0293813YH5609S0002QO;4;2;82.00;20/02/2018;-0.130212;38.535189
CV-VUT0463910-A;CL CARMELA MARTINEZ, 3, Es:1 Pl:02 Pt:01;03501;0293813YH5609S0003WP;4;2;82.00;20/02/2018;-0.130212;38.535189
CV-VUT0463911-A;CL CARMELA MARTINEZ, 3, Es:1 Pl:03 Pt:01;03501;0293813YH5609S0004EA;4;2;82.00;20/02/2018;-0.130212;38.535189
CV-VUT0463912-A;CL CARMELA MARTINEZ, 3, Es:1 Pl:04 Pt:01;03501;0293813YH5609S0005RS;4;2;82.00;20/02/2018;-0.130212;38.535189
CV-VUT0316965-A;CL CARMELA MARTINEZ, 6, Es:1 Pl:01 Pt:01;03501;0292410YH5609S0003MP;2;1;33.00;17/06/1998;-0.130278;38.535062
CV-VUT0316959-A;CL CARMELA MARTINEZ, 6, Es:1 Pl:01 Pt:02;03501;0292410YH5609S0004QA;2;1;28.00;17/06/1998;-0.130278;38.535062
CV-VUT0316962-A;CL CARMELA MARTINEZ, 6, Es:1 Pl:01 Pt:03;03501;0292410YH5609S0005WS;2;1;61.00;17/06/1998;-0.130278;38.535062
CV-VUT0316966-A;CL CARMELA MARTINEZ, 6, Es:1 Pl:02 Pt:01;03501;0292410YH5609S0006ED;2;1;33.00;17/06/1998;-0.130278;38.535062
CV-VUT0316960-A;CL CARMELA MARTINEZ, 6, Es:1 Pl:02 Pt:02;03501;0292410YH5609S0007RF;2;1;28.00;17/06/1998;-0.130278;38.535062
CV-VUT0316963-A;CL CARMELA MARTINEZ, 6, Es:1 Pl:02 Pt:03;03501;0292410YH5609S0008TG;2;1;61.00;17/06/1998;-0.130278;38.535062
CV-VUT0316967-A;CL CARMELA MARTINEZ, 6, Es:1 Pl:03 Pt:01;03501;0292410YH5609S0009YH;2;1;33.00;17/06/1998;-0.130278;38.535062
CV-VUT0316961-A;CL CARMELA MARTINEZ, 6, Es:1 Pl:03 Pt:02;03501;0292410YH5609S0010RF;2;1;28.00;17/06/1998;-0.130278;38.535062
CV-VUT0316964-A;CL CARMELA MARTINEZ, 6, Es:1 Pl:03 Pt:03;03501;0292410YH5609S0011TG;2;1;61.00;17/06/1998;-0.130278;38.535062
CV-VUT0491508-A;CL CARRASCO, 2, Es:1 Pl:+2 Pt:JK;03501;0198701YH5609N0030FB;8;4;171.00;22/07/2022;-0.131224;38.539872
CV-VUT0322943-A;CL CONDESTABLE ZARAGOZA, 11, Es:1 Pl:02 Pt:J;03501;0093606YH5609S0056SW;2;1;29.00;27/02/2019;-0.132075;38.535718
CV-VUT0477229-A;CL CONDESTABLE ZARAGOZA, 12, Es:1 Pl:00 Pt:01;03501;0093716YH5609S0002JO;2;1;49.00;04/07/2019;-0.132238;38.535795
CV-VUT0513821-A;CL CONDESTABLE ZARAGOZA, 14, Es:T Pl:OD Pt:OS;03501;0093715YH5609S0001UI;8;4;156.00;20/01/2025;-0.132228;38.535750
CV-VUT0485114-A;CL CONDESTABLE ZARAGOZA, 19, Es:1 Pl:02 Pt:01;03501;0192301YH5609S0003LP;4;2;58.00;24/02/2021;-0.131930;38.535153
CV-VUT0475602-A;CL CONDESTABLE ZARAGOZA, 24, Es:1 Pl:+2 Pt:A;03501;0093710YH5609S0014KK;6;3;78.00;07/05/2019;-0.132163;38.535384
CV-VUT0459856-A;CL CONDESTABLE ZARAGOZA, 3, Es:1 Pl:01 Pt:00;03501;0093602YH5609S0002YO;4;2;86.00;17/11/2017;-0.132144;38.536018
CV-VUT0319564-A;CL CONDESTABLE ZARAGOZA, 3, Es:1 Pl:02 Pt:00;03501;0093602YH5609S0003UP;6;4;86.00;27/03/2003;-0.132144;38.536018
CV-VUT0003514-A;CL CONDESTABLE ZARAGOZA, 32, Es:1 Pl:02 Pt:00;03501;0093706YH5609S0003QP;4;2;91.00;26/10/1993;-0.132110;38.535150
CV-VUT0500806-A;CL CONDESTABLE ZARAGOZA, 36, Es:1 Pl:01 Pt:A;03501;0093704YH5609S0002TO;2;1;47.00;11/08/2023;-0.132083;38.535024
CV-VUT0500807-A;CL CONDESTABLE ZARAGOZA, 36, Es:1 Pl:01 Pt:B;03501;0093704YH5609S0003YP;2;1;43.00;11/08/2023;-0.132083;38.535024
CV-VUT0500808-A;CL CONDESTABLE ZARAGOZA, 36, Es:1 Pl:03 Pt:A;03501;0093704YH5609S0006OD;2;1;47.00;11/08/2023;-0.132083;38.535024
CV-VUT0441877-A;CL CONDESTABLE ZARAGOZA, 38D, Es:T Pl:OD Pt:OS;03501;0093703YH5609S0001KI;2;1;575.00;04/02/2015;-0.132034;38.534981
CV-VUT0459364-A;CL CONDESTABLE ZARAGOZA, 42, Es:T Pl:OD Pt:OS;03501;0093701YH5609S0001MI;6;3;977.00;20/10/2017;-0.132067;38.534825
CV-VUT0498978-A;CL COSTERA DEL BARCO, 4, Es:1 Pl:01 Pt:00;03501;0193706YH5609S0002GO;6;3;76.00;08/06/2023;-0.130824;38.535236
CV-VUT0468442-A;CL COSTERA DEL CAMPO, 13, Es:1 Pl:01 Pt:D;03501;9995209YH4699N0006BY;4;2;63.00;15/06/2018;-0.133758;38.537314
CV-VUT0486160-A;CL COSTERA DEL CAMPO, 13, Es:1 Pl:02 Pt:C;03501;9995209YH4699N0011XI;4;2;87.00;24/05/2021;-0.133758;38.537314
CV-VUT0475824-A;CL COSTERA DEL CAMPO, 13, Es:1 Pl:03 Pt:C;03501;9995209YH4699N0017TF;3;2;87.00;14/05/2019;-0.133758;38.537314
CV-VUT0482592-A;CL COSTERA DEL CAMPO, 13, Es:1 Pl:06 Pt:D;03501;9995209YH4699N0036KR;2;1;63.00;08/07/2020;-0.133758;38.537314
CV-VUT0487379-A;CL COSTERA DEL CAMPO, 15, Es:1 Pl:02 Pt:04;03501;9995208YH4699N0006AY;4;2;72.00;03/09/2021;-0.133645;38.537408
CV-VUT0323282-A;CL COSTERA DEL CAMPO, 15, Es:1 Pl:02 Pt:05;03501;9995208YH4699N0007SU;4;2;72.00;23/01/2020;-0.133645;38.537408
CV-VUT0457136-A;CL COSTERA DEL CAMPO, 4, Es:1 Pl:+1 Pt:01;03501;9995705YH4699S0005ED;6;3;78.00;12/07/2017;-0.133124;38.536885
CV-VUT0457114-A;CL COSTERA DEL CAMPO, 4, Es:1 Pl:01 Pt:01;03501;9995705YH4699S0002MP;2;1;117.00;12/07/2017;-0.133124;38.536885
CV-VUT0457115-A;CL COSTERA DEL CAMPO, 4, Es:1 Pl:01 Pt:01;03501;9995705YH4699S0002MP;4;2;117.00;12/07/2017;-0.133124;38.536885
CV-VUT0457116-A;CL COSTERA DEL CAMPO, 4, Es:1 Pl:02 Pt:01;03501;9995705YH4699S0003QA;2;1;117.00;12/07/2017;-0.133124;38.536885
CV-VUT0457131-A;CL COSTERA DEL CAMPO, 4, Es:1 Pl:02 Pt:01;03501;9995705YH4699S0003QA;4;2;117.00;12/07/2017;-0.133124;38.536885
CV-VUT0457133-A;CL COSTERA DEL CAMPO, 4, Es:1 Pl:03 Pt:01;03501;9995705YH4699S0004WS;2;1;117.00;12/07/2017;-0.133124;38.536885
CV-VUT0457134-A;CL COSTERA DEL CAMPO, 4, Es:1 Pl:03 Pt:01;03501;9995705YH4699S0004WS;4;2;117.00;12/07/2017;-0.133124;38.536885
CV-VUT0462675-A;CL ESCOLES DE LES, 5, Es:1 Pl:02 Pt:D;03501;0198704YH5609N0011TU;8;4;135.00;16/01/2018;-0.130561;38.539725
CV-VUT0458711-A;CL ESCOLES DE LES, 5, Es:1 Pl:03 Pt:D;03501;0198704YH5609N0015OA;6;3;135.00;25/09/2017;-0.130561;38.539725
CV-VUT0480750-A;CL FLUIXA, 1, Es:1 Pl:12 Pt:B;03501;0699305YH5700S0035RM;6;3;69.00;22/01/2020;-0.124597;38.540940
CV-VUT0484619-A;CL FLUIXA, 1, Es:1 Pl:12 Pt:C;03501;0699305YH5700S0036TQ;4;2;64.00;28/12/2020;-0.124597;38.540940
CV-VUT0496222-A;CL FLUIXA, 1, Es:2 Pl:02 Pt:C;03501;0699305YH5700S0044PY;4;2;64.00;17/03/2023;-0.124597;38.540940
CV-VUT0517164-A;CL FLUIXA, 1, Es:2 Pl:11 Pt:A;03501;0699305YH5700S0069YW;6;3;69.00;12/06/2025;-0.124597;38.540940
CV-VUT0520544-A;CL GARDENIAS, 14, Es:1 Pl:00 Pt:A;03501;9896206YH4699N0001QQ;2;1;192.00;11/03/2026;-0.135082;38.538209
CV-VUT0520524-A;CL GARDENIAS, 14, Es:1 Pl:00 Pt:B1;03501;9896206YH4699N1001XX;2;1;59.00;11/03/2026;-0.135082;38.538209
CV-VUT0520543-A;CL GARDENIAS, 14, Es:1 Pl:00 Pt:B2;03501;9896206YH4699N1002MM;2;0;68.00;11/03/2026;-0.135082;38.538209
CV-VUT0482189-A;CL GARDENIAS, 6, Es:1 Pl:03 Pt:D;03501;9896603YH4699N0013XP;6;3;74.00;08/06/2020;-0.134404;38.538244
CV-VUT0506618-A;CL GARDENIAS, 8, Es:1 Pl:02 Pt:E;03501;9896205YH4699N0011XI;4;2;54.00;28/03/2024;-0.134668;38.538276
CV-VUT0505936-A;CL GARITA DE LA, 19, Es:1 Pl:01 Pt:B;03501;9996502YH4699N0004KR;4;2;76.00;04/03/2024;-0.133507;38.538795
CV-VUT0480328-A;CL GARITA DE LA, 3, Es:1 Pl:02 Pt:A;03501;0196802YH5609N0004ME;6;3;95.00;17/12/2019;-0.131578;38.538683
CV-VUT0504477-A;CL GARITA DE LA, 6, Es:1 Pl:00 Pt:01;03501;0197202YH5609N0001QM;4;2;51.00;17/01/2024;-0.131710;38.538819
CV-VUT0517971-A;CL GARITA DE LA, 6, Es:1 Pl:02 Pt:B;03501;0197202YH5609N0006YT;2;1;54.00;31/07/2025;-0.131710;38.538819
CV-VUT0464428-A;CL HERRERIAS, 3, Es:1 Pl:05 Pt:IZ;03501;0396912YH5609N0012PI;8;4;80.00;07/03/2018;-0.129045;38.537213
CV-VUT0488195-A;CL HERRERIAS, 7, Es:1 Pl:05 Pt:IZ;03501;0396910YH5609N0012GI;4;2;73.00;12/01/2022;-0.128878;38.537464
CV-VUT0517569-A;CL INVIERNO, 3, Es:1 Pl:08 Pt:A;03501;0699316YH5700S0104AR;4;2;62.00;06/07/2025;-0.125795;38.541444
CV-VUT0497742-A;CL INVIERNO, 3, Es:1 Pl:18 Pt:C;03501;0699316YH5700S0136AR;2;1;62.00;08/05/2023;-0.125795;38.541444
CV-VUT0450443-A;CL INVIERNO, 7, Es:1 Pl:01 Pt:B;03501;0699314YH5700S0005FW;2;1;45.00;05/10/2016;-0.126839;38.541725
CV-VUT0323202-A;CL INVIERNO, 7, Es:1 Pl:03 Pt:B;03501;0699314YH5700S0020MA;2;1;45.00;02/11/2019;-0.126839;38.541725
CV-VUT0482252-A;CL INVIERNO, 7, Es:1 Pl:05 Pt:B;03501;0699314YH5700S0034AX;1;1;45.00;11/06/2020;-0.126839;38.541725
CV-VUT0323408-A;CL INVIERNO, 7, Es:1 Pl:09 Pt:G;03501;0699314YH5700S0067SM;4;2;60.00;28/08/2020;-0.126839;38.541725
CV-VUT0323196-A;CL INVIERNO, 7, Es:1 Pl:10 Pt:B;03501;0699314YH5700S0069FW;2;1;45.00;29/10/2019;-0.126839;38.541725
CV-VUT0505802-A;CL INVIERNO, 9, Es:1 Pl:01 Pt:0B;03501;0499904YH5700S0060TH;2;1;57.00;27/02/2024;-0.127129;38.541572
CV-VUT0481306-A;CL INVIERNO, 9, Es:1 Pl:09 Pt:0A;03501;0499904YH5700S0091RG;4;2;57.00;21/02/2020;-0.127129;38.541572
CV-VUT0499150-A;CL INVIERNO, 9, Es:1 Pl:09 Pt:0C;03501;0499904YH5700S0093YJ;6;3;57.00;13/06/2023;-0.127129;38.541572
CV-VUT0323928-A;CL JILGUERO, 5, Es:1 Pl:02 Pt:DR;03501;9797506YH4699N0005UT;4;2;58.00;12/03/2023;-0.135446;38.539469
CV-VUT0470447-A;CL LUZ LA, 1, Es:3 Pl:03 Pt:02;03501;9895401YH4699N0067UE;10;5;44.00;29/08/2018;-0.134814;38.537873
CV-VUT0323190-A;CL MARQUES DE COMILLAS, 33, Es:4 Pl:01 Pt:03;03501;9895401YH4699N0087ZJ;6;3;49.00;24/10/2019;-0.134814;38.537873
CV-VUT0484278-A;CL MAJOR, 17, Es:1 Pl:02 Pt:01;03501;0292203YH5609S0003WP;4;2;63.00;23/11/2020;-0.130656;38.534528
CV-VUT0517365-A;CL MAJOR, 21, Es:1 Pl:+1 Pt:00;03501;0292201YH5609S0008SG;4;3;65.00;17/06/2025;-0.130720;38.534404
CV-VUT0488247-A;CL MAJOR, 24, Es:1 Pl:02 Pt:01;03501;0292314YH5609S0004PA;8;4;86.00;17/01/2022;-0.130880;38.534562
CV-VUT0323618-A;CL MARAVALL, 1, Bloque:4 Es:1 Pl:03 Pt:A;03501;9795305YH4699N0022FH;8;4;119.00;24/02/2022;-0.136084;38.537514
CV-VUT0470355-A;CL MARAVALL, 1, Bloque:5 Es:1 Pl:+1 Pt:B;03501;9795306YH4699N0018XG;6;3;155.00;21/08/2018;-0.136129;38.537287
CV-VUT0462864-A;CL MARAVALL, 1, Bloque:5 Es:1 Pl:+1 Pt:C;03501;9795306YH4699N0019MH;6;3;132.00;23/01/2018;-0.136129;38.537287
CV-VUT0447125-A;CL MARAVALL, 1, Bloque:7 Es:1 Pl:+1 Pt:A;03501;9795308YH4699S0015FB;6;3;180.00;25/04/2016;-0.136460;38.537297
CV-VUT0323964-A;CL MARAVALL, 1, Bloque:8 Es:1 Pl:+1 Pt:C;03501;9795309YH4699N0037HT;6;3;95.00;12/04/2023;-0.136565;38.537514
CV-VUT0470446-A;CL MARAVALL, 1, Bloque:9 Es:1 Pl:02 Pt:B;03501;9795310YH4699N0025SL;6;3;80.00;29/08/2018;-0.136598;38.537590
CV-VUT0322536-A;CL MARAVALL, 1, Bloque:9 Es:1 Pl:04 Pt:B;03501;9795310YH4699N0031GX;4;2;80.00;09/05/2018;-0.136598;38.537590
CV-VUT0494629-A;CL MARAVALL, 1, Bloque:9 Es:1 Pl:05 Pt:B;03501;9795310YH4699N0034KW;6;3;80.00;23/01/2023;-0.136598;38.537590
CV-VUT0520634-A;CL MARAVALL, 11, Es:1 Pl:02 Pt:D;03501;9796504YH4699N0013SP;6;3;72.00;20/03/2026;-0.135511;38.538774
CV-VUT0460265-A;CL MARAVALL, 14, Es:1 Pl:+1 Pt:08;03501;9896407YH4699N0011WI;6;3;64.00;24/11/2017;-0.135003;38.539025
CV-VUT0322905-A;CL MARAVALL, 19, Es:1 Pl:02 Pt:04;03501;9897312YH4699N0006LY;6;3;76.00;20/07/2018;-0.134971;38.539320
CV-VUT0479179-A;CL MARAVALL, 21, Es:1 Pl:00 Pt:01;03501;9897313YH4699N0001MQ;2;1;110.00;18/10/2019;-0.134854;38.539422
CV-VUT0476581-A;CL MARAVALL, 21, Es:1 Pl:01 Pt:01;03501;9897313YH4699N0002QW;3;2;64.00;10/06/2019;-0.134854;38.539422
CV-VUT0498951-A;CL MARAVALL, 21, Es:1 Pl:02 Pt:03;03501;9897313YH4699N0004ER;4;2;64.00;16/05/2023;-0.134854;38.539422
CV-VUT0498577-A;CL MARAVALL, 21, Es:1 Pl:03 Pt:05;03501;9897313YH4699N0006TY;4;2;64.00;29/05/2023;-0.134854;38.539422
CV-VUT0322603-A;CL MARAVALL, 27, Es:1 Pl:02 Pt:DR;03501;9898802YH4699N0005ET;6;3;76.00;28/05/2018;-0.134420;38.539860
CV-VUT0481605-A;CL MARAVALL, 31, Es:1 Pl:02 Pt:A;03501;9998302YH4699N0024AK;6;3;84.00;11/03/2020;-0.133987;38.540300
CV-VUT0500967-A;CL MARAVALL, 32, Es:1 Pl:01 Pt:03;03501;9999704YH4699N0008JI;4;2;72.00;21/08/2023;-0.133201;38.540766
CV-VUT0516485-A;CL MARAVALL, 32, Es:1 Pl:01 Pt:04;03501;9999704YH4699N0009KO;4;2;72.00;14/05/2025;-0.133201;38.540766
CV-VUT0324124-A;CL MARAVALL, 32, Es:1 Pl:05 Pt:03;03501;9999704YH4699N0024RK;4;2;72.00;10/11/2023;-0.133201;38.540766
CV-VUT0479189-A;CL MARAVALL, 33, Es:1 Pl:01 Pt:08;03501;9998301YH4699N0017ZF;6;3;83.00;21/10/2019;-0.133688;38.540604
CV-VUT0323902-A;CL MARAVALL, 5, Es:1 Pl:06 Pt:05;03501;9796501YH4699N0053DG;4;2;97.00;02/02/2023;-0.135908;38.538457
CV-VUT0465597-A;CL MARAVALL, 7, Es:1 Pl:02 Pt:C;03501;9796502YH4699N0014KA;6;3;74.00;17/04/2018;-0.135678;38.538502
CV-VUT0461441-A;CL MARAVALL, 7, Es:1 Pl:03 Pt:E;03501;9796502YH4699N0022MH;4;2;56.00;18/12/2017;-0.135678;38.538502
CV-VUT0323545-A;CL MARAVALL, 7, Es:1 Pl:03 Pt:F;03501;9796502YH4699N0023QJ;2;1;74.00;09/09/2021;-0.135678;38.538502
CV-VUT0496744-A;CL MARAVALL, 7, Es:1 Pl:04 Pt:F;03501;9796502YH4699N0029UM;6;3;74.00;31/03/2023;-0.135678;38.538502
CV-VUT0521711-A;CL MARQUES DE COMILLAS, 20, Es:1 Pl:02 Pt:DR;03501;9896704YH4699N0006IY;5;3;72.00;29/05/2026;-0.134301;38.537969
CV-VUT0493114-A;CL MARQUES DE COMILLAS, 24, Es:1 Pl:02 Pt:DR;03501;9896702YH4699N0005ST;6;3;74.00;28/10/2022;-0.134698;38.538035
CV-VUT0520090-A;CL MARQUES DE COMILLAS, 37, Es:1 Pl:-2 Pt:06;03501;9795501YH4699N0006XY;2;1;52.00;03/02/2026;-0.135579;38.537969
CV-VUT0517752-A;CL MARQUES DE COMILLAS, 37, Es:1 Pl:-2 Pt:07;03501;9795501YH4699N0007MU;2;0;61.00;09/06/2025;-0.135579;38.537969
CV-VUT0512967-A;CL MARQUES DE COMILLAS, 37, Es:1 Pl:-2 Pt:11;03501;9795501YH4699N0009WO;4;2;139.00;27/11/2024;-0.135579;38.537969
CV-VUT0463303-A;CL MARQUES DE COMILLAS, 37, Es:1 Pl:02 Pt:05;03501;9795501YH4699N0037ZT;6;3;89.00;01/02/2018;-0.135579;38.537969
CV-VUT0458634-A;CL MARQUES DE COMILLAS, 37, Es:1 Pl:05 Pt:02;03501;9795501YH4699N0076WO;6;3;75.00;21/09/2017;-0.135579;38.537969
CV-VUT0323331-A;CL MARQUES DE COMILLAS, 37, Es:1 Pl:06 Pt:10;03501;9795501YH4699N0096HM;4;2;73.00;22/05/2020;-0.135579;38.537969
CV-VUT0489552-A;CL MARQUES DE COMILLAS, 39, Es:1 Pl:+1 Pt:I;03501;9795301YH4699N0125UX;2;1;51.00;19/04/2022;-0.136145;38.538143
CV-VUT0506762-A;CL MARQUES DE COMILLAS, 39, Es:1 Pl:+2 Pt:C;03501;9795301YH4699N0132AE;2;1;52.00;02/04/2024;-0.136145;38.538143
CV-VUT0324138-A;CL MARQUES DE COMILLAS, 39, Es:1 Pl:-2 Pt:03;03501;9795301YH4699N0007GU;4;2;61.00;28/11/2023;-0.136145;38.538143
CV-VUT0495082-A;CL MARQUES DE COMILLAS, 39, Es:1 Pl:02 Pt:C;03501;9795301YH4699N0074GU;2;1;25.00;10/02/2023;-0.136145;38.538143
CV-VUT0465983-A;CL MARQUES DE COMILLAS, 39, Es:1 Pl:02 Pt:F;03501;9795301YH4699N0077KP;2;1;25.00;25/04/2018;-0.136145;38.538143
CV-VUT0481795-A;CL MARQUES DE COMILLAS, 39, Es:1 Pl:02 Pt:K;03501;9795301YH4699N0082BS;2;1;51.00;13/04/2020;-0.136145;38.538143
CV-VUT0321720-A;CL MARQUES DE COMILLAS, 39, Es:1 Pl:02 Pt:M;03501;9795301YH4699N0084XF;2;1;34.00;05/03/2015;-0.136145;38.538143
CV-VUT0489710-A;CL MARQUES DE COMILLAS, 39, Es:1 Pl:04 Pt:E;03501;9795301YH4699N0106JO;2;1;50.00;02/05/2022;-0.136145;38.538143
CV-VUT0466521-A;CL MARQUES DE COMILLAS, 4, Es:1 Pl:00 Pt:03;03501;9996710YH4699N0003QE;2;1;76.00;10/05/2018;-0.132884;38.537706
CV-VUT0480757-A;CL MARQUES DE COMILLAS, 4, Es:1 Pl:01 Pt:12;03501;9996710YH4699N0012UO;8;4;75.00;22/01/2020;-0.132884;38.537706
CV-VUT0492551-A;CL MARQUES DE COMILLAS, 4, Es:1 Pl:02 Pt:18;03501;9996710YH4699N0018DG;6;3;75.00;03/10/2022;-0.132884;38.537706
CV-VUT0493113-A;CL MARQUES DE COMILLAS, 7, Es:1 Pl:01 Pt:DR;03501;9995602YH4699N0003HE;6;3;103.00;28/10/2022;-0.133311;38.537592
CV-VUT0462972-A;CL MARQUES DE COMILLAS, 7, Es:1 Pl:02 Pt:IZ;03501;9995602YH4699N0006LY;4;2;103.00;24/01/2018;-0.133311;38.537592
CV-VUT0462970-A;CL MARQUES DE COMILLAS, 7, Es:1 Pl:05 Pt:DR;03501;9995602YH4699N0011ZI;4;2;92.00;24/01/2018;-0.133311;38.537592
CV-VUT0487377-A;CL MARTINEZ ORIOLA, 4, Es:T Pl:OD Pt:OS;03501;0194703YH5609S0001GI;6;3;216.00;03/09/2021;-0.131038;38.536132
CV-VUT0322039-A;CL MERCAT, 10, Es:T Pl:OD Pt:OS;03501;0095506YH5609N0001QM;2;1;2.315.00;01/11/2016;-0.132129;38.537319
CV-VUT0322040-A;CL MERCAT, 10, Es:T Pl:OD Pt:OS;03501;0095506YH5609N0001QM;2;1;2.315.00;01/11/2016;-0.132129;38.537319
CV-VUT0322045-A;CL MERCAT, 10, Es:T Pl:OD Pt:OS;03501;0095506YH5609N0001QM;2;1;2.315.00;01/11/2016;-0.132129;38.537319
CV-VUT0322048-A;CL MERCAT, 10, Es:T Pl:OD Pt:OS;03501;0095506YH5609N0001QM;2;1;2.315.00;01/11/2016;-0.132129;38.537319
CV-VUT0322050-A;CL MERCAT, 10, Es:T Pl:OD Pt:OS;03501;0095506YH5609N0001QM;2;1;2.315.00;01/11/2016;-0.132129;38.537319
CV-VUT0322053-A;CL MERCAT, 10, Es:T Pl:OD Pt:OS;03501;0095506YH5609N0001QM;2;1;2.315.00;01/11/2016;-0.132129;38.537319
CV-VUT0449472-A;CL MERCAT, 10, Es:T Pl:OD Pt:OS;03501;0095506YH5609N0001QM;2;1;2.315.00;09/08/2016;-0.132129;38.537319
CV-VUT0448286-A;CL MERCAT, 10, Es:T Pl:OD Pt:OS;03501;0095506YH5609N0001QM;2;1;2.315.00;17/06/2016;-0.132129;38.537319
CV-VUT0322041-A;CL MERCAT, 10, Es:T Pl:OD Pt:OS;03501;0095506YH5609N0001QM;4;2;2.315.00;01/11/2016;-0.132129;38.537319
CV-VUT0322042-A;CL MERCAT, 10, Es:T Pl:OD Pt:OS;03501;0095506YH5609N0001QM;4;2;2.315.00;01/11/2016;-0.132129;38.537319
CV-VUT0322043-A;CL MERCAT, 10, Es:T Pl:OD Pt:OS;03501;0095506YH5609N0001QM;4;2;2.315.00;01/11/2016;-0.132129;38.537319
CV-VUT0322044-A;CL MERCAT, 10, Es:T Pl:OD Pt:OS;03501;0095506YH5609N0001QM;4;2;2.315.00;01/11/2016;-0.132129;38.537319
CV-VUT0322046-A;CL MERCAT, 10, Es:T Pl:OD Pt:OS;03501;0095506YH5609N0001QM;4;2;2.315.00;01/11/2016;-0.132129;38.537319
CV-VUT0322047-A;CL MERCAT, 10, Es:T Pl:OD Pt:OS;03501;0095506YH5609N0001QM;4;2;2.315.00;01/11/2016;-0.132129;38.537319
CV-VUT0322049-A;CL MERCAT, 10, Es:T Pl:OD Pt:OS;03501;0095506YH5609N0001QM;4;2;2.315.00;01/11/2016;-0.132129;38.537319
CV-VUT0322051-A;CL MERCAT, 10, Es:T Pl:OD Pt:OS;03501;0095506YH5609N0001QM;4;2;2.315.00;01/11/2016;-0.132129;38.537319
CV-VUT0322052-A;CL MERCAT, 10, Es:T Pl:OD Pt:OS;03501;0095506YH5609N0001QM;4;2;2.315.00;01/11/2016;-0.132129;38.537319
CV-VUT0449468-A;CL MERCAT, 10, Es:T Pl:OD Pt:OS;03501;0095506YH5609N0001QM;4;2;2.315.00;09/08/2016;-0.132129;38.537319
CV-VUT0449473-A;CL MERCAT, 10, Es:T Pl:OD Pt:OS;03501;0095506YH5609N0001QM;4;2;2.315.00;09/08/2016;-0.132129;38.537319
CV-VUT0449474-A;CL MERCAT, 10, Es:T Pl:OD Pt:OS;03501;0095506YH5609N0001QM;4;2;2.315.00;09/08/2016;-0.132129;38.537319
CV-VUT0449475-A;CL MERCAT, 10, Es:T Pl:OD Pt:OS;03501;0095506YH5609N0001QM;4;2;2.315.00;09/08/2016;-0.132129;38.537319
CV-VUT0448285-A;CL MERCAT, 10, Es:T Pl:OD Pt:OS;03501;0095506YH5609N0001QM;4;2;2.315.00;17/06/2016;-0.132129;38.537319
CV-VUT0448287-A;CL MERCAT, 10, Es:T Pl:OD Pt:OS;03501;0095506YH5609N0001QM;4;2;2.315.00;17/06/2016;-0.132129;38.537319
CV-VUT0458850-A;CL MERCAT, 18, Es:1 Pl:01 Pt:C;03501;9995607YH4699N0006KY;6;3;78.00;28/09/2017;-0.133354;38.537434
CV-VUT0324258-A;CL MERCAT, 18, Es:1 Pl:04 Pt:A;03501;9995607YH4699N0016WD;6;3;78.00;09/04/2024;-0.133354;38.537434
CV-VUT0518556-A;CL MERCAT, 6, Es:1 Pl:01 Pt:B;03501;0095504YH5609N0004OE;6;3;86.00;24/09/2025;-0.131896;38.537264
CV-VUT0484065-A;CL MERCAT, 8, Es:1 Pl:04 Pt:00;03501;0095505YH5609N0005LR;6;3;96.00;02/11/2020;-0.132002;38.537286
CV-VUT0476576-A;CL METGE DON COSME BAYONA, 4, Es:T Pl:OD Pt:OS;03501;0292206YH5609S0001RI;2;1;471.00;10/06/2019;-0.130524;38.534687
CV-VUT0449417-A;CL METGE DON COSME BAYONA, 5, Es:1 Pl:02 Pt:C;03501;0292903YH5609S0011SG;6;3;139.00;08/08/2016;-0.130396;38.534502
CV-VUT0323160-A;CL METGE DON COSME BAYONA, 5, Es:1 Pl:03 Pt:C;03501;0292903YH5609S0015HL;6;3;139.00;19/10/2019;-0.130396;38.534502
CV-VUT0495095-A;CL METGE DON COSME BAYONA, 5, Es:1 Pl:05 Pt:M;03501;0292903YH5609S0023ZQ;4;2;131.00;10/02/2023;-0.130396;38.534502
CV-VUT0445191-A;CL METGE DON COSME BAYONA, 5, Es:1 Pl:06 Pt:D;03501;0292903YH5609S0028EY;4;2;85.00;04/01/2016;-0.130396;38.534502
CV-VUT0484620-A;CL METGE PEREZ MARTORELL, 10, Es:1 Pl:+2 Pt:A;03501;0293505YH5609S0020WZ;4;2;112.00;28/12/2020;-0.129606;38.535483
CV-VUT0514588-A;CL METGE PEREZ MARTORELL, 10, Es:1 Pl:01 Pt:C;03501;0293505YH5609S0005HS;6;3;112.00;01/03/2025;-0.129606;38.535483
CV-VUT0322438-A;CL METGE PEREZ MARTORELL, 10, Es:1 Pl:03 Pt:C;03501;0293505YH5609S0011LG;6;3;112.00;27/02/2018;-0.129606;38.535483
CV-VUT0319062-A;CL METGE PEREZ MARTORELL, 10, Es:1 Pl:04 Pt:A;03501;0293505YH5609S0012BH;4;3;112.00;09/07/2001;-0.129606;38.535483
CV-VUT0517848-A;CL METGE PEREZ MARTORELL, 10, Es:1 Pl:05 Pt:A;03501;0293505YH5609S0015ML;4;2;112.00;10/07/2025;-0.129606;38.535483
CV-VUT0459739-A;CL METGE PEREZ MARTORELL, 11, Es:1 Pl:+1 Pt:00;03501;2934704YH5609S0012FH;8;4;94.00;09/11/2017;-0.129629;38.535266
CV-VUT0484602-A;CL METGE PEREZ MARTORELL, 15, Es:1 Pl:+1 Pt:B;03501;2934702YH5609S0018WX;4;2;79.00;28/12/2020;-0.129913;38.535119
CV-VUT0505737-A;CL METGE PEREZ MARTORELL, 15, Es:1 Pl:04 Pt:10;03501;2934702YH5609S0014ZK;4;2;62.00;26/02/2024;-0.129913;38.535119
CV-VUT0323521-A;CL METGE PEREZ MARTORELL, 15, Es:1 Pl:04 Pt:11;03501;2934702YH5609S0015XL;2;1;37.00;21/06/2021;-0.129913;38.535119
CV-VUT0486626-A;CL METGE PEREZ MARTORELL, 15, Es:1 Pl:04 Pt:12;03501;2934702YH5609S0016MB;6;3;84.00;18/06/2021;-0.129913;38.535119
CV-VUT0322514-A;CL METGE PEREZ MARTORELL, 18, Es:1 Pl:01 Pt:DR;03501;0293810YH5609S0002BO;6;3;82.00;29/05/2017;-0.130058;38.535254
CV-VUT0322680-A;CL METGE PEREZ MARTORELL, 18, Es:1 Pl:03 Pt:DR;03501;0293810YH5609S0006QD;5;3;82.00;15/06/2018;-0.130058;38.535254
CV-VUT0322894-A;CL METGE PEREZ MARTORELL, 18, Es:1 Pl:06 Pt:DR;03501;0293810YH5609S0012RH;4;2;66.00;17/09/2018;-0.130058;38.535254
CV-VUT0323973-A;CL MIRADOR, 2, Es:1 Pl:02 Pt:C;03501;0699310YH5609N0011RU;4;2;39.00;09/05/2023;-0.125920;38.539830
CV-VUT0467773-A;CL MIRADOR, 5, Es:1 Pl:01 Pt:O;03501;0499905YH5609N0015UA;2;1;22.00;04/06/2018;-0.127110;38.540911
CV-VUT0323711-A;CL MIRADOR, 5, Es:1 Pl:02 Pt:C;03501;0499905YH5609N0020OD;;0;22.00;14/06/2022;-0.127110;38.540911
CV-VUT0323549-A;CL MIRADOR, 5, Es:1 Pl:05 Pt:B;03501;0499905YH5609N0063JZ;2;1;47.00;08/10/2021;-0.127110;38.540911
CV-VUT0458826-A;CL MIRADOR, 5, Es:1 Pl:07 Pt:B;03501;0499905YH5609N0083IS;2;1;47.00;27/09/2017;-0.127110;38.540911
CV-VUT0324077-A;CL MIRADOR, 5, Es:1 Pl:08 Pt:D;03501;0499905YH5609N0096KX;2;1;47.00;05/10/2023;-0.127110;38.540911
CV-VUT0522951-A;CL MIRADOR, 5, Es:1 Pl:09 Pt:A;03501;0499905YH5609N0101XE;4;2;73.00;01/10/2026;-0.127110;38.540911
CV-VUT0323682-A;CL MIRADOR, 5, Es:1 Pl:10 Pt:IJ;03501;0499905YH5609N0111YP;6;3;92.00;27/04/2022;-0.127110;38.540911
CV-VUT0322225-A;CL MIRADOR, 5, Es:1 Pl:12 Pt:A;03501;0499905YH5609N0130LM;4;3;73.00;04/07/2017;-0.127110;38.540911
CV-VUT0459836-A;CL MIRADOR, 5, Es:1 Pl:13 Pt:C;03501;0499905YH5609N0142TO;2;1;47.00;15/11/2017;-0.127110;38.540911
CV-VUT0475983-A;CL MIRADOR, 5, Es:1 Pl:14 Pt:B;03501;0499905YH5609N0151AG;4;2;47.00;20/05/2019;-0.127110;38.540911
CV-VUT0480018-A;CL MIRADOR, 5, Es:1 Pl:15 Pt:A;03501;0499905YH5609N0160JZ;4;2;73.00;28/11/2019;-0.127110;38.540911
CV-VUT0323949-A;CL MIRADOR, 5, Es:1 Pl:15 Pt:E;03501;0499905YH5609N0164ZW;2;1;47.00;28/03/2023;-0.127110;38.540911
CV-VUT0491032-A;CL MIRADOR, 5, Es:1 Pl:16 Pt:A;03501;0499905YH5609N0170QT;4;2;73.00;27/06/2022;-0.127110;38.540911
CV-VUT0323007-A;CL MIRADOR, 5, Es:1 Pl:17 Pt:H;03501;0499905YH5609N0187GL;2;1;47.00;15/05/2019;-0.127110;38.540911
CV-VUT0465604-A;CL MIRADOR, 5, Es:1 Pl:20 Pt:D;03501;0499905YH5609N0213AG;2;1;47.00;17/04/2018;-0.127110;38.540911
CV-VUT0448298-A;CL MIRADOR, 5, Es:1 Pl:20 Pt:E;03501;0499905YH5609N0214SH;4;2;47.00;17/06/2016;-0.127110;38.540911
CV-VUT0518120-A;CL MIRADOR, 5, Es:1 Pl:21 Pt:A;03501;0499905YH5609N0220GL;4;2;73.00;12/08/2025;-0.127110;38.540911
CV-VUT0483920-A;CL MIRADOR, 5, Es:1 Pl:21 Pt:H;03501;0499905YH5609N0227XE;2;1;47.00;27/10/2020;-0.127110;38.540911
CV-VUT0506811-A;CL MIRADOR, 6, Es:1 Pl:00 Pt:02;03501;0699312YH5609N0007ZY;2;0;26.00;04/03/2024;-0.126124;38.541099
CV-VUT0497507-A;CL MIRADOR, 6, Es:1 Pl:08 Pt:E;03501;0699312YH5609N0123AL;2;1;57.00;02/05/2023;-0.126124;38.541099
CV-VUT0488712-A;CL MIRADOR, 6, Es:1 Pl:17 Pt:F;03501;0699312YH5609N0187AL;2;1;57.00;23/02/2022;-0.126124;38.541099
CV-VUT0514419-A;CL MOLI, 12, Es:1 Pl:01 Pt:B;03501;0295205YH5609N0008JU;2;1;38.00;21/02/2025;-0.130266;38.537408
CV-VUT0514423-A;CL MOLI, 12, Es:1 Pl:03 Pt:A;03501;0295205YH5609N0011JU;2;1;44.00;21/02/2025;-0.130266;38.537408
CV-VUT0514421-A;CL MOLI, 12, Es:1 Pl:03 Pt:B;03501;0295205YH5609N0012KI;2;1;38.00;21/02/2025;-0.130266;38.537408
CV-VUT0522458-A;CL MOLI, 2, Es:1 Pl:04 Pt:B;03501;0295201YH5609N0027JB;2;1;52.00;06/08/2026;-0.130681;38.537380
CV-VUT0447861-A;CL MOLI, 8, Es:1 Pl:01 Pt:A;03501;0295203YH5609N0003JW;4;2;76.00;01/06/2016;-0.130408;38.537431
CV-VUT0514366-A;CL MOLI, 9, Es:1 Pl:01 Pt:B;03501;0295314YH5609N0002MQ;2;1;54.00;19/02/2025;-0.130363;38.537547
CV-VUT0514374-A;CL MOLI, 9, Es:1 Pl:01 Pt:C;03501;0295314YH5609N0003QW;2;1;55.00;20/02/2025;-0.130363;38.537547
CV-VUT0514377-A;CL MOLI, 9, Es:1 Pl:02 Pt:B;03501;0295314YH5609N0004WE;2;1;54.00;20/02/2025;-0.130363;38.537547
CV-VUT0514381-A;CL MOLI, 9, Es:1 Pl:02 Pt:C;03501;0295314YH5609N0005ER;2;1;55.00;20/02/2025;-0.130363;38.537547
CV-VUT0514171-A;CL MOLI, 9, Es:1 Pl:03 Pt:B;03501;0295314YH5609N0006RT;2;1;54.00;20/02/2025;-0.130363;38.537547
CV-VUT0514192-A;CL MOLI, 9, Es:1 Pl:03 Pt:C;03501;0295314YH5609N0007TY;2;1;55.00;20/02/2025;-0.130363;38.537547
CV-VUT0520765-A;CL NARANJOS LOS, 11;03501;0296108YH5609N0001GM;4;2;94.00;30/03/2026;-0.130409;38.538549
CV-VUT0478581-A;CL PAL, 8, Es:1 Pl:02 Pt:A;03501;0393404YH5609S0002GO;2;1;45.00;13/09/2019;-0.128764;38.536196
CV-VUT0478582-A;CL PAL, 8, Es:1 Pl:02 Pt:B;03501;0393404YH5609S0003HP;2;1;46.00;13/09/2019;-0.128764;38.536196
CV-VUT0478583-A;CL PAL, 8, Es:1 Pl:02 Pt:C;03501;0393404YH5609S0004JA;2;1;48.00;13/09/2019;-0.128764;38.536196
CV-VUT0478584-A;CL PAL, 8, Es:1 Pl:03 Pt:A;03501;0393404YH5609S0006LD;2;1;45.00;13/09/2019;-0.128764;38.536196
CV-VUT0478585-A;CL PAL, 8, Es:1 Pl:03 Pt:B;03501;0393404YH5609S0007BF;2;1;46.00;13/09/2019;-0.128764;38.536196
CV-VUT0518210-A;CL PAL, 8, Es:1 Pl:04 Pt:B;03501;0393404YH5609S0011ZG;3;2;46.00;22/08/2025;-0.128764;38.536196
CV-VUT0518327-A;CL PAL, 8, Es:1 Pl:04 Pt:C;03501;0393404YH5609S0012XH;1;1;48.00;22/08/2025;-0.128764;38.536196
CV-VUT0518341-A;CL PAL, 8, Es:1 Pl:04 Pt:D;03501;0393404YH5609S0013MJ;1;1;51.00;22/08/2025;-0.128764;38.536196
CV-VUT0513171-A;CL PAL, 8, Es:1 Pl:05 Pt:B;03501;0393404YH5609S0015WL;4;2;42.00;07/12/2024;-0.128764;38.536196
CV-VUT0494818-A;CL PAL, 9, Es:1 Pl:02 Pt:00;03501;0394106YH5609S0003RP;6;3;103.00;01/02/2023;-0.129246;38.536129
CV-VUT0522723-A;CL PALANGRE, 6, Es:1 Pl:01 Pt:02;03501;0295317YH5609N0005UR;2;1;68.00;11/09/2026;-0.130571;38.537653
CV-VUT0323745-A;CL PALANGRE, 6, Es:1 Pl:02 Pt:01;03501;0295317YH5609N0006IT;4;2;77.00;19/07/2022;-0.130571;38.537653
CV-VUT0480784-A;CL PALMA LA, 11, Es:1 Pl:02 Pt:00;03501;0295212YH5609N0003WW;5;3;99.00;22/01/2020;-0.130054;38.537037
CV-VUT0458926-A;CL PALMA LA, 16, Es:T Pl:OD Pt:OS;03501;0295629YH5609N0001RM;8;4;142.00;02/10/2017;-0.129914;38.537075
CV-VUT0322570-A;CL PALMA LA, 30, Es:1 Pl:00 Pt:00;03501;0295636YH5609N0001JM;;0;74.00;17/05/2018;-0.130008;38.537371
CV-VUT0322569-A;CL PALMA LA, 30, Es:1 Pl:01 Pt:00;03501;0295636YH5609N0002KQ;2;1;74.00;17/05/2018;-0.130008;38.537371
CV-VUT0483754-A;CL PALMA LA, 37, Es:1 Pl:01 Pt:A;03501;0196708YH5609N0006YT;6;3;77.00;19/10/2020;-0.130369;38.537933
CV-VUT0513128-A;CL PALMA LA, 46, Es:1 Pl:01 Pt:00;03501;0296804YH5609N0002IQ;4;2;103.00;04/12/2024;-0.130221;38.538007
CV-VUT0483134-A;CL PALMA LA, 6, Es:T Pl:OD Pt:OS;03501;0295624YH5609S0001TI;12;6;211.00;03/09/2020;-0.129826;38.536811
CV-VUT0520414-A;CL PALMA LA, 60, Es:1 Pl:01 Pt:00;03501;0296110YH5609N0002UQ;4;2;58.00;04/03/2026;-0.130465;38.538635
CV-VUT0324100-A;CL PARRA LA, 3, Es:1 Pl:01 Pt:C;03501;0197604YH5609N0010KY;6;3;97.00;13/10/2023;-0.130765;38.538776
CV-VUT0483697-A;CL PERDIZ, 1, Es:1 Pl:03 Pt:IZ;03501;9900804YH4790S0008YY;6;3;77.00;16/10/2020;-0.133370;38.541547
CV-VUT0323191-A;CL PESCADORS, 2, Es:T Pl:OD Pt:OS;03501;9995211YH4699N0001YQ;10;5;226.00;28/10/2019;-0.133591;38.537145
CV-VUT0478131-A;CL PESCADORS, 30, Es:1 Pl:01 Pt:00;03501;9895905YH4699N0002HW;4;2;74.00;07/08/2019;-0.134775;38.537453
CV-VUT0322430-A;CL PESCADORS, 30, Es:1 Pl:03 Pt:00;03501;9895905YH4699N0004KR;4;2;74.00;29/11/2017;-0.134775;38.537453
CV-VUT0323876-A;CL PESCADORS, 30, Es:1 Pl:04 Pt:00;03501;9895905YH4699N0005LT;4;2;74.00;14/12/2022;-0.134775;38.537453
CV-VUT0322975-A;CL PESCADORS, 34, Es:1 Pl:03 Pt:B;03501;9895903YH4699N0007EU;6;3;80.00;23/04/2019;-0.134931;38.537472
CV-VUT0511206-A;CL PESCADORS, 8, Es:T Pl:OD Pt:OS;03501;9995214YH4699N0001PQ;6;3;169.00;05/09/2024;-0.133783;38.537160
CV-VUT0476674-A;CL PINO DEL, 3, Es:T Pl:OD Pt:OS;03501;0199904YH5609N0001AM;12;6;242.00;12/06/2019;-0.131210;38.540750
CV-VUT0495132-A;CL PINTOR LOZANO, 8, Es:2 Pl:02 Pt:B;03501;0293502YH5609S0009HH;5;3;108.00;13/02/2023;-0.129773;38.535725
CV-VUT0454750-A;CL PINTOR LOZANO, 8, Es:2 Pl:04 Pt:01;03501;0293502YH5609S0011GG;4;2;52.00;26/04/2017;-0.129773;38.535725
CV-VUT0323877-A;CL PIPA DE LA, 1, Es:1 Pl:01 Pt:B;03501;0699311YH5609N0005PR;2;1;46.00;14/12/2022;-0.126114;38.540740
CV-VUT0515411-A;CL PIPA DE LA, 1, Es:1 Pl:03 Pt:A;03501;0699311YH5609N0016KS;2;1;46.00;27/03/2025;-0.126114;38.540740
CV-VUT0461882-A;CL PIPA DE LA, 1, Es:1 Pl:03 Pt:B;03501;0699311YH5609N0017LD;2;1;46.00;26/12/2017;-0.126114;38.540740
CV-VUT0450740-A;CL PIPA DE LA, 1, Es:1 Pl:03 Pt:C;03501;0699311YH5609N0018BF;3;2;46.00;20/10/2016;-0.126114;38.540740
CV-VUT0032517-A;CL PIPA DE LA, 1, Es:1 Pl:05 Pt:E;03501;0699311YH5609N0032TX;4;2;46.00;25/10/1993;-0.126114;38.540740
CV-VUT0505151-A;CL PIPA DE LA, 1, Es:1 Pl:08 Pt:D;03501;0699311YH5609N0049LD;4;2;46.00;07/02/2024;-0.126114;38.540740
CV-VUT0461880-A;CL PIPA DE LA, 1, Es:1 Pl:10 Pt:D;03501;0699311YH5609N0061WL;2;1;46.00;26/12/2017;-0.126114;38.540740
CV-VUT0472013-A;CL PIPA DE LA, 1, Es:1 Pl:12 Pt:C;03501;0699311YH5609N0072PR;4;2;46.00;20/11/2018;-0.126114;38.540740
CV-VUT0457529-A;CL PIPA DE LA, 1, Es:1 Pl:13 Pt:E;03501;0699311YH5609N0080GO;2;1;46.00;26/07/2017;-0.126114;38.540740
CV-VUT0486290-A;CL PRIMAVERA, 18, Es:1 Pl:13 Pt:0A;03501;0301609YH5700S0070BM;4;2;59.00;31/05/2021;-0.129336;38.542479
CV-VUT0321799-A;CL PRIMAVERA, 2, Es:1 Pl:02 Pt:D;03501;0497412YH5609N0015DA;2;1;47.00;07/08/2015;-0.126947;38.539283
CV-VUT0321798-A;CL PRIMAVERA, 2, Es:1 Pl:02 Pt:E;03501;0497412YH5609N0016FS;2;1;47.00;07/08/2015;-0.126947;38.539283
CV-VUT0514495-A;CL PRIMAVERA, 2, Es:1 Pl:10 Pt:C;03501;0497412YH5609N0062XB;2;1;47.00;25/02/2025;-0.126947;38.539283
CV-VUT0483438-A;CL PRIMAVERA, 2, Es:1 Pl:13 Pt:E;03501;0497412YH5609N0082DA;2;1;47.00;02/10/2020;-0.126947;38.539283
CV-VUT0455564-A;CL PRIMAVERA, 8, Es:1 Pl:10 Pt:C;03501;0499912YH5609N0046LP;4;2;121.00;22/05/2017;-0.128290;38.540812
CV-VUT0479973-A;CL PUIG CAMPANA, 8, Es:2 Pl:+1 Pt:B;03501;9896406YH4699N0038FY;6;3;95.00;26/11/2019;-0.135170;38.538746
CV-VUT0479385-A;CL PUIG CAMPANA, 8, Es:2 Pl:01 Pt:B;03501;9896406YH4699N0023WJ;6;3;95.00;30/10/2019;-0.135170;38.538746
CV-VUT0496301-A;CL PUIG CAMPANA, 8, Es:2 Pl:02 Pt:B;03501;9896406YH4699N0026TB;6;3;95.00;20/03/2023;-0.135170;38.538746
CV-VUT0324212-A;CL PUIG CAMPANA, 8, Es:2 Pl:04 Pt:B;03501;9896406YH4699N0032IM;6;3;95.00;19/02/2024;-0.135170;38.538746
CV-VUT0491670-A;CL PUIG CAMPANA, 9, Es:1 Pl:01 Pt:CN;03501;9896202YH4699N0003DE;4;2;58.00;01/08/2022;-0.135070;38.538449
CV-VUT0501044-A;CL REDES LAS, 1, Es:1 Pl:00 Pt:01;03501;9995103YH4699N0002RW;4;2;102.00;23/08/2023;-0.134130;38.537293
CV-VUT0492814-A;CL REDES LAS, 12, Es:T Pl:OD Pt:OS;03501;9995219YH4699N0001OQ;4;2;52.00;17/10/2022;-0.134230;38.537421
CV-VUT0474725-A;CL REDES LAS, 3, Es:1 Pl:02 Pt:D;03501;9995101YH4699N0023QJ;4;2;51.00;25/03/2019;-0.134274;38.537319
CV-VUT0520589-A;CL REDES LAS, 3, Es:1 Pl:04 Pt:A;03501;9995101YH4699N0028YX;5;3;85.00;16/03/2026;-0.134274;38.537319
CV-VUT0482617-A;CL REDES LAS, 3, Es:1 Pl:04 Pt:C;03501;9995101YH4699N0030TZ;4;2;71.00;13/07/2020;-0.134274;38.537319
CV-VUT0323381-A;CL REDES LAS, 8, Es:1 Pl:02 Pt:B;03501;9995217YH4699N0006LY;4;2;75.00;05/08/2020;-0.134117;38.537395
CV-VUT0454103-A;CL RIOJA DE LA, 1, Es:1 Pl:01 Pt:03;03501;0396915YH5609N0025QK;6;3;119.00;30/03/2017;-0.129524;38.538194
CV-VUT0483374-A;CL RIOJA DE LA, 1, Es:1 Pl:02 Pt:03;03501;0396915YH5609N0037PR;6;3;173.00;28/09/2020;-0.129524;38.538194
CV-VUT0470454-A;CL RIOJA DE LA, 4, Es:1 Pl:01 Pt:01;03501;0396917YH5609N0001QM;8;4;163.00;29/08/2018;-0.128878;38.538028
CV-VUT0465605-A;CL RIOJA DE LA, 8, Es:1 Pl:01 Pt:C;03501;0396906YH5609N0031LZ;6;3;107.00;17/04/2018;-0.129009;38.538374
CV-VUT0488222-A;CL RIOJA DE LA, 8, Es:1 Pl:EN Pt:03;03501;0396906YH5609N0027KB;6;3;94.00;14/01/2022;-0.129009;38.538374
CV-VUT0000035-A;CL RIOJA DE LA, 8, Es:2 Pl:04 Pt:A;03501;0396906YH5609N0052AD;3;2;120.00;06/08/1993;-0.129009;38.538374
CV-VUT0324285-A;CL ROCAS, 1, Es:1 Pl:+1 Pt:A1;03501;9899701YH4699N0059AZ;8;4;133.00;22/04/2024;-0.134308;38.540729
CV-VUT0511123-A;CL ROCAS, 1, Es:1 Pl:+1 Pt:A3;03501;9899701YH4699N0063SX;4;2;60.00;26/08/2024;-0.134308;38.540729
CV-VUT0492934-A;CL ROCAS, 1, Es:1 Pl:01 Pt:C;03501;9899701YH4699N0021TG;6;3;70.00;21/10/2022;-0.134308;38.540729
CV-VUT0470442-A;CL ROCAS, 1, Es:1 Pl:04 Pt:L;03501;9899701YH4699N0055UJ;6;3;68.00;29/08/2018;-0.134308;38.540729
CV-VUT0476973-A;CL ROCAS, 3, Es:2 Pl:EN Pt:E;03501;9899701YH4699N0071JR;6;3;61.00;27/06/2019;-0.134308;38.540729
CV-VUT0482489-A;CL ROLDAN, 2, Es:1 Pl:04 Pt:IZ;03501;9996604YH5609N0010BY;6;3;77.00;03/07/2020;-0.132721;38.538224
CV-VUT0324231-A;CL ROLDAN, 3, Es:1 Pl:03 Pt:18;03501;9996706YH4699N0024UK;2;1;89.00;01/03/2024;-0.132859;38.538019
CV-VUT0456793-A;CL ROSAL, 1, Es:1 Pl:02 Pt:C;03501;4906005YH4699N0007HU;6;3;99.00;03/07/2017;-0.134091;38.537998
CV-VUT0463301-A;CL ROSAL, 6, Es:1 Pl:01 Pt:A;03501;9996701YH4699N0004JR;6;3;102.00;01/02/2018;-0.133807;38.538174
CV-VUT0486356-A;CL ROSAL, 6, Es:1 Pl:02 Pt:C;03501;9996701YH4699N0010BU;6;3;150.00;03/06/2021;-0.133807;38.538174
CV-VUT0501610-A;CL SACERDOTE D.TOMAS GARCIA, 2, Es:1 Pl:03 Pt:02;03501;9896502YH4699N0024JK;6;3;91.00;15/09/2023;-0.134321;38.538518
CV-VUT0470787-A;CL SACERDOTE D.TOMAS GARCIA, 7, Es:1 Pl:05 Pt:A;03501;9896403YH4699N0010AU;4;2;78.00;24/09/2018;-0.135017;38.538849
CV-VUT0462564-A;CL SACERDOTE D.TOMAS GARCIA, 7, Es:1 Pl:05 Pt:B;03501;9896403YH4699N0011SI;4;2;78.00;11/01/2018;-0.135017;38.538849
CV-VUT0492413-A;CL SANT ANTONI, 11, Es:1 Pl:03 Pt:A;03501;0097515YH5609N0006QT;2;1;44.00;23/09/2022;-0.132202;38.539630
CV-VUT0519130-A;CL SANT ANTONI, 13, Es:T Pl:OD Pt:OS;03501;0097516YH5609N0001TM;10;5;200.00;17/10/2025;-0.132306;38.539617
CV-VUT0522004-A;CL SANT JERONI, 10, Es:T Pl:OD Pt:OS;03501;9995307YH4699N0001QQ;14;7;191.00;25/06/2026;-0.133813;38.537632
CV-VUT0520880-A;CL SANT JERONI, 12, Es:T Pl:OD Pt:OS;03501;9995306YH4699N0001GQ;2;1;338.00;09/04/2026;-0.133869;38.537653
CV-VUT0491087-A;CL SANT JERONI, 15, Es:T Pl:OD Pt:OS;03501;9995201YH4699N0001SQ;4;2;72.00;29/06/2022;-0.134203;38.537603
CV-VUT0480546-A;CL SANT LORENZO, 14, Es:T Pl:OD Pt:OS;03501;0093607YH5609S0001RI;6;3;72.00;10/01/2020;-0.131929;38.535482
CV-VUT0323261-A;CL SANT LORENZO, 29, Es:1 Pl:03 Pt:01;03501;0192402YH5609S0005AS;;0;50.00;07/01/2020;-0.131578;38.534946
CV-VUT0323140-A;CL SANT MIQUEL, 10, Es:1 Pl:03 Pt:01;03501;0293307YH5609S0004WA;8;4;117.00;15/10/2019;-0.130762;38.535962
CV-VUT0322458-A;CL SANT MIQUEL, 2, Es:1 Pl:01 Pt:A;03501;0293302YH5609S0006TD;4;2;85.00;14/03/2018;-0.130897;38.536230
CV-VUT0464631-A;CL SANT MIQUEL, 2, Es:1 Pl:01 Pt:B;03501;0293302YH5609S0007YF;4;2;97.00;16/03/2018;-0.130897;38.536230
CV-VUT0494605-A;CL SANT MIQUEL, 3, Es:1 Pl:01 Pt:IZ;03501;0294103YH5609S0005PS;2;1;61.00;23/01/2023;-0.130743;38.536198
CV-VUT0324103-A;CL SANT PERE, 10, Es:1 Pl:03 Pt:DR;03501;9895707YH4699N0007IU;2;1;39.00;15/10/2023;-0.133658;38.536885
CV-VUT0501927-A;CL SANT PERE, 2, Es:1 Pl:02 Pt:01;03501;9994502YH2699S0005OS;4;2;92.00;27/09/2023;-0.133273;38.536818
CV-VUT0323333-A;CL SANT PERE, 8, Es:1 Pl:01 Pt:00;03501;9895708YH4699N0002SW;6;3;116.00;25/05/2020;-0.133579;38.536857
CV-VUT0323197-A;CL SANT PERE, 8, Es:1 Pl:02 Pt:00;03501;9895708YH4699N0003DE;6;3;123.00;29/10/2019;-0.133579;38.536857
CV-VUT0323198-A;CL SANT PERE, 8, Es:1 Pl:03 Pt:00;03501;9895708YH4699N0004FR;6;3;116.00;30/10/2019;-0.133579;38.536857
CV-VUT0490887-A;CL SANT RAMON, 4, Es:1 Pl:04 Pt:17;03501;0101302YH5700S0024XG;4;2;75.00;17/06/2022;-0.131167;38.543454
CV-VUT0322995-A;CL SANT ROC, 12, Es:T Pl:OD Pt:OS;03501;0395223YH5609N0001KM;2;1;332.00;13/05/2019;-0.129592;38.537152
CV-VUT0494995-A;CL SANT ROC, 16, Es:1 Pl:02 Pt:B;03501;0395208YH5609N0005PR;2;1;55.00;07/02/2023;-0.129534;38.537272
CV-VUT0455171-A;CL SANT ROC, 16, Es:1 Pl:04 Pt:B;03501;0395208YH5609N0009FI;2;1;23.00;09/05/2017;-0.129534;38.537272
CV-VUT0455378-A;CL SANT ROC, 16, Es:1 Pl:05 Pt:D;03501;0395208YH5609N0010SY;4;2;88.00;15/05/2017;-0.129534;38.537272
CV-VUT0494858-A;CL SANT ROC, 25, Es:1 Pl:01 Pt:A;03501;0295608YH5609N0003OW;2;1;54.00;02/02/2023;-0.129850;38.537404
CV-VUT0486380-A;CL SANT ROC, 35, Es:1 Pl:03 Pt:01;03501;0295603YH5609N0005SR;2;1;60.00;04/06/2021;-0.130006;38.537792
CV-VUT0519137-A;CL SANT ROC, 40, Es:1 Pl:00 Pt:01;03501;0296608YH5609N0002DQ;2;1;53.00;17/11/2025;-0.129983;38.538210
CV-VUT0518879-A;CL SANT ROC, 9, Es:1 Pl:01 Pt:A;03501;0295616YH5609N0003IW;2;1;70.00;30/10/2025;-0.129693;38.536971
CV-VUT0323998-A;CL SANT ROC, 9, Es:1 Pl:01 Pt:B;03501;0295616YH5609N0004OE;4;2;83.00;26/05/2023;-0.129693;38.536971
CV-VUT0518882-A;CL SANT ROC, 9, Es:1 Pl:02 Pt:A;03501;0295616YH5609N0005PR;2;1;80.00;30/10/2025;-0.129693;38.536971
CV-VUT0518884-A;CL SANT ROC, 9, Es:1 Pl:02 Pt:B;03501;0295616YH5609N0006AT;2;1;68.00;30/10/2025;-0.129693;38.536971
CV-VUT0518886-A;CL SANT ROC, 9, Es:1 Pl:03 Pt:A;03501;0295616YH5609N0007SY;2;1;80.00;30/10/2025;-0.129693;38.536971
CV-VUT0518889-A;CL SANT ROC, 9, Es:1 Pl:03 Pt:B;03501;0295616YH5609N0008DU;2;1;70.00;30/10/2025;-0.129693;38.536971
CV-VUT0476507-A;CL SANT VICENT, 10, Es:1 Pl:02 Pt:00;03501;0193205YH5609S0003PP;4;2;68.00;07/06/2019;-0.132029;38.535981
CV-VUT0518676-A;CL SANT VICENT, 14, Es:1 Pl:01 Pt:01;03501;0193207YH5609S0002RO;4;2;67.00;08/10/2025;-0.131915;38.535790
CV-VUT0324060-A;CL SANT VICENT, 14, Es:1 Pl:02 Pt:01;03501;0193207YH5609S0003TP;4;2;67.00;26/09/2023;-0.131915;38.535790
CV-VUT0324032-A;CL SANT VICENT, 14, Es:1 Pl:03 Pt:01;03501;0193207YH5609S0004YA;4;2;67.00;13/07/2023;-0.131915;38.535790
CV-VUT0322932-A;CL SANT VICENT, 17, Es:1 Pl:00 Pt:01;03501;0193322YH5609S0001LI;2;1;32.00;20/02/2019;-0.131921;38.536016
CV-VUT0322931-A;CL SANT VICENT, 17, Es:1 Pl:01 Pt:01;03501;0193322YH5609S0002BO;4;2;69.00;20/02/2019;-0.131921;38.536016
CV-VUT0324230-A;CL SANT VICENT, 17, Es:1 Pl:02 Pt:01;03501;0193322YH5609S0003ZP;4;2;69.00;29/02/2024;-0.131921;38.536016
CV-VUT0323209-A;CL SANT VICENT, 2, Es:T Pl:OD Pt:OS;03501;0193201YH5609S0001KI;4;2;136.00;07/11/2019;-0.132099;38.536251
CV-VUT0518195-A;CL SANT VICENT, 23, Es:T Pl:OD Pt:OS;03501;0193320YH5609S0001QI;7;4;191.00;21/08/2025;-0.131713;38.535576
CV-VUT0479696-A;CL SANT VICENT, 24, Es:1 Pl:01 Pt:00;03501;0193211YH5609S0002DO;2;1;46.00;14/11/2019;-0.131778;38.535508
CV-VUT0485168-A;CL SANT VICENT, 24, Es:1 Pl:02 Pt:00;03501;0193211YH5609S0003FP;2;1;46.00;25/02/2021;-0.131778;38.535508
CV-VUT0476885-A;CL SANT VICENT, 29, Es:1 Pl:00 Pt:01;03501;0193811YH5609S0002FO;4;2;84.00;19/06/2019;-0.131514;38.535253
CV-VUT0517259-A;CL SANT VICENT, 3, Es:1 Pl:01 Pt:A;03501;0193302YH5609S0007FF;4;2;84.00;18/06/2025;-0.131944;38.536174
CV-VUT0505759-A;CL SANT VICENT, 3, Es:1 Pl:01 Pt:B;03501;0193302YH5609S0008GG;2;1;63.00;26/02/2024;-0.131944;38.536174
CV-VUT0490407-A;CL SANT VICENT, 3, Es:1 Pl:02 Pt:C;03501;0193302YH5609S0012HH;2;1;53.00;30/05/2022;-0.131944;38.536174
CV-VUT0489050-A;CL SANT VICENT, 31, Es:1 Pl:00 Pt:01;03501;0193803YH5609S0003HP;2;1;64.00;17/03/2022;-0.131469;38.535147
CV-VUT0504428-A;CL SANT VICENT, 35, Es:1 Pl:+2 Pt:00;03501;0193801YH5609S0013TJ;2;1;37.00;31/12/2023;-0.131467;38.535012
CV-VUT0475707-A;CL SANT VICENT, 35, Es:1 Pl:01 Pt:B;03501;0193801YH5609S0007WF;4;2;59.00;09/05/2019;-0.131467;38.535012
CV-VUT0483147-A;CL SANT VICENT, 35, Es:1 Pl:02 Pt:A;03501;0193801YH5609S0008EG;2;1;63.00;03/09/2020;-0.131467;38.535012
CV-VUT0519231-A;CL SANT VICENT, 39, Es:1 Pl:01 Pt:01;03501;0193809YH5609S0002MO;4;3;70.00;25/11/2025;-0.131432;38.534889
CV-VUT0500308-A;CL SANT VICENT, 8, Es:1 Pl:01 Pt:01;03501;0193204YH5609S0002MO;2;1;44.00;21/07/2023;-0.132046;38.536056
CV-VUT0500307-A;CL SANT VICENT, 8, Es:1 Pl:02 Pt:01;03501;0193204YH5609S0003QP;2;1;44.00;21/07/2023;-0.132046;38.536056
CV-VUT0500306-A;CL SANT VICENT, 8, Es:1 Pl:03 Pt:01;03501;0193204YH5609S0004WA;2;1;85.00;21/07/2023;-0.132046;38.536056
CV-VUT0504493-A;CL SANT VICENT, 9, Es:T Pl:OD Pt:OS;03501;0193305YH5609S0001SI;2;1;206.00;17/01/2024;-0.131768;38.535747
CV-VUT0322667-A;CL SANTA FAZ, 15, Es:1 Pl:02 Pt:A;03501;0194808YH5609S0009EH;;2;57.00;12/06/2018;-0.131284;38.535749
CV-VUT0465954-A;CL SANTA FAZ, 15, Es:1 Pl:03 Pt:D;03501;0194808YH5609S0016UB;3;2;57.00;24/04/2018;-0.131284;38.535749
CV-VUT0479531-A;CL SANTA FAZ, 21, Es:1 Pl:02 Pt:00;03501;0194811YH5609S0004ZA;5;3;78.00;07/11/2019;-0.131177;38.535480
CV-VUT0482326-A;CL SANTA FAZ, 24, Es:T Pl:OD Pt:OS;03501;0193414YH5609S0001QI;8;4;105.00;18/06/2020;-0.131308;38.535462
CV-VUT0324024-A;CL SANTA FAZ, 35, Es:1 Pl:+2 Pt:E;03501;0292321YH5609S0012TH;2;1;62.00;29/06/2023;-0.131001;38.534835
CV-VUT0478475-A;CL SANTA FAZ, 35, Es:1 Pl:00 Pt:00;03501;0292321YH5609S0001BI;2;1;135.00;06/09/2019;-0.131001;38.534835
CV-VUT0479529-A;CL SANTA FAZ, 36, Es:1 Pl:01 Pt:A;03501;0192506YH5609S0003EP;4;2;56.00;07/11/2019;-0.131211;38.535029
CV-VUT0320588-A;CL SANTA FAZ, 44, Es:T Pl:OD Pt:OS;03501;0192510YH5609S0001PI;2;1;651.00;17/04/2007;-0.131137;38.534810
CV-VUT0320589-A;CL SANTA FAZ, 44, Es:T Pl:OD Pt:OS;03501;0192510YH5609S0001PI;2;1;651.00;17/04/2007;-0.131137;38.534810
CV-VUT0320590-A;CL SANTA FAZ, 44, Es:T Pl:OD Pt:OS;03501;0192510YH5609S0001PI;2;1;651.00;17/04/2007;-0.131137;38.534810
CV-VUT0320591-A;CL SANTA FAZ, 44, Es:T Pl:OD Pt:OS;03501;0192510YH5609S0001PI;2;1;651.00;17/04/2007;-0.131137;38.534810
CV-VUT0320592-A;CL SANTA FAZ, 44, Es:T Pl:OD Pt:OS;03501;0192510YH5609S0001PI;2;1;651.00;17/04/2007;-0.131137;38.534810
CV-VUT0320593-A;CL SANTA FAZ, 44, Es:T Pl:OD Pt:OS;03501;0192510YH5609S0001PI;2;1;651.00;17/04/2007;-0.131137;38.534810
CV-VUT0320595-A;CL SANTA FAZ, 44, Es:T Pl:OD Pt:OS;03501;0192510YH5609S0001PI;2;1;651.00;17/04/2007;-0.131137;38.534810
CV-VUT0320596-A;CL SANTA FAZ, 44, Es:T Pl:OD Pt:OS;03501;0192510YH5609S0001PI;2;1;651.00;17/04/2007;-0.131137;38.534810
CV-VUT0322265-A;CL SANTA FAZ, 47, Es:T Pl:OD Pt:OS;03501;0292316YH5609S0001WI;2;1;233.00;08/08/2017;-0.130945;38.534632
CV-VUT0460205-A;CL SANTA FAZ, 5, Es:1 Pl:03 Pt:01;03501;0194803YH5609S0007WF;5;3;68.00;23/11/2017;-0.131436;38.536145
CV-VUT0483511-A;CL SANTA FAZ, 51, Es:1 Pl:01 Pt:01;03501;0292315YH5609S0005BS;2;1;94.00;08/10/2020;-0.130926;38.534515
CV-VUT0487380-A;CL SANTISSIMA TRINIDAD, 1, Es:1 Pl:01 Pt:A;03501;0193501YH5609S0002IO;2;1;33.00;03/09/2021;-0.131305;38.536243
CV-VUT0487381-A;CL SANTISSIMA TRINIDAD, 1, Es:1 Pl:01 Pt:B;03501;0193501YH5609S0003OP;2;1;43.00;03/09/2021;-0.131305;38.536243
CV-VUT0487382-A;CL SANTISSIMA TRINIDAD, 1, Es:1 Pl:01 Pt:C;03501;0193501YH5609S0004PA;2;1;39.00;03/09/2021;-0.131305;38.536243
CV-VUT0487383-A;CL SANTISSIMA TRINIDAD, 1, Es:1 Pl:01 Pt:D;03501;0193501YH5609S0005AS;2;1;39.00;03/09/2021;-0.131305;38.536243
CV-VUT0487385-A;CL SANTISSIMA TRINIDAD, 1, Es:1 Pl:02 Pt:00;03501;0193501YH5609S0006SD;10;5;150.00;03/09/2021;-0.131305;38.536243
CV-VUT0487386-A;CL SANTISSIMA TRINIDAD, 1, Es:1 Pl:03 Pt:00;03501;0193501YH5609S0007DF;10;5;149.00;03/09/2021;-0.131305;38.536243
CV-VUT0487387-A;CL SANTISSIMA TRINIDAD, 1, Es:1 Pl:04 Pt:A;03501;0193501YH5609S0008FG;4;2;77.00;03/09/2021;-0.131305;38.536243
CV-VUT0487388-A;CL SANTISSIMA TRINIDAD, 1, Es:1 Pl:04 Pt:B;03501;0193501YH5609S0009GH;4;2;73.00;03/09/2021;-0.131305;38.536243
CV-VUT0322540-A;CL SANTISSIMA TRINIDAD, 11, Es:1 Pl:01 Pt:A;03501;0193512YH5609S0003SP;2;1;28.00;09/05/2018;-0.131070;38.535660
CV-VUT0322888-A;CL SANTISSIMA TRINIDAD, 11, Es:1 Pl:02 Pt:B;03501;0193512YH5609S0006GD;2;1;31.00;17/08/2018;-0.131070;38.535660
CV-VUT0480866-A;CL SANTISSIMA TRINIDAD, 14, Es:T Pl:OD Pt:OS;03501;0194807YH5609S0001OI;14;7;164.00;27/01/2020;-0.131297;38.535819
CV-VUT0323315-A;CL SANTO DOMINGO, 3, Es:1 Pl:02 Pt:00;03501;0194702YH5609S0003IP;2;1;47.00;02/03/2020;-0.131083;38.536179
CV-VUT0487389-A;CL SANTO DOMINGO, 4, Es:T Pl:OD Pt:OS;03501;0193502YH5609S0001HI;11;6;330.00;03/09/2021;-0.131263;38.536189
CV-VUT0515239-A;CL SIERRA DE BERNIA, 6, Es:T Pl:OD Pt:OS;03501;9995221YH4699N0001MQ;21;12;355.00;24/03/2025;-0.134150;38.537509
CV-VUT0496774-A;CL TOMAS ORTUÑO, 14, Es:1 Pl:-2 Pt:09;03501;0295213YH5609N0009JI;4;2;22.00;03/04/2023;-0.130393;38.537206
CV-VUT0448789-A;CL TOMAS ORTUÑO, 17, Es:1 Pl:05 Pt:DR;03501;0196812YH5609N0011ZU;4;2;141.00;06/07/2016;-0.131238;38.537838
CV-VUT0462895-A;CL TOMAS ORTUÑO, 22, Es:1 Pl:04 Pt:C;03501;0295322YH5609N0013UO;4;2;54.00;24/01/2018;-0.130859;38.537583
CV-VUT0447396-A;CL TOMAS ORTUÑO, 48, Es:1 Pl:01 Pt:A;03501;0197607YH5609N0002JQ;4;2;96.00;11/05/2016;-0.131207;38.538933
CV-VUT0324144-A;CL TOMAS ORTUÑO, 48, Es:1 Pl:02 Pt:C;03501;0197607YH5609N0007XY;4;2;44.00;16/12/2023;-0.131207;38.538933
CV-VUT0494860-A;CL TOMAS ORTUÑO, 72, Es:1 Pl:01 Pt:D;03501;0198511YH5609N0006IT;6;3;88.00;02/02/2023;-0.131270;38.540375
CV-VUT0503824-A;CL TOMAS ORTUÑO, 73, Es:1 Pl:01 Pt:02;03501;0099807YH5609N0008EU;6;3;57.00;27/11/2023;-0.131786;38.540759
CV-VUT0450739-A;CL TOMAS ORTUÑO, 84, Es:1 Pl:+2 Pt:H;03501;0299312YH5700S0052FA;4;2;58.00;20/10/2016;-0.131628;38.541811
CV-VUT0492435-A;CL TOMAS ORTUÑO, 84, Es:1 Pl:04 Pt:A;03501;0299312YH5700S0034WX;6;3;77.00;26/09/2022;-0.131628;38.541811
CV-VUT0476152-A;CL TOMAS ORTUÑO, 85, Es:1 Pl:04 Pt:19;03501;0000401YH5700S0039OR;6;3;81.00;24/05/2019;-0.132300;38.542243
CV-VUT0468196-A;CL TOMAS ORTUÑO, 86, Es:1 Pl:+2 Pt:01;03501;0299301YH5700S0054DD;4;2;75.00;12/06/2018;-0.131688;38.542165
CV-VUT0486625-A;CL TORDO, 3, Es:1 Pl:06 Pt:03;03501;9898804YH4699N0032HM;4;2;79.00;18/06/2021;-0.134711;38.539599
CV-VUT0486679-A;CL TORDO, 3, Es:1 Pl:07 Pt:02;03501;9898804YH4699N0036BR;4;2;82.00;23/06/2021;-0.134711;38.539599
CV-VUT0323891-A;CL TRASMALL, 1, Es:1 Pl:01 Pt:B;03501;0295318YH5609N0003FW;4;2;73.00;18/01/2023;-0.130561;38.537551
CV-VUT0498452-A;CL TULIPANES, 8, Es:1 Pl:01 Pt:A;03501;9897601YH4699N0034QW;6;3;109.00;24/05/2023;-0.134613;38.539228
CV-VUT0476969-A;CL VERANO, 7, Es:1 Pl:01 Pt:B;03501;0497407YH5609N0031TZ;2;1;95.00;27/06/2019;-0.126915;38.539642
CV-VUT0488939-A;CR QUATRE CANTONS, 17, Es:1 Pl:00 Pt:00;03501;0192302YH5609S0001EI;6;3;161.00;09/03/2022;-0.131809;38.535182
CV-VUT0478312-A;GL CARRASCO, 13, Es:F Pl:01 Pt:02;03501;0399302YH5609N0170RT;6;3;107.00;28/08/2019;-0.130370;38.540314
CV-VUT0476515-A;PJ MARCONI, 3, Es:1 Pl:02 Pt:02;03501;9695803YH4699N0012JO;2;1;35.00;07/06/2019;-0.136906;38.537587
CV-VUT0461506-A;PJ MARCONI, 3, Es:1 Pl:04 Pt:01;03501;9695803YH4699N0021MG;2;1;35.00;19/12/2017;-0.136906;38.537587
CV-VUT0322636-A;PJ ROSALEDA, 1, Es:1 Pl:05 Pt:B;03501;9695801YH4699N0068JR;6;3;130.00;07/06/2018;-0.137236;38.537410
CV-VUT0459725-A;PJ SAN IGNACIO DE LOYOLA, 4, Es:7 Pl:05 Pt:B;03501;0096601YH5609N0494BO;2;1;59.00;08/11/2017;-0.132410;38.538645
CV-VUT0453437-A;PJ SAN IGNACIO DE LOYOLA, 8, Es:3 Pl:03 Pt:C;03501;0096601YH5609N0399XA;8;4;86.00;06/03/2017;-0.132410;38.538645
CV-VUT0487378-A;PJ SANTA RITA DE CASIA, 1, Es:2 Pl:02 Pt:D;03501;0096607YH5609N0022AG;8;4;181.00;03/09/2021;-0.132115;38.537829
CV-VUT0500247-A;PJ SANTA RITA DE CASIA, 2, Es:3 Pl:01 Pt:A;03501;0095501YH5609N0029QX;6;3;193.00;06/07/2023;-0.132122;38.537676
CV-VUT0489045-A;PJ TUGAR, 2, Es:A Pl:02 Pt:06;03501;0493201YH5609S0027FT;8;4;102.00;17/03/2022;-0.128175;38.535566
CV-VUT0472508-A;PJ TUGAR, 2, Es:A Pl:02 Pt:07;03501;0493201YH5609S0028GY;6;3;119.00;14/12/2018;-0.128175;38.535566
CV-VUT0323347-A;PJ TUGAR, 2, Es:A Pl:03 Pt:11;03501;0493201YH5609S0032HU;8;4;119.00;23/06/2020;-0.128175;38.535566
CV-VUT0472509-A;PJ TUGAR, 2, Es:B Pl:02 Pt:03;03501;0493201YH5609S0036BA;4;2;71.00;14/12/2018;-0.128175;38.535566
CV-VUT0472510-A;PJ TUGAR, 2, Es:B Pl:02 Pt:04;03501;0493201YH5609S0037ZS;4;2;71.00;14/12/2018;-0.128175;38.535566
CV-VUT0472512-A;PJ TUGAR, 2, Es:B Pl:03 Pt:06;03501;0493201YH5609S0039MF;4;2;71.00;14/12/2018;-0.128175;38.535566
CV-VUT0476551-A;PJ TUGAR, 2, Es:D Pl:01 Pt:03;03501;0493201YH5609S0050TL;4;2;84.00;07/06/2019;-0.128175;38.535566
CV-VUT0489046-A;PJ TUGAR, 2, Es:D Pl:02 Pt:06;03501;0493201YH5609S0053IX;8;4;91.00;17/03/2022;-0.128175;38.535566
CV-VUT0322502-A;PJ TUGAR, 2, Es:E Pl:01 Pt:01;03501;0493201YH5609S0060SE;6;3;68.00;13/04/2018;-0.128175;38.535566
CV-VUT0324073-A;PJ TUGAR, 2, Es:E Pl:01 Pt:02;03501;0493201YH5609S0061DR;6;3;68.00;30/09/2023;-0.128175;38.535566
CV-VUT0324074-A;PJ TUGAR, 2, Es:E Pl:02 Pt:03;03501;0493201YH5609S0062FT;6;3;68.00;30/09/2023;-0.128175;38.535566
CV-VUT0324075-A;PJ TUGAR, 2, Es:E Pl:02 Pt:04;03501;0493201YH5609S0063GY;6;3;68.00;30/09/2023;-0.128175;38.535566
CV-VUT0322462-A;PJ TUGAR, 2, Es:E Pl:03 Pt:05;03501;0493201YH5609S0064HU;6;3;68.00;16/03/2018;-0.128175;38.535566
CV-VUT0489049-A;PJ TUGAR, 2, Es:E Pl:03 Pt:06;03501;0493201YH5609S0065JI;6;3;68.00;17/03/2022;-0.128175;38.535566
CV-VUT0322452-A;PJ TUGAR, 2, Es:E Pl:04 Pt:07;03501;0493201YH5609S0066KO;6;3;68.00;08/03/2018;-0.128175;38.535566
CV-VUT0324076-A;PJ TUGAR, 2, Es:E Pl:04 Pt:08;03501;0493201YH5609S0067LP;6;3;68.00;30/09/2023;-0.128175;38.535566
CV-VUT0514753-A;PJ VIÑAS, 2, Es:1 Pl:01 Pt:B;03501;0296104YH5609N0004TE;6;3;91.00;07/03/2025;-0.130691;38.538542
CV-VUT0446573-A;PL LA SONYORIA, 2 Es:1 Pl:1 Pt:1;03501;0192307YH5609S0004TA;4;2;;16/03/2016;-0.131835;38.534838
CV-VUT0323797-A;PZ SENYORIA DE LA, 2, Es:1 Pl:02 Pt:01;03501;0192307YH5609S0005YS;4;2;102.00;13/09/2022;-0.131835;38.534838
CV-VUT0323798-A;PZ SENYORIA DE LA, 2, Es:1 Pl:03 Pt:01;03501;0192307YH5609S0006UD;2;1;57.00;13/09/2022;-0.131835;38.534838
CV-VUT0488965-A;PS CARRETERA DE LA, 16, Es:T Pl:OD Pt:OS;03501;0294311YH5609N0001DM;6;3;390.00;10/03/2022;-0.130129;38.536572
CV-VUT0481125-A;PS CARRETERA DE LA, 18, Es:1 Pl:03 Pt:DR;03501;0294312YH5609N0010TY;4;2;100.00;13/02/2020;-0.130326;38.536505
CV-VUT0519590-A;PS CARRETERA DE LA, 18, Es:1 Pl:05 Pt:DR;03501;0294312YH5609N0014OP;2;1;61.00;19/12/2025;-0.130326;38.536505
CV-VUT0465252-A;PZ CREU DE LA, 8, Es:1 Pl:03 Pt:01;03501;0394902YH5609S0005WS;4;2;73.00;10/04/2018;-0.129352;38.536590
CV-VUT0478125-A;PZ NEPTUNO, 5, Es:1 Pl:00 Pt:IZ;03501;9999505YH4699N0002SW;5;3;55.00;07/08/2019;-0.133044;38.541389
CV-VUT0497295-A;PZ SANTA ANA, 3, Es:1 Pl:02 Pt:A;03501;0191504YH5609S0009OH;4;2;59.00;03/04/2023;-0.130968;38.534071
CV-VUT0502302-A;PZ SENYORIA DE LA, 8, Es:T Pl:OD Pt:OS;03501;0192512YH5609S0001TI;8;4;443.00;11/10/2023;-0.131144;38.534592
CV-VUT0470462-A;PZ SS.MM.LOS REYES DE ESPAÑA, 6, Es:1 Pl:-1 Pt:32;03501;0396918YH5609N0031IZ;5;3;21.00;30/08/2018;-0.129310;38.538590
CV-VUT0486787-A;PZ SS.MM.LOS REYES DE ESPAÑA, 6, Es:2 Pl:02 Pt:0D;03501;0396918YH5609N0067SW;6;3;107.00;30/06/2021;-0.129310;38.538590
CV-VUT0479452-A;PZ SS.MM.LOS REYES DE ESPAÑA, 6, Es:2 Pl:03 Pt:0C;03501;0396918YH5609N0068DE;4;2;71.00;05/11/2019;-0.129310;38.538590
CV-VUT0486788-A;PZ SS.MM.LOS REYES DE ESPAÑA, 6, Es:2 Pl:03 Pt:0D;03501;0396918YH5609N0069FR;6;3;107.00;30/06/2021;-0.129310;38.538590
CV-VUT0324129-A;PZ TORREJO, 3, Es:1 Pl:01 Pt:C;03501;2934703YH5609S0005QS;6;3;118.00;12/11/2023;-0.129731;38.535193
CV-VUT0475906-A;PZ TORREJO, 3, Es:1 Pl:02 Pt:A;03501;2934703YH5609S0006WD;8;4;125.00;16/05/2019;-0.129731;38.535193
CV-VUT0475610-A;PZ TORREJO, 3, Es:1 Pl:04 Pt:C;03501;2934703YH5609S0014UK;5;3;118.00;07/05/2019;-0.129731;38.535193
CV-VUT0323119-A;VI EMILIO ORTUÑO, 10, Es:1 Pl:01 Pt:04;03501;0495901YH5609S0006FD;5;3;68.00;06/09/2019;-0.128450;38.537277
CV-VUT0311579-A;VI EMILIO ORTUÑO, 10, Es:1 Pl:01 Pt:05;03501;0495901YH5609S0007GF;6;3;68.00;30/08/1995;-0.128450;38.537277
CV-VUT0311580-A;VI EMILIO ORTUÑO, 10, Es:1 Pl:01 Pt:06;03501;0495901YH5609S0008HG;6;3;68.00;30/08/1995;-0.128450;38.537277
CV-VUT0478436-A;VI EMILIO ORTUÑO, 10, Es:1 Pl:01 Pt:09;03501;0495901YH5609S0011HG;6;3;68.00;04/09/2019;-0.128450;38.537277
CV-VUT0478437-A;VI EMILIO ORTUÑO, 10, Es:1 Pl:02 Pt:01;03501;0495901YH5609S0013KJ;4;2;53.00;04/09/2019;-0.128450;38.537277
CV-VUT0478438-A;VI EMILIO ORTUÑO, 10, Es:1 Pl:02 Pt:02;03501;0495901YH5609S0014LK;6;3;86.00;04/09/2019;-0.128450;38.537277
CV-VUT0484631-A;VI EMILIO ORTUÑO, 10, Es:1 Pl:02 Pt:03;03501;0495901YH5609S0015BL;6;3;89.00;04/01/2021;-0.128450;38.537277
CV-VUT0478439-A;VI EMILIO ORTUÑO, 10, Es:1 Pl:02 Pt:04;03501;0495901YH5609S0016ZB;6;3;68.00;04/09/2019;-0.128450;38.537277
CV-VUT0478440-A;VI EMILIO ORTUÑO, 10, Es:1 Pl:02 Pt:06;03501;0495901YH5609S0018MX;6;3;68.00;04/09/2019;-0.128450;38.537277
CV-VUT0323108-A;VI EMILIO ORTUÑO, 10, Es:1 Pl:02 Pt:07;03501;0495901YH5609S0019QM;6;3;68.00;06/09/2019;-0.128450;38.537277
CV-VUT0323109-A;VI EMILIO ORTUÑO, 10, Es:1 Pl:02 Pt:08;03501;0495901YH5609S0020XZ;6;3;72.00;06/09/2019;-0.128450;38.537277
CV-VUT0311581-A;VI EMILIO ORTUÑO, 10, Es:1 Pl:02 Pt:09;03501;0495901YH5609S0021MX;6;3;68.00;30/08/1995;-0.128450;38.537277
CV-VUT0311582-A;VI EMILIO ORTUÑO, 10, Es:1 Pl:02 Pt:10;03501;0495901YH5609S0022QM;6;3;68.00;30/08/1995;-0.128450;38.537277
CV-VUT0323110-A;VI EMILIO ORTUÑO, 10, Es:1 Pl:03 Pt:01;03501;0495901YH5609S0023WQ;4;2;53.00;06/09/2019;-0.128450;38.537277
CV-VUT0323111-A;VI EMILIO ORTUÑO, 10, Es:1 Pl:03 Pt:02;03501;0495901YH5609S0024EW;5;3;86.00;06/09/2019;-0.128450;38.537277
CV-VUT0323112-A;VI EMILIO ORTUÑO, 10, Es:1 Pl:03 Pt:03;03501;0495901YH5609S0025RE;6;3;89.00;06/09/2019;-0.128450;38.537277
CV-VUT0323113-A;VI EMILIO ORTUÑO, 10, Es:1 Pl:03 Pt:04;03501;0495901YH5609S0026TR;6;3;68.00;06/09/2019;-0.128450;38.537277
CV-VUT0323114-A;VI EMILIO ORTUÑO, 10, Es:1 Pl:03 Pt:05;03501;0495901YH5609S0027YT;6;3;68.00;06/09/2019;-0.128450;38.537277
CV-VUT0323115-A;VI EMILIO ORTUÑO, 10, Es:1 Pl:03 Pt:06;03501;0495901YH5609S0028UY;6;3;68.00;06/09/2019;-0.128450;38.537277
CV-VUT0311583-A;VI EMILIO ORTUÑO, 10, Es:1 Pl:03 Pt:09;03501;0495901YH5609S0031UY;6;3;68.00;30/08/1995;-0.128450;38.537277
CV-VUT0311584-A;VI EMILIO ORTUÑO, 10, Es:1 Pl:03 Pt:10;03501;0495901YH5609S0032IU;6;3;68.00;30/08/1995;-0.128450;38.537277
CV-VUT0323116-A;VI EMILIO ORTUÑO, 10, Es:1 Pl:04 Pt:01;03501;0495901YH5609S0033OI;4;2;53.00;06/09/2019;-0.128450;38.537277
CV-VUT0323117-A;VI EMILIO ORTUÑO, 10, Es:1 Pl:04 Pt:02;03501;0495901YH5609S0034PO;5;3;86.00;06/09/2019;-0.128450;38.537277
CV-VUT0489132-A;VI EMILIO ORTUÑO, 10, Es:1 Pl:04 Pt:03;03501;0495901YH5609S0035AP;6;3;89.00;21/03/2022;-0.128450;38.537277
CV-VUT0323118-A;VI EMILIO ORTUÑO, 10, Es:1 Pl:04 Pt:04;03501;0495901YH5609S0036SA;6;3;68.00;06/09/2019;-0.128450;38.537277
CV-VUT0311585-A;VI EMILIO ORTUÑO, 10, Es:1 Pl:04 Pt:05;03501;0495901YH5609S0037DS;6;3;68.00;30/08/1995;-0.128450;38.537277
CV-VUT0311586-A;VI EMILIO ORTUÑO, 10, Es:1 Pl:04 Pt:06;03501;0495901YH5609S0038FD;6;3;68.00;30/08/1995;-0.128450;38.537277
CV-VUT0311587-A;VI EMILIO ORTUÑO, 10, Es:1 Pl:04 Pt:09;03501;0495901YH5609S0041FD;6;3;68.00;30/08/1995;-0.128450;38.537277
CV-VUT0311588-A;VI EMILIO ORTUÑO, 10, Es:1 Pl:04 Pt:10;03501;0495901YH5609S0042GF;6;3;68.00;30/08/1995;-0.128450;38.537277
CV-VUT0031498-A;VI EMILIO ORTUÑO, 14, Es:1 Pl:03 Pt:A;03501;0596611YH5609N0079XA;4;2;76.00;10/01/1994;-0.127647;38.537912
CV-VUT0031499-A;VI EMILIO ORTUÑO, 14, Es:1 Pl:03 Pt:B;03501;0596611YH5609N0080BO;4;2;76.00;10/01/1994;-0.127647;38.537912
CV-VUT0031500-A;VI EMILIO ORTUÑO, 14, Es:1 Pl:03 Pt:C;03501;0596611YH5609N0081ZP;4;2;76.00;10/01/1994;-0.127647;38.537912
CV-VUT0514706-A;VI EMILIO ORTUÑO, 14, Es:1 Pl:03 Pt:D;03501;0596611YH5609N0082XA;5;3;76.00;06/03/2025;-0.127647;38.537912
CV-VUT0514437-A;VI EMILIO ORTUÑO, 14, Es:1 Pl:03 Pt:E;03501;0596611YH5609N0083MS;6;3;76.00;24/02/2025;-0.127647;38.537912
CV-VUT0031494-A;VI EMILIO ORTUÑO, 14, Es:1 Pl:03 Pt:F;03501;0596611YH5609N0084QD;2;1;37.00;10/01/1994;-0.127647;38.537912
CV-VUT0031501-A;VI EMILIO ORTUÑO, 14, Es:1 Pl:04 Pt:A;03501;0596611YH5609N0085WF;4;2;76.00;10/01/1994;-0.127647;38.537912
CV-VUT0031504-A;VI EMILIO ORTUÑO, 14, Es:1 Pl:04 Pt:D;03501;0596611YH5609N0088TJ;4;2;76.00;10/01/1994;-0.127647;38.537912
CV-VUT0031505-A;VI EMILIO ORTUÑO, 14, Es:1 Pl:04 Pt:E;03501;0596611YH5609N0089YK;4;2;76.00;10/01/1994;-0.127647;38.537912
CV-VUT0031495-A;VI EMILIO ORTUÑO, 14, Es:1 Pl:04 Pt:F;03501;0596611YH5609N0090RH;2;1;37.00;10/01/1994;-0.127647;38.537912
CV-VUT0514433-A;VI EMILIO ORTUÑO, 14, Es:1 Pl:05 Pt:A;03501;0596611YH5609N0091TJ;5;3;76.00;24/02/2025;-0.127647;38.537912
CV-VUT0440895-A;VI EMILIO ORTUÑO, 14, Es:1 Pl:05 Pt:F;03501;0596611YH5609N0096PX;4;2;76.00;08/08/2014;-0.127647;38.537912
CV-VUT0441888-A;VI EMILIO ORTUÑO, 14, Es:1 Pl:05 Pt:G;03501;0596611YH5609N0097AM;2;1;37.00;04/02/2015;-0.127647;38.537912
CV-VUT0441889-A;VI EMILIO ORTUÑO, 14, Es:1 Pl:06 Pt:B;03501;0596611YH5609N0099DW;4;2;76.00;04/02/2015;-0.127647;38.537912
CV-VUT0440896-A;VI EMILIO ORTUÑO, 14, Es:1 Pl:06 Pt:C;03501;0596611YH5609N0100DW;4;2;76.00;08/08/2014;-0.127647;38.537912
CV-VUT0441890-A;VI EMILIO ORTUÑO, 14, Es:1 Pl:06 Pt:D;03501;0596611YH5609N0101FE;4;2;76.00;04/02/2015;-0.127647;38.537912
CV-VUT0440897-A;VI EMILIO ORTUÑO, 14, Es:1 Pl:06 Pt:E;03501;0596611YH5609N0102GR;0;0;37.00;08/08/2014;-0.127647;38.537912
CV-VUT0511841-A;VI EMILIO ORTUÑO, 14, Es:1 Pl:07 Pt:E;03501;0596611YH5609N0107BO;6;3;76.00;01/10/2024;-0.127647;38.537912
CV-VUT0441891-A;VI EMILIO ORTUÑO, 14, Es:1 Pl:08 Pt:A;03501;0596611YH5609N0109XA;6;3;76.00;04/02/2015;-0.127647;38.537912
CV-VUT0440900-A;VI EMILIO ORTUÑO, 14, Es:1 Pl:08 Pt:D;03501;0596611YH5609N0112XA;4;2;104.00;08/08/2014;-0.127647;38.537912
CV-VUT0440901-A;VI EMILIO ORTUÑO, 14, Es:1 Pl:09 Pt:A;03501;0596611YH5609N0113MS;4;2;76.00;08/08/2014;-0.127647;38.537912
CV-VUT0441894-A;VI EMILIO ORTUÑO, 14, Es:1 Pl:09 Pt:C;03501;0596611YH5609N0115WF;4;2;76.00;04/02/2015;-0.127647;38.537912
CV-VUT0440902-A;VI EMILIO ORTUÑO, 14, Es:1 Pl:09 Pt:E;03501;0596611YH5609N0117RH;4;2;76.00;08/08/2014;-0.127647;38.537912
CV-VUT0441893-A;VI EMILIO ORTUÑO, 14, Es:1 Pl:10 Pt:E;03501;0596611YH5609N0123UL;2;1;76.00;04/02/2015;-0.127647;38.537912
CV-VUT0441895-A;VI EMILIO ORTUÑO, 14, Es:1 Pl:10 Pt:F;03501;0596611YH5609N0124IB;2;1;37.00;04/02/2015;-0.127647;38.537912
CV-VUT0440903-A;VI EMILIO ORTUÑO, 14, Es:1 Pl:11 Pt:A;03501;0596611YH5609N0125OZ;4;2;76.00;08/08/2014;-0.127647;38.537912
CV-VUT0451986-A;VI EMILIO ORTUÑO, 14, Es:1 Pl:11 Pt:D;03501;0596611YH5609N0128SQ;4;2;76.00;21/12/2016;-0.127647;38.537912
CV-VUT0441896-A;VI EMILIO ORTUÑO, 14, Es:1 Pl:11 Pt:F;03501;0596611YH5609N0130AM;2;1;76.00;04/02/2015;-0.127647;38.537912
CV-VUT0031509-A;VI EMILIO ORTUÑO, 14, Es:1 Pl:12 Pt:D;03501;0596611YH5609N0134GR;2;1;37.00;10/01/1994;-0.127647;38.537912
CV-VUT0031497-A;VI EMILIO ORTUÑO, 14, Es:1 Pl:13 Pt:E;03501;0596611YH5609N0139BO;3;2;37.00;10/01/1994;-0.127647;38.537912
CV-VUT0324114-A;VI EMILIO ORTUÑO, 14, Es:1 Pl:14 Pt:B;03501;0596611YH5609N0141LI;4;2;76.00;07/11/2023;-0.127647;38.537912
CV-VUT0322609-A;VI EMILIO ORTUÑO, 14, Es:1 Pl:15 Pt:C;03501;0596611YH5609N0147WF;4;2;76.00;29/05/2018;-0.127647;38.537912
CV-VUT0031508-A;VI EMILIO ORTUÑO, 14, Es:1 Pl:15 Pt:E;03501;0596611YH5609N0149RH;4;2;76.00;10/01/1994;-0.127647;38.537912
CV-VUT0440904-A;VI EMILIO ORTUÑO, 14, Es:1 Pl:15 Pt:F;03501;0596611YH5609N0150WF;0;0;37.00;08/08/2014;-0.127647;38.537912
CV-VUT0514881-A;VI EMILIO ORTUÑO, 16, Es:1 Pl:06 Pt:B;03501;0596612YH5609N0040QR;6;3;96.00;12/03/2025;-0.126760;38.538024
CV-VUT0493495-A;VI EMILIO ORTUÑO, 16, Es:1 Pl:13 Pt:A;03501;0596612YH5609N0067XW;6;3;97.00;21/11/2022;-0.126760;38.538024
CV-VUT0515367-A;VI EMILIO ORTUÑO, 16, Es:1 Pl:13 Pt:D;03501;0596612YH5609N0070XW;6;3;97.00;26/03/2025;-0.126760;38.538024
CV-VUT0472988-A;VI EMILIO ORTUÑO, 16, Es:1 Pl:14 Pt:C;03501;0596612YH5609N0073WT;6;3;96.00;07/01/2019;-0.126760;38.538024
CV-VUT0470645-A;VI EMILIO ORTUÑO, 19, Es:1 Pl:02 Pt:08;03501;0699301YH5609N0023TH;2;1;34.00;14/09/2018;-0.125658;38.539775
CV-VUT0321899-A;VI EMILIO ORTUÑO, 19, Es:1 Pl:06 Pt:11;03501;0699301YH5609N0074KY;2;1;34.00;04/05/2016;-0.125658;38.539775
CV-VUT0323910-A;VI EMILIO ORTUÑO, 21, Es:1 Pl:03 Pt:B;03501;0699308YH5609N0018BF;2;1;59.00;07/02/2023;-0.125285;38.539976
CV-VUT0322682-A;VI EMILIO ORTUÑO, 21, Es:1 Pl:03 Pt:C;03501;0699308YH5609N0019ZG;2;1;59.00;17/06/2018;-0.125285;38.539976
CV-VUT0483234-A;VI EMILIO ORTUÑO, 21, Es:1 Pl:05 Pt:C;03501;0699308YH5609N0028RZ;2;1;59.00;14/09/2020;-0.125285;38.539976
CV-VUT0324189-A;VI EMILIO ORTUÑO, 21, Es:1 Pl:18 Pt:E;03501;0699308YH5609N0095RZ;;1;59.00;14/02/2024;-0.125285;38.539976
CV-VUT0494627-A;VI EMILIO ORTUÑO, 22, Es:1 Pl:06 Pt:C;03501;0798808YH5609N0024UJ;2;1;60.00;23/01/2023;-0.125843;38.539293
CV-VUT0504700-A;VI EMILIO ORTUÑO, 22, Es:1 Pl:09 Pt:B;03501;0798808YH5609N0035GW;2;1;60.00;24/01/2024;-0.125843;38.539293
CV-VUT0482826-A;VI EMILIO ORTUÑO, 22, Es:1 Pl:13 Pt:D;03501;0798808YH5609N0053RF;4;2;93.00;03/08/2020;-0.125843;38.539293
CV-VUT0482643-A;VI EMILIO ORTUÑO, 28, Es:1 Pl:01 Pt:B;03501;0798810YH5609N0025XK;2;1;67.00;16/07/2020;-0.124158;38.540578
CV-VUT0324263-A;VI EMILIO ORTUÑO, 28, Es:1 Pl:09 Pt:A;03501;0798810YH5609N0057XK;2;1;76.00;09/04/2024;-0.124158;38.540578
CV-VUT0323681-A;VI EMILIO ORTUÑO, 28, Es:1 Pl:10 Pt:C;03501;0798810YH5609N0063WZ;2;1;67.00;27/04/2022;-0.124158;38.540578
CV-VUT0476408-A;VI EMILIO ORTUÑO, 28, Es:1 Pl:11 Pt:D;03501;0798810YH5609N0068UE;2;1;76.00;05/06/2019;-0.124158;38.540578
CV-VUT0476742-A;VI EMILIO ORTUÑO, 28, Es:1 Pl:12 Pt:D;03501;0798810YH5609N0072IR;2;1;76.00;14/06/2019;-0.124158;38.540578
CV-VUT0467102-A;VI EMILIO ORTUÑO, 31, Es:1 Pl:03 Pt:C;03501;0700802YH5609N0228XR;4;2;79.00;22/05/2018;-0.124317;38.541270
CV-VUT0515266-A;VI EMILIO ORTUÑO, 31, Es:1 Pl:07 Pt:C;03501;0700802YH5609N0240TP;5;3;79.00;25/03/2025;-0.124317;38.541270
CV-VUT0323000-A;VI EMILIO ORTUÑO, 31, Es:1 Pl:11 Pt:C;03501;0700802YH5609N0252FL;4;2;79.00;13/05/2019;-0.124317;38.541270
CV-VUT0477008-A;VI EMILIO ORTUÑO, 8, Es:1 Pl:04 Pt:13;03501;0395705YH5609N0122JK;2;1;33.00;27/06/2019;-0.128624;38.537077
CV-VUT0459026-A;AV ALFONSO PUCHADES, 15A, Es:2 Pl:05 Pt:A;03502;0402903YH5700S0032KB;4;3;101.00;05/10/2017;-0.128745;38.543726
CV-VUT0323177-A;AV ALFONSO PUCHADES, 6, Es:A Pl:01 Pt:A;03502;0401809YH5700S0274UP;6;3;115.00;21/10/2019;-0.129586;38.543457
CV-VUT0323178-A;AV ALFONSO PUCHADES, 6, Es:A Pl:01 Pt:B;03502;0401809YH5700S0275IA;6;3;112.00;21/10/2019;-0.129586;38.543457
CV-VUT0323179-A;AV ALFONSO PUCHADES, 6, Es:A Pl:01 Pt:C;03502;0401809YH5700S0276OS;6;3;115.00;21/10/2019;-0.129586;38.543457
CV-VUT0454855-A;AV ALFONSO PUCHADES, 6, Es:A Pl:02 Pt:B;03502;0401809YH5700S0278AF;6;3;112.00;28/04/2017;-0.129586;38.543457
CV-VUT0323180-A;AV ALFONSO PUCHADES, 6, Es:A Pl:03 Pt:B;03502;0401809YH5700S0281AF;6;3;112.00;21/10/2019;-0.129586;38.543457
CV-VUT0323181-A;AV ALFONSO PUCHADES, 6, Es:A Pl:03 Pt:C;03502;0401809YH5700S0282SG;6;3;115.00;21/10/2019;-0.129586;38.543457
CV-VUT0471565-A;AV ALFONSO PUCHADES, 6, Es:A Pl:04 Pt:A;03502;0401809YH5700S0283DH;6;3;115.00;05/11/2018;-0.129586;38.543457
CV-VUT0471566-A;AV ALFONSO PUCHADES, 6, Es:A Pl:04 Pt:B;03502;0401809YH5700S0284FJ;6;3;112.00;05/11/2018;-0.129586;38.543457
CV-VUT0323182-A;AV ALFONSO PUCHADES, 6, Es:A Pl:06 Pt:C;03502;0401809YH5700S0291KZ;6;3;115.00;21/10/2019;-0.129586;38.543457
CV-VUT0323183-A;AV ALFONSO PUCHADES, 6, Es:A Pl:07 Pt:B;03502;0401809YH5700S0293BM;6;3;112.00;21/10/2019;-0.129586;38.543457
CV-VUT0323184-A;AV ALFONSO PUCHADES, 6, Es:A Pl:07 Pt:C;03502;0401809YH5700S0294ZQ;6;3;115.00;21/10/2019;-0.129586;38.543457
CV-VUT0323041-A;AV ALFONSO PUCHADES, 6, Es:A Pl:08 Pt:C;03502;0401809YH5700S0297QR;6;3;115.00;13/06/2019;-0.129586;38.543457
CV-VUT0323185-A;AV ALFONSO PUCHADES, 6, Es:A Pl:09 Pt:C;03502;0401809YH5700S0300EY;6;3;115.00;21/10/2019;-0.129586;38.543457
CV-VUT0323188-A;AV ALFONSO PUCHADES, 6, Es:A Pl:10 Pt:A;03502;0401809YH5700S0301RU;4;2;115.00;22/10/2019;-0.129586;38.543457
CV-VUT0323186-A;AV ALFONSO PUCHADES, 6, Es:A Pl:11 Pt:C;03502;0401809YH5700S0306OS;6;3;115.00;21/10/2019;-0.129586;38.543457
CV-VUT0323042-A;AV ALFONSO PUCHADES, 6, Es:A Pl:12 Pt:A;03502;0401809YH5700S0307PD;4;2;115.00;13/06/2019;-0.129586;38.543457
CV-VUT0323152-A;AV ALFONSO PUCHADES, 6, Es:A Pl:12 Pt:B;03502;0401809YH5700S0308AF;6;3;112.00;17/10/2019;-0.129586;38.543457
CV-VUT0451922-A;AV ALFONSO PUCHADES, 6, Es:A Pl:12 Pt:C;03502;0401809YH5700S0309SG;6;3;115.00;16/12/2016;-0.129586;38.543457
CV-VUT0323187-A;AV ALFONSO PUCHADES, 6, Es:A Pl:13 Pt:C;03502;0401809YH5700S0312SG;6;3;115.00;21/10/2019;-0.129586;38.543457
CV-VUT0493560-A;AV ANDALUCIA, 11, Es:1 Pl:10 Pt:03;03502;0405302YH5700N0059ZP;4;2;76.00;24/11/2022;-0.127704;38.546414
CV-VUT0489414-A;AV ANDALUCIA, 4, Es:1 Pl:06 Pt:A;03502;0602703YH5700S0019PD;8;4;104.00;06/04/2022;-0.125221;38.543066
CV-VUT0322474-A;AV ARMADA ESPAÑOLA, 10, Es:1 Pl:01 Pt:01;03502;9195510YH4699N0007PU;4;2;104.00;26/03/2018;-0.142201;38.537456
CV-VUT0322475-A;AV ARMADA ESPAÑOLA, 10, Es:1 Pl:01 Pt:02;03502;9195510YH4699N0008AI;4;2;112.00;26/03/2018;-0.142201;38.537456
CV-VUT0322473-A;AV ARMADA ESPAÑOLA, 10, Es:1 Pl:02 Pt:05;03502;9195510YH4699N0011AI;4;2;104.00;26/03/2018;-0.142201;38.537456
CV-VUT0323817-A;AV ARMADA ESPAÑOLA, 10, Es:1 Pl:03 Pt:11;03502;9195510YH4699N0016HD;4;2;112.00;05/10/2022;-0.142201;38.537456
CV-VUT0476159-A;AV ARMADA ESPAÑOLA, 10, Es:1 Pl:04 Pt:13;03502;9195510YH4699N0018KG;5;3;104.00;24/05/2019;-0.142201;38.537456
CV-VUT0518100-A;AV ARMADA ESPAÑOLA, 13A, Es:1 Pl:02 Pt:C;03502;8996902YH4699N0387BE;4;2;85.00;11/08/2025;-0.144247;38.537284
CV-VUT0480588-A;AV ARMADA ESPAÑOLA, 13A, Es:1 Pl:03 Pt:C;03502;8996902YH4699N0391ZR;3;2;85.00;14/01/2020;-0.144247;38.537284
CV-VUT0479457-A;AV ARMADA ESPAÑOLA, 13A, Es:1 Pl:05 Pt:C;03502;8996902YH4699N0399YS;4;2;85.00;05/11/2019;-0.144247;38.537284
CV-VUT0519187-A;AV ARMADA ESPAÑOLA, 13A, Es:1 Pl:09 Pt:B;03502;8996902YH4699N0414JM;4;2;85.00;20/11/2025;-0.144247;38.537284
CV-VUT0451741-A;AV ARMADA ESPAÑOLA, 13A, Es:1 Pl:20 Pt:B;03502;8996902YH4699N0458EO;4;2;85.00;09/12/2016;-0.144247;38.537284
CV-VUT0471649-A;AV XIXO, 3A, Es:2 Pl:02 Pt:C;03502;8996902YH4699N0487MY;5;3;88.00;07/11/2018;-0.144247;38.537284
CV-VUT0323840-A;AV XIXO, 3A, Es:2 Pl:06 Pt:A;03502;8996902YH4699N0501PH;6;3;130.00;25/11/2022;-0.144247;38.537284
CV-VUT0455783-A;AV XIXO, 3A, Es:2 Pl:07 Pt:D;03502;8996902YH4699N0508JM;6;3;130.00;25/05/2017;-0.144247;38.537284
CV-VUT0443210-A;AV XIXO, 3A, Es:2 Pl:09 Pt:B;03502;8996902YH4699N0514BE;6;3;88.00;26/05/2015;-0.144247;38.537284
CV-VUT0470799-A;AV XIXO, 3A, Es:2 Pl:13 Pt:A;03502;8996902YH4699N0529OG;6;3;130.00;24/09/2018;-0.144247;38.537284
CV-VUT0495568-A;AV XIXO, 3A, Es:2 Pl:13 Pt:B;03502;8996902YH4699N0530UD;2;1;88.00;01/03/2023;-0.144247;38.537284
CV-VUT0475653-A;AV XIXO, 3A, Es:2 Pl:15 Pt:A;03502;8996902YH4699N0537FB;8;4;130.00;08/05/2019;-0.144247;38.537284
CV-VUT0497910-A;AV XIXO, 3A, Es:2 Pl:24 Pt:C;03502;8996902YH4699N0575JM;4;2;88.00;06/04/2023;-0.144247;38.537284
CV-VUT0477525-A;AV XIXO, 3A, Es:2 Pl:25 Pt:B;03502;8996902YH4699N0578BE;4;2;88.00;12/07/2019;-0.144247;38.537284
CV-VUT0324106-A;AV XIXO, 5A, Es:3 Pl:02 Pt:A;03502;8996902YH4699N0595IF;4;2;76.00;24/10/2023;-0.144247;38.537284
CV-VUT0485291-A;AV ARMADA ESPAÑOLA, 14B, Es:1 Pl:01 Pt:B;03502;8996907YH4689N0070LX;4;2;56.00;08/03/2021;-0.145102;38.537290
CV-VUT0324027-A;AV ARMADA ESPAÑOLA, 14B, Es:1 Pl:02 Pt:E;03502;8996907YH4689N0104ME;4;2;86.00;04/07/2023;-0.145102;38.537290
CV-VUT0444342-A;AV ARMADA ESPAÑOLA, 14B, Es:1 Pl:05 Pt:A;03502;8996907YH4689N0119SG;4;2;65.00;22/09/2015;-0.145102;38.537290
CV-VUT0449315-A;AV ARMADA ESPAÑOLA, 14B, Es:1 Pl:05 Pt:D;03502;8996907YH4689N0122SG;4;2;82.00;01/08/2016;-0.145102;38.537290
CV-VUT0460763-A;AV ARMADA ESPAÑOLA, 15, Es:1 Pl:08 Pt:DR;03502;8996903YH4689S0017JK;8;4;95.00;30/11/2017;-0.145624;38.537295
CV-VUT0497134-A;AV ARMADA ESPAÑOLA, 16, Es:1 Pl:04 Pt:IZ;03502;8996902YH4689S0010QA;8;4;97.00;17/04/2023;-0.146082;38.537252
CV-VUT0502579-A;AV ARMADA ESPAÑOLA, 16, Es:1 Pl:06 Pt:DR;03502;8996902YH4689S0013RF;6;3;97.00;17/10/2023;-0.146082;38.537252
CV-VUT0475984-A;AV ARMADA ESPAÑOLA, 16, Es:2 Pl:01 Pt:DR;03502;8996902YH4689S0021OL;10;5;97.00;20/05/2019;-0.146082;38.537252
CV-VUT0450264-A;AV ARMADA ESPAÑOLA, 16, Es:2 Pl:07 Pt:IZ;03502;8996902YH4689S0034LY;6;3;97.00;26/09/2016;-0.146082;38.537252
CV-VUT0481389-A;AV ARMADA ESPAÑOLA, 17, Es:1 Pl:02 Pt:IZ;03502;8996901YH4689S0007GA;8;4;100.00;28/02/2020;-0.146527;38.537236
CV-VUT0463431-A;AV ARMADA ESPAÑOLA, 18, Es:1 Pl:02 Pt:C;03502;8594504YH4689S0011ES;4;2;97.00;05/02/2018;-0.147575;38.537077
CV-VUT0476155-A;AV ARMADA ESPAÑOLA, 18, Es:1 Pl:02 Pt:F;03502;8594504YH4689S0014YG;4;3;97.00;24/05/2019;-0.147575;38.537077
CV-VUT0322728-A;AV ARMADA ESPAÑOLA, 18, Es:1 Pl:03 Pt:C;03502;8594504YH4689S0017OK;4;2;97.00;02/07/2018;-0.147575;38.537077
CV-VUT0484032-A;AV ARMADA ESPAÑOLA, 18, Es:1 Pl:05 Pt:D;03502;8594504YH4689S0030HW;4;2;97.00;30/10/2020;-0.147575;38.537077
CV-VUT0488811-A;AV ARMADA ESPAÑOLA, 18, Es:1 Pl:06 Pt:C;03502;8594504YH4689S0035ZU;4;2;97.00;02/03/2022;-0.147575;38.537077
CV-VUT0500443-A;AV ARMADA ESPAÑOLA, 20, Es:1 Pl:02 Pt:G;03502;8594502YH4689S0018GL;4;2;59.00;26/07/2023;-0.148481;38.537059
CV-VUT0485775-A;AV ARMADA ESPAÑOLA, 20, Es:1 Pl:03 Pt:D;03502;8594502YH4689S0023JZ;2;1;59.00;23/04/2021;-0.148481;38.537059
CV-VUT0510023-A;AV ARMADA ESPAÑOLA, 21, Es:1 Pl:05 Pt:29;03502;8594501YH4689S0033GT;6;3;76.00;08/07/2024;-0.148948;38.536920
CV-VUT0499197-A;AV ARMADA ESPAÑOLA, 21, Es:1 Pl:05 Pt:31;03502;8594501YH4689S0035JU;4;2;76.00;13/06/2023;-0.148948;38.536920
CV-VUT0458441-A;AV ARMADA ESPAÑOLA, 21, Es:1 Pl:07 Pt:45;03502;8594501YH4689S0049TK;4;2;76.00;12/09/2017;-0.148948;38.536920
CV-VUT0488494-A;AV ARMADA ESPAÑOLA, 21, Es:1 Pl:09 Pt:58;03502;8594501YH4689S0062SW;4;2;76.00;08/02/2022;-0.148948;38.536920
CV-VUT0478496-A;AV ARMADA ESPAÑOLA, 21, Es:1 Pl:09 Pt:59;03502;8594501YH4689S0063DE;6;3;76.00;09/09/2019;-0.148948;38.536920
CV-VUT0323451-A;AV ARMADA ESPAÑOLA, 22, Es:A Pl:02 Pt:C;03502;8594505YH4689S0074AA;4;2;91.00;25/11/2020;-0.149367;38.536801
CV-VUT0484769-A;AV ARMADA ESPAÑOLA, 22, Es:A Pl:07 Pt:B;03502;8594505YH4689S0070UU;2;1;60.00;22/01/2021;-0.149367;38.536801
CV-VUT0470846-A;AV ARMADA ESPAÑOLA, 24, Es:1 Pl:03 Pt:AC;03502;8294908YH4689S0015FH;8;4;92.00;26/09/2018;-0.150277;38.536576
CV-VUT0496270-A;AV ARMADA ESPAÑOLA, 24, Es:1 Pl:09 Pt:AD;03502;8294908YH4689S0053JL;6;3;92.00;20/03/2023;-0.150277;38.536576
CV-VUT0480707-A;AV ARMADA ESPAÑOLA, 24, Es:1 Pl:10 Pt:BD;03502;8294908YH4689S0062MW;6;3;92.00;21/01/2020;-0.150277;38.536576
CV-VUT0506455-A;AV ARMADA ESPAÑOLA, 25, Es:D Pl:05 Pt:B;03502;8294907YH4689S0025SM;6;3;93.00;21/03/2024;-0.150696;38.536503
CV-VUT0509850-A;AV ARMADA ESPAÑOLA, 25, Es:I Pl:03 Pt:A;03502;8294907YH4689S0032HR;6;3;93.00;03/07/2024;-0.150696;38.536503
CV-VUT0457593-A;AV ARMADA ESPAÑOLA, 26, Es:1 Pl:02 Pt:02;03502;8594506YH4689S0097FT;2;1;66.00;27/07/2017;-0.151221;38.536611
CV-VUT0480977-A;AV ARMADA ESPAÑOLA, 26, Es:1 Pl:04 Pt:02;03502;8594506YH4689S0111QG;4;2;66.00;03/02/2020;-0.151221;38.536611
CV-VUT0323025-A;AV ARMADA ESPAÑOLA, 26, Es:1 Pl:05 Pt:02;03502;8594506YH4689S0118IX;2;1;66.00;29/05/2019;-0.151221;38.536611
CV-VUT0323026-A;AV ARMADA ESPAÑOLA, 26, Es:1 Pl:05 Pt:03;03502;8594506YH4689S0119OM;2;1;68.00;29/05/2019;-0.151221;38.536611
CV-VUT0484206-A;AV ARMADA ESPAÑOLA, 26, Es:1 Pl:05 Pt:05;03502;8594506YH4689S0121IX;2;1;70.00;17/11/2020;-0.151221;38.536611
CV-VUT0312826-A;AV ARMADA ESPAÑOLA, 26, Es:1 Pl:08 Pt:01;03502;8594506YH4689S0138XD;4;2;80.00;08/11/1993;-0.151221;38.536611
CV-VUT0312825-A;AV ARMADA ESPAÑOLA, 26, Es:1 Pl:09 Pt:07;03502;8594506YH4689S0151YB;4;2;80.00;08/11/1993;-0.151221;38.536611
CV-VUT0003791-A;AV ARMADA ESPAÑOLA, 26, Es:1 Pl:10 Pt:01;03502;8594506YH4689S0152UZ;4;2;80.00;23/11/1993;-0.151221;38.536611
CV-VUT0003783-A;AV ARMADA ESPAÑOLA, 26, Es:1 Pl:10 Pt:02;03502;8594506YH4689S0153IX;2;1;66.00;23/11/1993;-0.151221;38.536611
CV-VUT0003784-A;AV ARMADA ESPAÑOLA, 26, Es:1 Pl:10 Pt:03;03502;8594506YH4689S0154OM;2;1;68.00;23/11/1993;-0.151221;38.536611
CV-VUT0003785-A;AV ARMADA ESPAÑOLA, 26, Es:1 Pl:10 Pt:04;03502;8594506YH4689S0155PQ;2;1;68.00;23/11/1993;-0.151221;38.536611
CV-VUT0003786-A;AV ARMADA ESPAÑOLA, 26, Es:1 Pl:10 Pt:05;03502;8594506YH4689S0156AW;2;1;70.00;23/11/1993;-0.151221;38.536611
CV-VUT0003787-A;AV ARMADA ESPAÑOLA, 26, Es:1 Pl:10 Pt:06;03502;8594506YH4689S0157SE;2;1;66.00;23/11/1993;-0.151221;38.536611
CV-VUT0312824-A;AV ARMADA ESPAÑOLA, 26, Es:1 Pl:10 Pt:07;03502;8594506YH4689S0158DR;4;2;80.00;08/11/1993;-0.151221;38.536611
CV-VUT0003779-A;AV ARMADA ESPAÑOLA, 26, Es:1 Pl:11 Pt:03;03502;8594506YH4689S0161DR;2;1;68.00;23/11/1993;-0.151221;38.536611
CV-VUT0003780-A;AV ARMADA ESPAÑOLA, 26, Es:1 Pl:11 Pt:04;03502;8594506YH4689S0162FT;2;1;68.00;23/11/1993;-0.151221;38.536611
CV-VUT0003781-A;AV ARMADA ESPAÑOLA, 26, Es:1 Pl:11 Pt:05;03502;8594506YH4689S0163GY;2;1;70.00;23/11/1993;-0.151221;38.536611
CV-VUT0003782-A;AV ARMADA ESPAÑOLA, 26, Es:1 Pl:11 Pt:06;03502;8594506YH4689S0164HU;2;1;66.00;23/11/1993;-0.151221;38.536611
CV-VUT0003790-A;AV ARMADA ESPAÑOLA, 26, Es:1 Pl:11 Pt:07;03502;8594506YH4689S0165JI;4;2;80.00;23/11/1993;-0.151221;38.536611
CV-VUT0488733-A;AV ARMADA ESPAÑOLA, 3A, Es:1 Pl:06 Pt:B;03502;9395510YH4699N0020QF;2;1;68.00;23/02/2022;-0.139397;38.537336
CV-VUT0480903-A;AV ARMADA ESPAÑOLA, 3B, Es:2 Pl:01 Pt:B;03502;9395514YH4699N0004RR;4;2;67.00;29/01/2020;-0.139235;38.537335
CV-VUT0321963-A;AV ARMADA ESPAÑOLA, 3B, Es:2 Pl:05 Pt:C;03502;9395514YH4699N0017FF;4;2;86.00;05/07/2016;-0.139235;38.537335
CV-VUT0496564-A;AV ARMADA ESPAÑOLA, 3C, Es:3 Pl:01 Pt:A;03502;9395511YH4699N0003XE;4;2;92.00;27/03/2023;-0.139097;38.537361
CV-VUT0508368-A;AV ARMADA ESPAÑOLA, 3C, Es:3 Pl:03 Pt:A;03502;9395511YH4699N0009TO;4;2;92.00;10/05/2024;-0.139097;38.537361
CV-VUT0489141-A;AV ARMADA ESPAÑOLA, 3D, Es:4 Pl:02 Pt:B;03502;9395512YH4699N0008DI;2;1;70.00;21/03/2022;-0.138950;38.537343
CV-VUT0484606-A;AV ARMADA ESPAÑOLA, 3D, Es:4 Pl:02 Pt:C;03502;9395512YH4699N0009FO;4;2;92.00;28/12/2020;-0.138950;38.537343
CV-VUT0495760-A;AV ARMADA ESPAÑOLA, 3F, Es:1 Pl:01 Pt:A;03502;9395515YH4699N0001PQ;4;2;105.00;07/03/2023;-0.139501;38.537603
CV-VUT0510744-A;AV ARMADA ESPAÑOLA, 3F, Es:1 Pl:01 Pt:B;03502;9395515YH4699N0002AW;2;1;75.00;01/08/2024;-0.139501;38.537603
CV-VUT0324286-A;AV ARMADA ESPAÑOLA, 3F, Es:1 Pl:02 Pt:A;03502;9395515YH4699N0004DR;4;2;105.00;22/04/2024;-0.139501;38.537603
CV-VUT0456995-A;AV ARMADA ESPAÑOLA, 3F, Es:1 Pl:03 Pt:C;03502;9395515YH4699N0009KO;8;4;105.00;07/07/2017;-0.139501;38.537603
CV-VUT0514342-A;AV ARMADA ESPAÑOLA, 3F, Es:1 Pl:06 Pt:B;03502;9395515YH4699N0017MF;2;1;75.00;06/02/2025;-0.139501;38.537603
CV-VUT0506659-A;AV ARMADA ESPAÑOLA, 3F, Es:1 Pl:06 Pt:C;03502;9395515YH4699N0018QG;4;2;105.00;28/03/2024;-0.139501;38.537603
CV-VUT0480863-A;AV ARMADA ESPAÑOLA, 3F, Es:1 Pl:08 Pt:A;03502;9395515YH4699N0022WH;4;2;105.00;27/01/2020;-0.139501;38.537603
CV-VUT0480770-A;AV ARMADA ESPAÑOLA, 3F, Es:1 Pl:13 Pt:B;03502;9395515YH4699N0038GY;2;1;75.00;22/01/2020;-0.139501;38.537603
CV-VUT0514425-A;AV ARMADA ESPAÑOLA, 3F, Es:1 Pl:13 Pt:C;03502;9395515YH4699N0039HU;4;2;105.00;21/02/2025;-0.139501;38.537603
CV-VUT0478443-A;AV ARMADA ESPAÑOLA, 3F, Es:1 Pl:14 Pt:A;03502;9395515YH4699N0040FT;5;3;105.00;04/09/2019;-0.139501;38.537603
CV-VUT0323359-A;AV ARMADA ESPAÑOLA, 3F, Es:1 Pl:15 Pt:B;03502;9395515YH4699N0044KO;2;1;75.00;09/07/2020;-0.139501;38.537603
CV-VUT0513098-A;AV ARMADA ESPAÑOLA, 3F, Es:1 Pl:16 Pt:C;03502;9395515YH4699N0048XD;6;3;105.00;02/12/2024;-0.139501;38.537603
CV-VUT0324087-A;AV ARMADA ESPAÑOLA, 5, Es: b pl.03 pta D;03502;9395503YH4699N0145PD;6;3;23.00;12/10/2023;-0.139943;38.537675
CV-VUT0485292-A;AV ARMADA ESPAÑOLA, 5, Es:A Pl:01 Pt:04;03502;9395503YH4699N0083PD;4;2;58.00;08/03/2021;-0.139943;38.537675
CV-VUT0489136-A;AV ARMADA ESPAÑOLA, 5, Es:A Pl:01 Pt:07;03502;9395503YH4699N0086DH;2;1;58.00;21/03/2022;-0.139943;38.537675
CV-VUT0496743-A;AV ARMADA ESPAÑOLA, 5, Es:A Pl:02 Pt:09;03502;9395503YH4699N0098XW;2;1;58.00;31/03/2023;-0.139943;38.537675
CV-VUT0322150-A;AV ARMADA ESPAÑOLA, 5, Es:A Pl:03 Pt:04;03502;9395503YH4699N0103EY;2;1;58.00;03/05/2017;-0.139943;38.537675
CV-VUT0479953-A;AV ARMADA ESPAÑOLA, 5, Es:A Pl:05 Pt:02;03502;9395503YH4699N0119HL;6;3;86.00;25/11/2019;-0.139943;38.537675
CV-VUT0324252-A;AV URUGUAY, 5, Es:C Pl:06 Pt:F;03502;9395503YH4699N0182SG;4;2;70.00;27/03/2024;-0.139943;38.537675
CV-VUT0459185-A;AV ARMADA ESPAÑOLA, 7, Es:1 Pl:03 Pt:0A;03502;9195503YH4699N0012XO;4;2;70.00;13/10/2017;-0.141234;38.537283
CV-VUT0322910-A;AV ARMADA ESPAÑOLA, 7, Es:2 Pl:01 Pt:0B;03502;9195503YH4699N0025OL;2;1;55.00;17/12/2018;-0.141234;38.537283
CV-VUT0511673-A;AV ARMADA ESPAÑOLA, 7, Es:3 Pl:01 Pt:B;03502;9195503YH4699N0043ZI;2;1;55.00;23/09/2024;-0.141234;38.537283
CV-VUT0322970-A;AV ARMADA ESPAÑOLA, 7, Es:3 Pl:02 Pt:B;03502;9195503YH4699N0046QA;2;1;55.00;18/04/2019;-0.141234;38.537283
CV-VUT0441990-A;AV ARMADA ESPAÑOLA, 9, Es:1 Pl:01 Pt:A;03502;9195505YH4699N0043HI;6;3;113.00;16/02/2015;-0.141900;38.537321
CV-VUT0321746-A;AV ARMADA ESPAÑOLA, 9, Es:1 Pl:02 Pt:E;03502;9195505YH4699N0053MG;5;3;93.00;01/06/2015;-0.141900;38.537321
CV-VUT0475424-A;AV ARMADA ESPAÑOLA, 9, Es:1 Pl:04 Pt:C;03502;9195505YH4699N0063UX;4;2;84.00;29/04/2019;-0.141900;38.537321
CV-VUT0321706-A;AV ARMADA ESPAÑOLA, 9, Es:1 Pl:06 Pt:C;03502;9195505YH4699N0075HI;4;2;84.00;29/09/2014;-0.141900;38.537321
CV-VUT0488316-A;AV BELGICA, 5, Es:1 Pl:20 Pt:A;03502;0702507YH5700S0081WI;4;2;87.00;21/01/2022;-0.123417;38.543955
CV-VUT0455168-A;AV BELGICA, 5, Es:1 Pl:22 Pt:C;03502;0702507YH5700S0091OG;2;1;72.00;09/05/2017;-0.123417;38.543955
CV-VUT0491378-A;AV BELGICA, 5, Es:1 Pl:23 Pt:A;03502;0702507YH5700S0093AJ;2;1;87.00;15/07/2022;-0.123417;38.543955
CV-VUT0455169-A;AV BELGICA, 5, Es:1 Pl:23 Pt:B;03502;0702507YH5700S0094SK;2;1;72.00;09/05/2017;-0.123417;38.543955
CV-VUT0463942-A;AV BELGICA, 7, Es:1 Pl:14 Pt:B;03502;0702502YH5700S0049YA;6;3;72.00;21/02/2018;-0.123937;38.544239
CV-VUT0487168-A;AV BENIARDA, 12A, Es:1 Pl:00 Pt:01;03502;9906707YH5700N0001YD;5;3;237.00;09/08/2021;-0.132870;38.546196
CV-VUT0475688-A;AV BENIARDA, 12A, Es:1 Pl:02 Pt:27;03502;9906707YH5700N0053BR;4;2;54.00;08/05/2019;-0.132870;38.546196
CV-VUT0473181-A;AV BENIARDA, 2, Es:1 Pl:01 Pt:01;03502;0003901YH5700S0005LW;4;2;60.00;17/01/2019;-0.132043;38.544133
CV-VUT0486650-A;AV BENIARDA, 2, Es:1 Pl:13 Pt:03;03502;0003901YH5700S0079EO;2;1;59.00;21/06/2021;-0.132043;38.544133
CV-VUT0472989-A;AV BENIARDA, 2, Es:1 Pl:15 Pt:03;03502;0003901YH5700S0091OG;4;2;59.00;07/01/2019;-0.132043;38.544133
CV-VUT0495315-A;AV BENIARDA, 2, Es:1 Pl:18 Pt:03;03502;0003901YH5700S0109EO;4;2;59.00;20/02/2023;-0.132043;38.544133
CV-VUT0458322-A;AV BENIARDA, 2, Es:1 Pl:20 Pt:02;03502;0003901YH5700S0120IF;6;3;75.00;07/09/2017;-0.132043;38.544133
CV-VUT0519108-A;AV BENISSA, 2, Es:1 Pl:06 Pt:16;03502;7792102YH4679S2016MO;4;2;128.00;13/11/2025;-0.162552;38.533950
CV-VUT0519573-A;AV BENISSA, 2, Es:1 Pl:08 Pt:23;03502;7792102YH4679S2023RD;4;2;130.00;18/12/2025;-0.162552;38.533950
CV-VUT0520197-A;AV BENISSA, 2, Es:1 Pl:09 Pt:25;03502;7792102YH4679S2025YG;5;3;128.00;12/02/2026;-0.162552;38.533950
CV-VUT0519709-A;AV BENISSA, 2, Es:1 Pl:10 Pt:27;03502;7792102YH4679S2027IJ;4;2;161.00;08/01/2026;-0.162552;38.533950
CV-VUT0519503-A;AV BENISSA, 2, Es:1 Pl:10 Pt:28;03502;7792102YH4679S2028OK;3;2;128.00;12/12/2025;-0.162552;38.533950
CV-VUT0518766-A;AV BENISSA, 2, Es:1 Pl:10 Pt:29;03502;7792102YH4679S2029PL;3;2;130.00;19/10/2025;-0.162552;38.533950
CV-VUT0521239-A;AV BENISSA, 2, Es:1 Pl:13 Pt:37;03502;7792102YH4679S2037GQ;4;2;128.00;05/05/2026;-0.162552;38.533950
CV-VUT0519629-A;AV BENISSA, 2, Es:1 Pl:13 Pt:38;03502;7792102YH4679S2038HW;4;2;130.00;25/12/2025;-0.162552;38.533950
CV-VUT0521528-A;AV BENISSA, 2, Es:1 Pl:14 Pt:39;03502;7792102YH4679S2039JE;6;3;161.00;21/05/2026;-0.162552;38.533950
CV-VUT0518579-A;AV BENISSA, 2, Es:1 Pl:19 Pt:54;03502;7792102YH4679S2054ES;6;3;161.00;26/09/2025;-0.162552;38.533950
CV-VUT0520267-A;AV BENISSA, 2, Es:1 Pl:19 Pt:56;03502;7792102YH4679S2056TF;4;2;130.00;19/02/2026;-0.162552;38.533950
CV-VUT0518957-A;AV BENISSA, 2, Es:1 Pl:20 Pt:58;03502;7792102YH4679S2058UH;6;3;128.00;04/11/2025;-0.162552;38.533950
CV-VUT0521010-A;AV BENISSA, 2, Es:1 Pl:29 Pt:84;03502;7792102YH4679S2083MO;4;2;130.00;21/04/2026;-0.162552;38.533950
CV-VUT0519911-A;AV BENISSA, 2, Es:1 Pl:31 Pt:89;03502;7792102YH4679S2088TF;4;2;128.00;22/01/2026;-0.162552;38.533950
CV-VUT0519905-A;AV BENISSA, 2, Es:1 Pl:32 Pt:91;03502;7792102YH4679S2090RD;6;3;161.00;22/01/2026;-0.162552;38.533950
CV-VUT0521291-A;AV BENISSA, 2, Es:1 Pl:35 Pt:98;03502;7792102YH4679S2097AB;8;4;228.00;07/05/2026;-0.162552;38.533950
CV-VUT0520347-A;AV BENISSA, 2, Es:2 Pl:02 Pt:102;03502;7792102YH4679S2101FM;4;2;128.00;26/02/2026;-0.162552;38.533950
CV-VUT0520556-A;AV BENISSA, 2, Es:2 Pl:03 Pt:104;03502;7792102YH4679S2103HW;6;4;129.00;12/03/2026;-0.162552;38.533950
CV-VUT0522786-A;AV BENISSA, 2, Es:2 Pl:03 Pt:106;03502;7792102YH4679S2105KR;6;3;160.00;18/09/2026;-0.162552;38.533950
CV-VUT0519896-A;AV BENISSA, 2, Es:2 Pl:13 Pt:135;03502;7792102YH4679S2134GQ;4;2;128.00;21/01/2026;-0.162552;38.533950
CV-VUT0520539-A;AV BENISSA, 2, Es:2 Pl:17 Pt:148;03502;7792102YH4679S2147WA;6;3;161.00;10/03/2026;-0.162552;38.533950
CV-VUT0520562-A;AV BENISSA, 2, Es:2 Pl:23 Pt:165;03502;7792102YH4679S2164DX;4;2;128.00;12/03/2026;-0.162552;38.533950
CV-VUT0520042-A;AV BENISSA, 2, Es:2 Pl:23 Pt:166;03502;7792102YH4679S2165FM;4;2;161.00;30/01/2026;-0.162552;38.533950
CV-VUT0519008-A;AV BENISSA, 2, Es:2 Pl:26 Pt:173;03502;7792102YH4679S2172KR;4;2;128.00;06/11/2025;-0.162552;38.533950
CV-VUT0518678-A;AV BENISSA, 2, Es:2 Pl:30 Pt:183;03502;7792102YH4679S2182WA;4;2;130.00;08/10/2025;-0.162552;38.533950
CV-VUT0519127-A;AV BENISSA, 2, Es:2 Pl:31 Pt:186;03502;7792102YH4679S2185TF;4;2;130.00;17/11/2025;-0.162552;38.533950
CV-VUT0519307-A;AV BENISSA, 2, Es:2 Pl:31 Pt:187;03502;7792102YH4679S2186YG;6;4;128.00;01/12/2025;-0.162552;38.533950
CV-VUT0522411-A;AV BENISSA, 2, Es:2 Pl:35 Pt:196;03502;7792102YH4679S2195SZ;8;4;228.00;30/07/2026;-0.162552;38.533950
CV-VUT0323843-A;AV VILLAJOYOSA LA, 34, Es:1 Pl:07 Pt:20;03502;7792102YH4679S2020QP;4;2;130.00;25/11/2022;-0.162552;38.533950
CV-VUT0516322-A;AV VILLAJOYOSA LA, 34, Es:1 Pl:24 Pt:71;03502;7792102YH4679S2070DX;6;3;130.00;30/04/2025;-0.162552;38.533950
CV-VUT0516344-A;AV VILLAJOYOSA LA, 34, Es:1 Pl:27 Pt:78;03502;7792102YH4679S2077BY;6;3;128.00;30/04/2025;-0.162552;38.533950
CV-VUT0513639-A;AV VILLAJOYOSA LA, 34, Es:2 Pl:10 Pt:125;03502;7792102YH4679S2124IJ;5;3;130.00;08/01/2025;-0.162552;38.533950
CV-VUT0516199-A;AV VILLAJOYOSA LA, 34, Es:2 Pl:19 Pt:153;03502;7792102YH4679S2152RD;4;2;128.00;30/04/2025;-0.162552;38.533950
CV-VUT0515883-A;AV VILLAJOYOSA LA, 34, Es:2 Pl:22 Pt:161;03502;7792102YH4679S2160OK;6;4;130.00;11/04/2025;-0.162552;38.533950
CV-VUT0465603-A;AV BENISSA, 3A, Es:1 Pl:05 Pt:0E;03502;7391102YH4679S0031JX;2;1;41.00;17/04/2018;-0.164153;38.533669
CV-VUT0323228-A;AV BENISSA, 3A, Es:1 Pl:07 Pt:0E;03502;7391102YH4679S0043EI;2;1;41.00;05/12/2019;-0.164153;38.533669
CV-VUT0322468-A;AV BENISSA, 3A, Es:1 Pl:08 Pt:0A;03502;7391102YH4679S0045TP;4;2;58.00;23/03/2018;-0.164153;38.533669
CV-VUT0484518-A;AV BENISSA, 3A, Es:1 Pl:13 Pt:0B;03502;7391102YH4679S0076RO;2;1;41.00;16/12/2020;-0.164153;38.533669
CV-VUT0323925-A;AV CALLOSA D'EN SARRIA, 2, Es:1 Pl:01 Pt:A;03502;0104201YH5700S2401GY;2;1;119.00;09/03/2023;-0.131616;38.545246
CV-VUT0323924-A;AV CALLOSA D'EN SARRIA, 2, Es:1 Pl:01 Pt:B;03502;0104201YH5700S2402HU;2;1;106.00;09/03/2023;-0.131616;38.545246
CV-VUT0323923-A;AV CALLOSA D'EN SARRIA, 2, Es:1 Pl:01 Pt:C;03502;0104201YH5700S2403JI;2;1;104.00;09/03/2023;-0.131616;38.545246
CV-VUT0457939-A;AV CALP DE, 2E, Bloque:II Es:2 Pl:07 Pt:27;03502;7391106YH4679S0070AE;6;3;100.00;08/05/2017;-0.163755;38.534345
CV-VUT0501043-A;AV CALP DE, 5, Es:1 Pl:07 Pt:B;03502;7191825YH4679S0048ZD;4;2;91.00;23/08/2023;-0.164651;38.534443
CV-VUT0323428-A;AV CALP DE, 6D, Es:1 Pl:14 Pt:B;03502;7391105YH4679S0054GH;6;3;145.00;06/10/2020;-0.164055;38.535242
CV-VUT0481932-A;AV CALP DE, 6D, Es:2 Pl:12 Pt:F;03502;7391105YH4679S0105UI;6;3;146.00;12/05/2020;-0.164055;38.535242
CV-VUT0452661-A;AV COSTA RICA, 2, Bloque:1 Es:1 Pl:07 Pt:C;03502;9098201YH4689N0149MD;3;2;118.00;26/01/2017;-0.144402;38.539812
CV-VUT0479821-A;AV COSTA RICA, 2, Bloque:1 Es:1 Pl:11 Pt:E;03502;9098201YH4689N0160TK;7;4;130.00;19/11/2019;-0.144402;38.539812
CV-VUT0488824-A;AV COSTA RICA, 4, Bloque:2 Es:2 Pl:08 Pt:B;03502;9098201YH4689N0208BP;4;2;88.00;02/03/2022;-0.144402;38.539812
CV-VUT0520910-A;AV CUBA, 3, Es:1 Pl:11 Pt:F;03502;9397101YH4699N0139YP;3;2;55.00;12/04/2026;-0.140957;38.540082
CV-VUT0513713-A;AV RICARDO BAYONA, 1, Es:1 Pl:09 Pt:C;03502;9397101YH4699N0052PF;2;1;60.00;13/01/2025;-0.140957;38.540082
CV-VUT0516003-A;AV RICARDO BAYONA, 1, Es:2 Pl:00 Pt:E;03502;9397101YH4699N0293XE;2;1;63.00;17/04/2025;-0.140957;38.540082
CV-VUT0493291-A;AV RICARDO BAYONA, 1, Es:2 Pl:00 Pt:P;03502;9397101YH4699N0073WY;6;3;80.00;09/11/2022;-0.140957;38.540082
CV-VUT0499827-A;AV RICARDO BAYONA, 1, Es:2 Pl:02 Pt:E;03502;9397101YH4699N0084PF;1;1;55.00;04/07/2023;-0.140957;38.540082
CV-VUT0481693-A;AV RICARDO BAYONA, 1, Es:2 Pl:04 Pt:D;03502;9397101YH4699N0095KX;2;1;55.00;23/03/2020;-0.140957;38.540082
CV-VUT0503806-A;AV RICARDO BAYONA, 1, Es:2 Pl:08 Pt:A;03502;9397101YH4699N0116SH;2;1;55.00;28/11/2023;-0.140957;38.540082
CV-VUT0513178-A;AV RICARDO BAYONA, 1, Es:3 Pl:01 Pt:A;03502;9397101YH4699N0152DJ;2;1;52.00;08/12/2024;-0.140957;38.540082
CV-VUT0512413-A;AV RICARDO BAYONA, 1, Es:3 Pl:02 Pt:C;03502;9397101YH4699N0158LM;2;1;52.00;26/10/2024;-0.140957;38.540082
CV-VUT0482759-A;AV RICARDO BAYONA, 1, Es:3 Pl:08 Pt:A;03502;9397101YH4699N0192KX;2;1;52.00;28/07/2020;-0.140957;38.540082
CV-VUT0488996-A;AV RICARDO BAYONA, 1, Es:4 Pl:01 Pt:F;03502;9397101YH4699N0226XE;2;1;62.00;14/03/2022;-0.140957;38.540082
CV-VUT0003595-A;AV FINLANDIA, 2, Es:1 Pl:03 Pt:A;03502;0702505YH5700S0041WE;2;1;64.00;28/10/1993;-0.123757;38.543102
CV-VUT0003794-A;AV FINLANDIA, 2, Es:1 Pl:10 Pt:D;03502;0702505YH5700S0072QW;2;1;64.00;28/10/1993;-0.123757;38.543102
CV-VUT0486136-A;AV FINLANDIA, 2, Es:1 Pl:16 Pt:A;03502;0702505YH5700S0093HJ;3;2;64.00;21/05/2021;-0.123757;38.543102
CV-VUT0324163-A;AV MARINA ALTA, 4, Bloque:1 Es:1 Pl:08 Pt:02;03502;7693905YH4679S0023AJ;6;3;171.00;25/01/2024;-0.160570;38.535733
CV-VUT0324023-A;AV MARINA ALTA, 4, Bloque:2 Es:2 Pl:07 Pt:01;03502;7693905YH4679S0070BE;7;4;201.00;28/06/2023;-0.160570;38.535733
CV-VUT0324306-A;AV MARINA BAIXA, 1, Es:B Pl:10 Pt:02;03502;7792108YH4679S0172UI;2;1;73.00;10/05/2024;-0.160775;38.533778
CV-VUT0461576-A;AV MARINA BAIXA, 1, Es:B Pl:13 Pt:04;03502;7792108YH4679S0192ZX;6;3;101.00;19/12/2017;-0.160775;38.533778
CV-VUT0519291-A;AV MARINA BAIXA, 3, Es:A Pl:10 Pt:03;03502;7792108YH4679S0089KL;6;3;119.00;28/11/2025;-0.160775;38.533778
CV-VUT0460587-A;AV MARINA BAIXA, 3, Es:A Pl:12 Pt:02;03502;7792108YH4679S0094BZ;4;2;72.00;28/11/2017;-0.160775;38.533778
CV-VUT0457904-A;AV MARINA BAIXA, 2X, Es:1 Pl:11 Pt:03;03502;7792107YH4679S0101JR;5;3;115.00;02/05/2017;-0.158766;38.534404
CV-VUT0519786-A;AV MARINA BAIXA, 2X, Es:1 Pl:15 Pt:05;03502;7792107YH4679S0127FQ;2;1;65.00;15/01/2026;-0.158766;38.534404
CV-VUT0452094-A;AV MARINA BAIXA, 2X, Es:1 Pl:16 Pt:04;03502;7792107YH4679S0132HE;7;4;154.00;30/12/2016;-0.158766;38.534404
CV-VUT0513012-A;AV MARINA BAIXA, 4Z, Es:1 Pl:03 Pt:03;03502;7792104YH4679S0051XD;6;3;127.00;25/11/2024;-0.158328;38.534627
CV-VUT0464910-A;AV MARINA BAIXA, 7, Es:B Pl:20 Pt:05;03502;7693909YH4679S0158UM;4;2;107.00;27/03/2018;-0.158684;38.536427
CV-VUT0323641-A;AV MEXICO, 6, Es:1 Pl:01 Pt:A;03502;8195301YH4689N1001LK;2;1;106.00;23/03/2022;-0.154851;38.537873
CV-VUT0323810-A;AV MEXICO, 6, Es:1 Pl:01 Pt:B;03502;8195301YH4689N0002XZ;4;2;95.00;28/09/2022;-0.154851;38.537873
CV-VUT0512048-A;AV MEXICO, 6, Es:1 Pl:02 Pt:B;03502;8195301YH4689N0010RE;4;2;114.00;11/10/2024;-0.154851;38.537873
CV-VUT0324166-A;AV MEXICO, 6, Es:1 Pl:02 Pt:C;03502;8195301YH4689N0011TR;4;2;146.00;26/01/2024;-0.154851;38.537873
CV-VUT0323834-A;AV MEXICO, 6, Es:1 Pl:03 Pt:A;03502;8195301YH4689N0015OI;4;2;144.00;12/11/2022;-0.154851;38.537873
CV-VUT0323951-A;AV MEXICO, 6, Es:1 Pl:03 Pt:C;03502;8195301YH4689N0017AP;4;2;146.00;28/03/2023;-0.154851;38.537873
CV-VUT0516721-A;AV MEXICO, 6, Es:1 Pl:04 Pt:B;03502;8195301YH4689N0022DS;3;2;114.00;26/05/2025;-0.154851;38.537873
CV-VUT0323880-A;AV MEXICO, 6, Es:1 Pl:04 Pt:C;03502;8195301YH4689N0023FD;4;2;146.00;14/12/2022;-0.154851;38.537873
CV-VUT0323849-A;AV MEXICO, 6, Es:1 Pl:05 Pt:A;03502;8195301YH4689N0027KJ;4;2;144.00;25/11/2022;-0.154851;38.537873
CV-VUT0323852-A;AV MEXICO, 6, Es:1 Pl:05 Pt:B;03502;8195301YH4689N0028LK;4;2;114.00;25/11/2022;-0.154851;38.537873
CV-VUT0323719-A;AV MEXICO, 6, Es:1 Pl:05 Pt:C;03502;8195301YH4689N0029BL;4;2;146.00;15/06/2022;-0.154851;38.537873
CV-VUT0492685-A;AV MEXICO, 6, Es:1 Pl:06 Pt:B;03502;8195301YH4689N0034XZ;4;2;114.00;07/10/2022;-0.154851;38.537873
CV-VUT0491654-A;AV MEXICO, 6, Es:1 Pl:06 Pt:C;03502;8195301YH4689N0035MX;4;2;146.00;29/07/2022;-0.154851;38.537873
CV-VUT0512170-A;AV MEXICO, 6, Es:1 Pl:07 Pt:A;03502;8195301YH4689N0039RE;4;2;144.00;17/10/2024;-0.154851;38.537873
CV-VUT0518237-A;AV MEXICO, 6, Es:1 Pl:08 Pt:B;03502;8195301YH4689N0046IU;4;2;114.00;26/08/2025;-0.154851;38.537873
CV-VUT0518235-A;AV MEXICO, 6, Es:1 Pl:09 Pt:B;03502;8195301YH4689N0052AP;4;2;114.00;26/08/2025;-0.154851;38.537873
CV-VUT0509500-A;AV MEXICO, 6, Es:1 Pl:09 Pt:C;03502;8195301YH4689N0053SA;4;2;146.00;20/06/2024;-0.154851;38.537873
CV-VUT0514605-A;AV MEXICO, 6, Es:1 Pl:10 Pt:A;03502;8195301YH4689N0057HG;4;2;144.00;03/03/2025;-0.154851;38.537873
CV-VUT0323848-A;AV MEXICO, 6, Es:1 Pl:10 Pt:C;03502;8195301YH4689N0059KJ;4;2;146.00;25/11/2022;-0.154851;38.537873
CV-VUT0513872-A;AV MEXICO, 6, Es:1 Pl:11 Pt:B;03502;8195301YH4689N0064BL;4;2;114.00;22/01/2025;-0.154851;38.537873
CV-VUT0516476-A;AV MEXICO, 6, Es:1 Pl:11 Pt:C;03502;8195301YH4689N0065ZB;4;2;146.00;14/05/2025;-0.154851;38.537873
CV-VUT0323844-A;AV MEXICO, 6, Es:1 Pl:12 Pt:A;03502;8195301YH4689N0069WQ;4;2;144.00;25/11/2022;-0.154851;38.537873
CV-VUT0504734-A;AV MEXICO, 6, Es:1 Pl:12 Pt:B;03502;8195301YH4689N0070MX;4;2;114.00;24/01/2024;-0.154851;38.537873
CV-VUT0324113-A;AV MEXICO, 6, Es:1 Pl:12 Pt:C;03502;8195301YH4689N0071QM;4;2;146.00;07/11/2023;-0.154851;38.537873
CV-VUT0323847-A;AV MEXICO, 6, Es:1 Pl:13 Pt:A;03502;8195301YH4689N0075TR;4;2;144.00;25/11/2022;-0.154851;38.537873
CV-VUT0517496-A;AV MEXICO, 6, Es:1 Pl:13 Pt:B;03502;8195301YH4689N0076YT;4;3;114.00;02/07/2025;-0.154851;38.537873
CV-VUT0323888-A;AV MEXICO, 6, Es:1 Pl:13 Pt:C;03502;8195301YH4689N0077UY;4;2;146.00;16/01/2023;-0.154851;38.537873
CV-VUT0323874-A;AV MEXICO, 6, Es:1 Pl:14 Pt:A;03502;8195301YH4689N0081IU;4;2;144.00;05/12/2022;-0.154851;38.537873
CV-VUT0513251-A;AV MEXICO, 6, Es:1 Pl:14 Pt:B;03502;8195301YH4689N0082OI;4;2;114.00;11/12/2024;-0.154851;38.537873
CV-VUT0324172-A;AV MEXICO, 6, Es:1 Pl:14 Pt:C;03502;8195301YH4689N0083PO;4;2;146.00;02/02/2024;-0.154851;38.537873
CV-VUT0507137-A;AV MEXICO, 6, Es:1 Pl:15 Pt:B;03502;8195301YH4689N0088GF;4;2;114.00;17/04/2024;-0.154851;38.537873
CV-VUT0323802-A;AV MEXICO, 6, Es:1 Pl:16 Pt:B;03502;8195301YH4689N0094KJ;4;2;114.00;22/09/2022;-0.154851;38.537873
CV-VUT0323803-A;AV MEXICO, 6, Es:1 Pl:16 Pt:C;03502;8195301YH4689N0095LK;4;2;146.00;22/09/2022;-0.154851;38.537873
CV-VUT0324134-A;AV MEXICO, 6, Es:1 Pl:18 Pt:A;03502;8195301YH4689N0105TR;4;2;144.00;23/11/2023;-0.154851;38.537873
CV-VUT0506376-A;AV MEXICO, 6, Es:1 Pl:18 Pt:B;03502;8195301YH4689N0106YT;4;2;114.00;20/03/2024;-0.154851;38.537873
CV-VUT0323871-A;AV MEXICO, 6, Es:1 Pl:20 Pt:C;03502;8195301YH4689N0119HG;4;2;146.00;05/12/2022;-0.154851;38.537873
CV-VUT0517255-A;AV MEXICO, 6, Es:1 Pl:21 Pt:A;03502;8195301YH4689N0123JH;4;2;144.00;18/06/2025;-0.154851;38.537873
CV-VUT0323713-A;AV MEXICO, 6, Es:1 Pl:21 Pt:C;03502;8195301YH4689N0125LK;4;2;146.00;15/06/2022;-0.154851;38.537873
CV-VUT0512537-A;AV MEXICO, 6, Es:1 Pl:22 Pt:A;03502;8195301YH4689N0129MX;4;2;144.00;04/11/2024;-0.154851;38.537873
CV-VUT0324243-A;AV MEXICO, 6, Es:1 Pl:22 Pt:B;03502;8195301YH4689N0130ZB;4;2;114.00;11/03/2024;-0.154851;38.537873
CV-VUT0519589-A;AV MEXICO, 6, Es:1 Pl:23 Pt:B;03502;8195301YH4689N0136RE;3;2;114.00;19/12/2025;-0.154851;38.537873
CV-VUT0323729-A;AV MEXICO, 6, Es:1 Pl:24 Pt:A;03502;8195301YH4689N0141YT;4;2;144.00;06/07/2022;-0.154851;38.537873
CV-VUT0324168-A;AV MEXICO, 6, Es:1 Pl:24 Pt:C;03502;8195301YH4689N0143IU;4;2;146.00;26/01/2024;-0.154851;38.537873
CV-VUT0513719-A;AV MEXICO, 6, Es:1 Pl:25 Pt:B;03502;8195301YH4689N0148DS;4;2;114.00;14/01/2025;-0.154851;38.537873
CV-VUT0323846-A;AV MEXICO, 6, Es:1 Pl:25 Pt:C;03502;8195301YH4689N0149FD;4;2;146.00;25/11/2022;-0.154851;38.537873
CV-VUT0324187-A;AV MEXICO, 6, Es:1 Pl:26 Pt:A;03502;8195301YH4689N0153GF;4;2;144.00;13/02/2024;-0.154851;38.537873
CV-VUT0516876-A;AV MEXICO, 6, Es:1 Pl:26 Pt:B;03502;8195301YH4689N0154HG;3;2;114.00;03/06/2025;-0.154851;38.537873
CV-VUT0324043-A;AV MEXICO, 6, Es:1 Pl:27 Pt:A;03502;8195301YH4689N0159ZB;6;3;144.00;21/07/2023;-0.154851;38.537873
CV-VUT0324133-A;AV MEXICO, 6, Es:1 Pl:27 Pt:B;03502;8195301YH4689N0160LK;4;2;114.00;22/11/2023;-0.154851;38.537873
CV-VUT0517644-A;AV MEXICO, 6, Es:1 Pl:27 Pt:C;03502;8195301YH4689N0161BL;4;2;146.00;10/07/2025;-0.154851;38.537873
CV-VUT0519959-A;AV MEXICO, 6, Es:1 Pl:28 Pt:A;03502;8195301YH4689N0165QM;3;2;144.00;26/01/2026;-0.154851;38.537873
CV-VUT0518238-A;AV MEXICO, 6, Es:1 Pl:28 Pt:B;03502;8195301YH4689N0166WQ;4;2;114.00;26/08/2025;-0.154851;38.537873
CV-VUT0512919-A;AV MEXICO, 6, Es:1 Pl:28 Pt:C;03502;8195301YH4689N0167EW;4;2;146.00;21/11/2024;-0.154851;38.537873
CV-VUT0324019-A;AV MEXICO, 6, Es:1 Pl:29 Pt:A;03502;8195301YH4689N0171RE;4;2;144.00;26/06/2023;-0.154851;38.537873
CV-VUT0324018-A;AV MEXICO, 6, Es:1 Pl:29 Pt:B;03502;8195301YH4689N0172TR;4;2;114.00;26/06/2023;-0.154851;38.537873
CV-VUT0521329-A;AV MEXICO, 6, Es:1 Pl:29 Pt:C;03502;8195301YH4689N0173YT;4;2;146.00;11/05/2026;-0.154851;38.537873
CV-VUT0519235-A;AV MEXICO, 6, Es:1 Pl:30 Pt:B;03502;8195301YH4689N0178AP;3;2;114.00;25/11/2025;-0.154851;38.537873
CV-VUT0514572-A;AV MEXICO, 6, Es:1 Pl:30 Pt:C;03502;8195301YH4689N0179SA;4;3;146.00;28/02/2025;-0.154851;38.537873
CV-VUT0519234-A;AV MEXICO, 6, Es:1 Pl:31 Pt:B;03502;8195301YH4689N0184FD;3;2;114.00;25/11/2025;-0.154851;38.537873
CV-VUT0495242-A;AV MEXICO, 6, Es:1 Pl:32 Pt:A;03502;8195301YH4689N0189LK;4;2;144.00;16/02/2023;-0.154851;38.537873
CV-VUT0514392-A;AV MEXICO, 6, Es:1 Pl:32 Pt:B;03502;8195301YH4689N0190JH;5;3;114.00;20/02/2025;-0.154851;38.537873
CV-VUT0517627-A;AV MEXICO, 6, Es:1 Pl:33 Pt:A;03502;8195301YH4689N0195XZ;4;2;144.00;09/07/2025;-0.154851;38.537873
CV-VUT0519237-A;AV MEXICO, 6, Es:1 Pl:33 Pt:B;03502;8195301YH4689N0196MX;3;2;114.00;25/11/2025;-0.154851;38.537873
CV-VUT0515349-A;AV MEXICO, 6, Es:1 Pl:33 Pt:C;03502;8195301YH4689N0197QM;4;3;146.00;26/03/2025;-0.154851;38.537873
CV-VUT0519540-A;AV MEXICO, 6, Es:1 Pl:34 Pt:B;03502;8195301YH4689N0202TR;4;2;114.00;16/12/2025;-0.154851;38.537873
CV-VUT0515566-A;AV MEXICO, 6, Es:1 Pl:35 Pt:B;03502;8195301YH4689N0208AP;3;2;114.00;20/02/2025;-0.154851;38.537873
CV-VUT0522634-A;AV MEXICO, 6, Es:1 Pl:35 Pt:C;03502;8195301YH4689N0209SA;4;2;146.00;01/09/2026;-0.154851;38.537873
CV-VUT0323643-A;AV MEXICO, 6, Es:1 Pl:37 Pt:A;03502;8195301YH4689N0219LK;4;2;144.00;31/03/2022;-0.154851;38.537873
CV-VUT0517493-A;AV MEXICO, 6, Es:1 Pl:37 Pt:B;03502;8195301YH4689N0220JH;3;2;114.00;01/07/2025;-0.154851;38.537873
CV-VUT0519955-A;AV MEXICO, 6, Es:1 Pl:40 Pt:A;03502;8195301YH4689N0233RE;5;3;267.00;26/01/2026;-0.154851;38.537873
CV-VUT0522421-A;AV MEXICO, 6, Es:1 Pl:44 Pt:A;03502;8195301YH4689N0249JH;5;3;274.00;31/07/2026;-0.154851;38.537873
CV-VUT0323952-A;AV MEXICO, 6, Es:2 Pl:01 Pt:E;03502;8195301YH4689N0005WQ;2;1;108.00;28/03/2023;-0.154851;38.537873
CV-VUT0324036-A;AV MEXICO, 6, Es:2 Pl:01 Pt:F;03502;8195301YH4689N0006EW;2;1;94.00;18/07/2023;-0.154851;38.537873
CV-VUT0323809-A;AV MEXICO, 6, Es:2 Pl:01 Pt:G;03502;8195301YH4689N0007RE;4;2;95.00;28/09/2022;-0.154851;38.537873
CV-VUT0323812-A;AV MEXICO, 6, Es:2 Pl:01 Pt:H;03502;8195301YH4689N0008TR;2;1;106.00;28/09/2022;-0.154851;38.537873
CV-VUT0504442-A;AV MEXICO, 6, Es:2 Pl:02 Pt:D;03502;8195301YH4689N0012YT;4;2;146.00;16/01/2024;-0.154851;38.537873
CV-VUT0515958-A;AV MEXICO, 6, Es:2 Pl:02 Pt:F;03502;8195301YH4689N0014IU;4;2;144.00;15/04/2025;-0.154851;38.537873
CV-VUT0323953-A;AV MEXICO, 6, Es:2 Pl:03 Pt:D;03502;8195301YH4689N0018SA;4;2;146.00;28/03/2023;-0.154851;38.537873
CV-VUT0512374-A;AV MEXICO, 6, Es:2 Pl:03 Pt:F;03502;8195301YH4689N0020AP;4;2;144.00;24/10/2024;-0.154851;38.537873
CV-VUT0323717-A;AV MEXICO, 6, Es:2 Pl:04 Pt:D;03502;8195301YH4689N0024GF;4;2;146.00;15/06/2022;-0.154851;38.537873
CV-VUT0513289-A;AV MEXICO, 6, Es:2 Pl:04 Pt:E;03502;8195301YH4689N0025HG;4;2;114.00;12/12/2024;-0.154851;38.537873
CV-VUT0517531-A;AV MEXICO, 6, Es:2 Pl:05 Pt:D;03502;8195301YH4689N0030KJ;4;2;146.00;11/06/2025;-0.154851;38.537873
CV-VUT0512917-A;AV MEXICO, 6, Es:2 Pl:05 Pt:E;03502;8195301YH4689N0031LK;4;2;114.00;21/11/2024;-0.154851;38.537873
CV-VUT0513287-A;AV MEXICO, 6, Es:2 Pl:05 Pt:F;03502;8195301YH4689N0032BL;4;2;144.00;12/12/2024;-0.154851;38.537873
CV-VUT0323733-A;AV MEXICO, 6, Es:2 Pl:06 Pt:D;03502;8195301YH4689N0036QM;4;2;146.00;06/07/2022;-0.154851;38.537873
CV-VUT0512918-A;AV MEXICO, 6, Es:2 Pl:06 Pt:E;03502;8195301YH4689N0037WQ;4;2;114.00;21/11/2024;-0.154851;38.537873
CV-VUT0324029-A;AV MEXICO, 6, Es:2 Pl:07 Pt:D;03502;8195301YH4689N0042RE;4;2;146.00;06/07/2023;-0.154851;38.537873
CV-VUT0521334-A;AV MEXICO, 6, Es:2 Pl:07 Pt:E;03502;8195301YH4689N0043TR;4;2;114.00;11/05/2026;-0.154851;38.537873
CV-VUT0520662-A;AV MEXICO, 6, Es:2 Pl:08 Pt:D;03502;8195301YH4689N0048PO;6;4;146.00;23/03/2026;-0.154851;38.537873
CV-VUT0323857-A;AV MEXICO, 6, Es:2 Pl:08 Pt:E;03502;8195301YH4689N0049AP;4;2;114.00;28/11/2022;-0.154851;38.537873
CV-VUT0323811-A;AV MEXICO, 6, Es:2 Pl:09 Pt:D;03502;8195301YH4689N0054DS;4;2;146.00;28/09/2022;-0.154851;38.537873
CV-VUT0516427-A;AV MEXICO, 6, Es:2 Pl:09 Pt:E;03502;8195301YH4689N0055FD;3;2;114.00;13/05/2025;-0.154851;38.537873
CV-VUT0323950-A;AV MEXICO, 6, Es:2 Pl:09 Pt:F;03502;8195301YH4689N0056GF;4;2;144.00;28/03/2023;-0.154851;38.537873
CV-VUT0324094-A;AV MEXICO, 6, Es:2 Pl:10 Pt:E;03502;8195301YH4689N0061JH;4;2;114.00;13/10/2023;-0.154851;38.537873
CV-VUT0515982-A;AV MEXICO, 6, Es:2 Pl:10 Pt:F;03502;8195301YH4689N0062KJ;4;2;144.00;17/04/2025;-0.154851;38.537873
CV-VUT0518011-A;AV MEXICO, 6, Es:2 Pl:11 Pt:F;03502;8195301YH4689N0068QM;4;2;144.00;05/08/2025;-0.154851;38.537873
CV-VUT0517594-A;AV MEXICO, 6, Es:2 Pl:12 Pt:D;03502;8195301YH4689N0072WQ;4;2;146.00;12/06/2025;-0.154851;38.537873
CV-VUT0513288-A;AV MEXICO, 6, Es:2 Pl:12 Pt:F;03502;8195301YH4689N0074RE;4;2;144.00;12/12/2024;-0.154851;38.537873
CV-VUT0323629-A;AV MEXICO, 6, Es:2 Pl:13 Pt:D;03502;8195301YH4689N0078IU;4;2;146.00;09/03/2022;-0.154851;38.537873
CV-VUT0517436-A;AV MEXICO, 6, Es:2 Pl:13 Pt:E;03502;8195301YH4689N0079OI;4;2;114.00;27/06/2025;-0.154851;38.537873
CV-VUT0323845-A;AV MEXICO, 6, Es:2 Pl:14 Pt:D;03502;8195301YH4689N0084AP;4;2;146.00;25/11/2022;-0.154851;38.537873
CV-VUT0515885-A;AV MEXICO, 6, Es:2 Pl:14 Pt:E;03502;8195301YH4689N0085SA;4;2;114.00;11/04/2025;-0.154851;38.537873
CV-VUT0324015-A;AV MEXICO, 6, Es:2 Pl:15 Pt:D;03502;8195301YH4689N0090FD;4;2;146.00;26/06/2023;-0.154851;38.537873
CV-VUT0323804-A;AV MEXICO, 6, Es:2 Pl:16 Pt:D;03502;8195301YH4689N0096BL;4;2;146.00;22/09/2022;-0.154851;38.537873
CV-VUT0323805-A;AV MEXICO, 6, Es:2 Pl:16 Pt:E;03502;8195301YH4689N0097ZB;4;2;114.00;22/09/2022;-0.154851;38.537873
CV-VUT0323870-A;AV MEXICO, 6, Es:2 Pl:17 Pt:F;03502;8195301YH4689N0104RE;4;2;144.00;05/12/2022;-0.154851;38.537873
CV-VUT0323858-A;AV MEXICO, 6, Es:2 Pl:18 Pt:D;03502;8195301YH4689N0108IU;4;2;146.00;28/11/2022;-0.154851;38.537873
CV-VUT0518782-A;AV MEXICO, 6, Es:2 Pl:19 Pt:D;03502;8195301YH4689N0114AP;3;2;146.00;21/10/2025;-0.154851;38.537873
CV-VUT0504322-A;AV MEXICO, 6, Es:2 Pl:19 Pt:E;03502;8195301YH4689N0115SA;4;2;114.00;20/12/2023;-0.154851;38.537873
CV-VUT0507950-A;AV MEXICO, 6, Es:2 Pl:20 Pt:E;03502;8195301YH4689N0121GF;3;2;114.00;13/05/2024;-0.154851;38.537873
CV-VUT0323946-A;AV MEXICO, 6, Es:2 Pl:20 Pt:F;03502;8195301YH4689N0122HG;4;2;144.00;28/03/2023;-0.154851;38.537873
CV-VUT0323944-A;AV MEXICO, 6, Es:2 Pl:21 Pt:D;03502;8195301YH4689N0126BL;4;2;146.00;28/03/2023;-0.154851;38.537873
CV-VUT0517888-A;AV MEXICO, 6, Es:2 Pl:21 Pt:E;03502;8195301YH4689N0127ZB;4;2;114.00;25/07/2025;-0.154851;38.537873
CV-VUT0323947-A;AV MEXICO, 6, Es:2 Pl:21 Pt:F;03502;8195301YH4689N0128XZ;4;2;144.00;28/03/2023;-0.154851;38.537873
CV-VUT0518671-A;AV MEXICO, 6, Es:2 Pl:22 Pt:D;03502;8195301YH4689N0132MX;3;2;146.00;08/10/2025;-0.154851;38.537873
CV-VUT0324165-A;AV MEXICO, 6, Es:2 Pl:22 Pt:E;03502;8195301YH4689N0133QM;4;2;114.00;26/01/2024;-0.154851;38.537873
CV-VUT0323948-A;AV MEXICO, 6, Es:2 Pl:22 Pt:F;03502;8195301YH4689N0134WQ;4;2;144.00;28/03/2023;-0.154851;38.537873
CV-VUT0324167-A;AV MEXICO, 6, Es:2 Pl:23 Pt:D;03502;8195301YH4689N0138YT;4;2;146.00;26/01/2024;-0.154851;38.537873
CV-VUT0519739-A;AV MEXICO, 6, Es:2 Pl:24 Pt:E;03502;8195301YH4689N0145PO;3;2;114.00;12/01/2026;-0.154851;38.537873
CV-VUT0324053-A;AV MEXICO, 6, Es:2 Pl:24 Pt:F;03502;8195301YH4689N0146AP;4;2;144.00;13/09/2023;-0.154851;38.537873
CV-VUT0519535-A;AV MEXICO, 6, Es:2 Pl:25 Pt:E;03502;8195301YH4689N0151DS;4;2;114.00;16/12/2025;-0.154851;38.537873
CV-VUT0324155-A;AV MEXICO, 6, Es:2 Pl:25 Pt:F;03502;8195301YH4689N0152FD;4;2;144.00;17/01/2024;-0.154851;38.537873
CV-VUT0323942-A;AV MEXICO, 6, Es:2 Pl:26 Pt:D;03502;8195301YH4689N0156KJ;4;2;146.00;28/03/2023;-0.154851;38.537873
CV-VUT0519239-A;AV MEXICO, 6, Es:2 Pl:26 Pt:E;03502;8195301YH4689N0157LK;3;2;114.00;25/11/2025;-0.154851;38.537873
CV-VUT0323854-A;AV MEXICO, 6, Es:2 Pl:26 Pt:F;03502;8195301YH4689N0158BL;4;2;144.00;25/11/2022;-0.154851;38.537873
CV-VUT0518322-A;AV MEXICO, 6, Es:2 Pl:27 Pt:F;03502;8195301YH4689N0164MX;3;2;144.00;13/08/2025;-0.154851;38.537873
CV-VUT0512620-A;AV MEXICO, 6, Es:2 Pl:28 Pt:D;03502;8195301YH4689N0168RE;4;2;146.00;08/11/2024;-0.154851;38.537873
CV-VUT0519538-A;AV MEXICO, 6, Es:2 Pl:28 Pt:E;03502;8195301YH4689N0169TR;4;2;114.00;16/12/2025;-0.154851;38.537873
CV-VUT0518035-A;AV MEXICO, 6, Es:2 Pl:29 Pt:D;03502;8195301YH4689N0174UY;4;2;146.00;06/08/2025;-0.154851;38.537873
CV-VUT0519539-A;AV MEXICO, 6, Es:2 Pl:29 Pt:E;03502;8195301YH4689N0175IU;4;2;114.00;16/12/2025;-0.154851;38.537873
CV-VUT0518673-A;AV MEXICO, 6, Es:2 Pl:29 Pt:F;03502;8195301YH4689N0176OI;3;2;144.00;08/10/2025;-0.154851;38.537873
CV-VUT0515445-A;AV MEXICO, 6, Es:2 Pl:30 Pt:E;03502;8195301YH4689N0181AP;2;2;114.00;29/03/2025;-0.154851;38.537873
CV-VUT0513273-A;AV MEXICO, 6, Es:2 Pl:30 Pt:F;03502;8195301YH4689N0182SA;4;2;144.00;11/12/2024;-0.154851;38.537873
CV-VUT0505945-A;AV MEXICO, 6, Es:2 Pl:31 Pt:D;03502;8195301YH4689N0186HG;4;2;146.00;04/03/2024;-0.154851;38.537873
CV-VUT0517491-A;AV MEXICO, 6, Es:2 Pl:31 Pt:E;03502;8195301YH4689N0187JH;3;2;114.00;01/07/2025;-0.154851;38.537873
CV-VUT0505000-A;AV MEXICO, 6, Es:2 Pl:31 Pt:F;03502;8195301YH4689N0188KJ;4;2;144.00;31/01/2024;-0.154851;38.537873
CV-VUT0519352-A;AV MEXICO, 6, Es:2 Pl:32 Pt:D;03502;8195301YH4689N0192LK;4;2;146.00;03/12/2025;-0.154851;38.537873
CV-VUT0519244-A;AV MEXICO, 6, Es:2 Pl:32 Pt:E;03502;8195301YH4689N0193BL;3;2;114.00;25/11/2025;-0.154851;38.537873
CV-VUT0514757-A;AV MEXICO, 6, Es:2 Pl:32 Pt:F;03502;8195301YH4689N0194ZB;4;2;144.00;07/03/2025;-0.154851;38.537873
CV-VUT0520140-A;AV MEXICO, 6, Es:2 Pl:33 Pt:E;03502;8195301YH4689N0199EW;4;2;114.00;08/02/2026;-0.154851;38.537873
CV-VUT0522441-A;AV MEXICO, 6, Es:2 Pl:34 Pt:E;03502;8195301YH4689N0205IU;3;2;114.00;29/07/2026;-0.154851;38.537873
CV-VUT0519730-A;AV MEXICO, 6, Es:2 Pl:34 Pt:F;03502;8195301YH4689N0206OI;4;2;144.00;12/01/2026;-0.154851;38.537873
CV-VUT0519242-A;AV MEXICO, 6, Es:2 Pl:35 Pt:D;03502;8195301YH4689N0210PO;4;2;146.00;25/11/2025;-0.154851;38.537873
CV-VUT0522406-A;AV MEXICO, 6, Es:2 Pl:35 Pt:E;03502;8195301YH4689N0211AP;3;2;114.00;30/07/2026;-0.154851;38.537873
CV-VUT0518748-A;AV MEXICO, 6, Es:2 Pl:35 Pt:F;03502;8195301YH4689N0212SA;3;2;144.00;16/10/2025;-0.154851;38.537873
CV-VUT0522413-A;AV MEXICO, 6, Es:2 Pl:36 Pt:E;03502;8195301YH4689N0217JH;3;2;114.00;30/07/2026;-0.154851;38.537873
CV-VUT0323943-A;AV MEXICO, 6, Es:2 Pl:37 Pt:D;03502;8195301YH4689N0222LK;4;2;146.00;28/03/2023;-0.154851;38.537873
CV-VUT0517490-A;AV MEXICO, 6, Es:2 Pl:37 Pt:E;03502;8195301YH4689N0223BL;3;2;114.00;01/07/2025;-0.154851;38.537873
CV-VUT0522807-A;AV MEXICO, 6, Es:2 Pl:43 Pt:C;03502;8195301YH4689N0247GF;5;3;258.00;22/09/2026;-0.154851;38.537873
CV-VUT0477917-A;AV MONTBENIDORM, 1, Es:1 Pl:02 Pt:01;03502;7589607YH4678N0041OR;4;2;58.00;29/07/2019;-0.162848;38.532775
CV-VUT0488683-A;AV MONTBENIDORM, 1, Es:1 Pl:12 Pt:02;03502;7589607YH4678N0062QL;2;1;58.00;21/02/2022;-0.162848;38.532775
CV-VUT0463603-A;AV MONTBENIDORM, 1, Es:1 Pl:15 Pt:02;03502;7589607YH4678N0068UW;4;2;58.00;09/02/2018;-0.162848;38.532775
CV-VUT0517283-A;AV MONTBENIDORM, 10, Es:A Pl:01 Pt:IZ;03502;7588503YH4678N0004IW;5;3;95.00;19/06/2025;-0.160763;38.532299
CV-VUT0483538-A;AV MONTBENIDORM, 11, Es:1 Pl:04 Pt:02;03502;7589603YH4678N0066GM;4;2;110.00;08/10/2020;-0.160415;38.532751
CV-VUT0520030-A;AV MONTBENIDORM, 11, Es:1 Pl:08 Pt:04;03502;7589603YH4678N0092OJ;6;3;110.00;29/01/2026;-0.160415;38.532751
CV-VUT0486792-A;AV MONTBENIDORM, 11, Es:1 Pl:11 Pt:01;03502;7589603YH4678N0107MI;6;3;149.00;30/06/2021;-0.160415;38.532751
CV-VUT0483421-A;AV MONTBENIDORM, 11, Es:1 Pl:13 Pt:03;03502;7589603YH4678N0121IH;4;2;110.00;01/10/2020;-0.160415;38.532751
CV-VUT0519596-A;AV MONTBENIDORM, 11, Es:1 Pl:13 Pt:05;03502;7589603YH4678N0123PK;4;2;110.00;19/12/2025;-0.160415;38.532751
CV-VUT0516813-A;AV MONTBENIDORM, 11, Es:1 Pl:20 Pt:02;03502;7589603YH4678N0162FX;4;2;110.00;30/05/2025;-0.160415;38.532751
CV-VUT0451944-A;AV MONTBENIDORM, 12, Es:2 Pl:02 Pt:07;03502;7588504YH4678N0029DZ;6;3;186.00;19/12/2016;-0.160567;38.531859
CV-VUT0507751-A;AV MONTBENIDORM, 14, Es:A Pl:01 Pt:IZ;03502;7588505YH4678N0004EW;4;2;47.00;06/05/2024;-0.160489;38.531670
CV-VUT0514275-A;AV MONTBENIDORM, 14, Es:B Pl:03 Pt:IZ;03502;7588505YH4678N0020DS;4;2;47.00;15/02/2025;-0.160489;38.531670
CV-VUT0499782-A;AV MONTBENIDORM, 4, Es:1 Pl:01 Pt:05;03502;7588501YH4678N0011JY;2;1;45.00;04/07/2023;-0.161585;38.532167
CV-VUT0321606-A;AV MONTBENIDORM, 4, Es:1 Pl:03 Pt:07;03502;7588501YH4678N0025TJ;4;2;67.00;08/08/2013;-0.161585;38.532167
CV-VUT0518964-A;AV MORALET, 10, Es:1 Pl:01 Pt:A;03502;8194503YH4689S0001LT;4;2;180.00;05/11/2025;-0.152788;38.538834
CV-VUT0519161-A;AV MORALET, 10, Es:1 Pl:02 Pt:A;03502;8194503YH4689S0005MO;4;2;182.00;19/11/2025;-0.152788;38.538834
CV-VUT0519162-A;AV MORALET, 10, Es:1 Pl:02 Pt:B;03502;8194503YH4689S0006QP;2;1;129.00;19/11/2025;-0.152788;38.538834
CV-VUT0515636-A;AV MORALET, 10, Es:1 Pl:04 Pt:B;03502;8194503YH4689S0014YG;2;1;127.00;02/04/2025;-0.152788;38.538834
CV-VUT0324250-A;AV MORALET, 10, Es:1 Pl:04 Pt:C;03502;8194503YH4689S0015UH;2;1;129.00;27/03/2024;-0.152788;38.538834
CV-VUT0522592-A;AV MORALET, 10, Es:1 Pl:04 Pt:D;03502;8194503YH4689S0016IJ;4;2;180.00;25/08/2026;-0.152788;38.538834
CV-VUT0518272-A;AV MORALET, 10, Es:1 Pl:05 Pt:A;03502;8194503YH4689S0017OK;4;2;180.00;01/09/2025;-0.152788;38.538834
CV-VUT0520635-A;AV MORALET, 10, Es:1 Pl:05 Pt:D;03502;8194503YH4689S0020OK;5;3;180.00;20/03/2026;-0.152788;38.538834
CV-VUT0324164-A;AV MORALET, 10, Es:1 Pl:09 Pt:B;03502;8194503YH4689S0034BY;2;1;126.00;25/01/2024;-0.152788;38.538834
CV-VUT0516178-A;AV MORALET, 10, Es:1 Pl:10 Pt:C;03502;8194503YH4689S0039WA;4;2;126.00;29/04/2025;-0.152788;38.538834
CV-VUT0519164-A;AV MORALET, 10, Es:1 Pl:11 Pt:A;03502;8194503YH4689S0041QP;4;2;180.00;19/11/2025;-0.152788;38.538834
CV-VUT0519165-A;AV MORALET, 10, Es:1 Pl:12 Pt:B;03502;8194503YH4689S0046YG;6;3;219.00;19/11/2025;-0.152788;38.538834
CV-VUT0516121-A;AV MORALET, 10, Es:1 Pl:14 Pt:A;03502;8194503YH4689S0051IJ;4;2;180.00;18/04/2025;-0.152788;38.538834
CV-VUT0519532-A;AV MORALET, 10, Es:1 Pl:16 Pt:A;03502;8194503YH4689S0057FM;4;2;180.00;16/12/2025;-0.152788;38.538834
CV-VUT0519534-A;AV MORALET, 10, Es:1 Pl:17 Pt:A;03502;8194503YH4689S0060FM;4;2;180.00;16/12/2025;-0.152788;38.538834
CV-VUT0516045-A;AV MORALET, 10, Es:1 Pl:18 Pt:B;03502;8194503YH4689S0064KR;4;2;219.00;18/04/2025;-0.152788;38.538834
CV-VUT0519956-A;AV MORALET, 10, Es:1 Pl:20 Pt:A;03502;8194503YH4689S0069MO;4;2;187.00;26/01/2026;-0.152788;38.538834
CV-VUT0519958-A;AV MORALET, 10, Es:1 Pl:20 Pt:C;03502;8194503YH4689S0071XI;4;2;187.00;26/01/2026;-0.152788;38.538834
CV-VUT0518912-A;AV MORALET, 10, Es:1 Pl:21 Pt:A;03502;8194503YH4689S0072MO;4;2;185.00;31/10/2025;-0.152788;38.538834
CV-VUT0521677-A;AV MORALET, 10, Es:1 Pl:21 Pt:C;03502;8194503YH4689S0074WA;4;2;185.00;02/06/2026;-0.152788;38.538834
CV-VUT0455535-A;AV MUNICIPI DEL, 11, Es:2 Pl:21 Pt:80;03502;0805901YH5700N0172FB;2;1;86.00;19/05/2017;-0.123136;38.546200
CV-VUT0484285-A;AV MUNICIPI DEL, 13, Bloque:1 Es:1 Pl:15 Pt:58;03502;0805901YH5700N0058EO;1;1;83.00;23/11/2020;-0.123136;38.546200
CV-VUT0482000-A;AV MUNICIPI DEL, 12, Es:1 Pl:16 Pt:A;03502;0904503YH5700S0097LZ;6;3;156.00;18/05/2020;-0.121405;38.545780
CV-VUT0521785-A;AV MUNICIPI DEL, 12, Es:1 Pl:18 Pt:B;03502;0904503YH5700S0104WR;4;2;131.00;08/06/2026;-0.121405;38.545780
CV-VUT0479499-A;AV MUNICIPI DEL, 14, Es:1 Pl:01 Pt:05;03502;0904502YH5700S0005FW;2;1;90.00;06/11/2019;-0.121677;38.546450
CV-VUT0503325-A;AV MUNICIPI DEL, 14, Es:1 Pl:12 Pt:70;03502;0904502YH5700S0060TH;3;2;131.00;22/11/2023;-0.121677;38.546450
CV-VUT0503353-A;AV MUNICIPI DEL, 14, Es:1 Pl:15 Pt:88;03502;0904502YH5700S0078BI;3;2;131.00;22/11/2023;-0.121677;38.546450
CV-VUT0491116-A;AV MUNICIPI DEL, 14, Es:1 Pl:16 Pt:93;03502;0904502YH5700S0083XP;4;2;131.00;01/07/2022;-0.121677;38.546450
CV-VUT0492404-A;AV MUNICIPI DEL, 14, Es:1 Pl:16 Pt:96;03502;0904502YH5700S0086WD;2;1;73.00;23/09/2022;-0.121677;38.546450
CV-VUT0517882-A;AV MUNICIPI DEL, 14, Es:1 Pl:20 Pt:119;03502;0904502YH5700S0109ZO;4;2;90.00;25/07/2025;-0.121677;38.546450
CV-VUT0482376-A;AV MUNICIPI DEL, 14, Es:1 Pl:23 Pt:133;03502;0904502YH5700S0123YJ;4;2;104.00;25/06/2020;-0.121677;38.546450
CV-VUT0498801-A;AV MUNICIPI DEL, 14, Es:1 Pl:23 Pt:137;03502;0904502YH5700S0127PZ;2;1;90.00;02/06/2023;-0.121677;38.546450
CV-VUT0489420-A;AV MUNICIPI DEL, 14, Es:1 Pl:24 Pt:139;03502;0904502YH5700S0129SM;2;1;87.00;06/04/2022;-0.121677;38.546450
CV-VUT0482377-A;AV MUNICIPI DEL, 14, Es:1 Pl:26 Pt:150;03502;0904502YH5700S0140JT;2;1;87.00;25/06/2020;-0.121677;38.546450
CV-VUT0462903-A;AV MUNICIPI DEL, 14, Es:1 Pl:30 Pt:163;03502;0904502YH5700S0153RG;2;1;87.00;24/01/2018;-0.121677;38.546450
CV-VUT0512992-A;AV MUNICIPI DEL, 14, Es:1 Pl:30 Pt:166;03502;0904502YH5700S0156UK;2;1;87.00;24/11/2024;-0.121677;38.546450
CV-VUT0477094-A;AV MUNICIPI DEL, 14, Es:1 Pl:32 Pt:171;03502;0904502YH5700S0161OB;2;1;87.00;01/07/2019;-0.121677;38.546450
CV-VUT0458716-A;AV MUNICIPI DEL, 6, Es:1 Pl:-2 Pt:T70;03502;0904506YH5700S0057KH;6;3;17.00;25/09/2017;-0.121117;38.544391
CV-VUT0453078-A;AV MUNICIPI DEL, 6, Es:1 Pl:07 Pt:B;03502;0904506YH5700S0183GD;2;1;139.00;17/02/2017;-0.121117;38.544391
CV-VUT0456740-A;AV MUNICIPI DEL, 8, Es:1 Pl:21 Pt:03;03502;0904505YH5700S0248OH;4;2;97.00;30/06/2017;-0.121040;38.545048
CV-VUT0509944-A;AV MUNICIPI DEL, 8, Es:1 Pl:26 Pt:03;03502;0904505YH5700S0268MU;4;2;138.00;08/07/2024;-0.121040;38.545048
CV-VUT0465681-A;AV MURTAL, 3, Es:1 Pl:02 Pt:G;03502;7890301YH4679S0036XR;2;1;46.00;19/04/2018;-0.156235;38.534408
CV-VUT0460585-A;AV MURTAL, 4, Es:A Pl:17 Pt:02;03502;7994303YH4679S0189QX;4;2;94.00;28/11/2017;-0.157269;38.537355
CV-VUT0476296-A;AV MURTAL, 4, Es:A Pl:17 Pt:04;03502;7994303YH4679S0191MZ;8;4;182.00;31/05/2019;-0.157269;38.537355
CV-VUT0323726-A;AV MURTAL, 4, Es:A Pl:26 Pt:02;03502;7994303YH4679S0225RW;2;1;94.00;06/07/2022;-0.157269;38.537355
CV-VUT0499187-A;AV MURTAL, 4, Es:B Pl:03 Pt:01;03502;7994303YH4679S0238FS;6;3;167.00;13/06/2023;-0.157269;38.537355
CV-VUT0497344-A;AV MURTAL, 4, Es:B Pl:13 Pt:02;03502;7994303YH4679S0279BK;4;2;126.00;27/04/2023;-0.157269;38.537355
CV-VUT0497343-A;AV MURTAL, 4, Es:B Pl:26 Pt:02;03502;7994303YH4679S0331PI;4;2;126.00;27/04/2023;-0.157269;38.537355
CV-VUT0324070-A;AV NICARAGUA, 10, Es:A Pl:01 Pt:06;03502;9697201YH4699N0012IO;2;1;44.00;29/09/2023;-0.138774;38.539494
CV-VUT0460573-A;AV NICARAGUA, 10, Es:A Pl:04 Pt:19;03502;9697201YH4699N0025KL;4;2;44.00;28/11/2017;-0.138774;38.539494
CV-VUT0323162-A;AV NICARAGUA, 10, Es:A Pl:05 Pt:25;03502;9697201YH4699N0031ZX;2;1;44.00;19/10/2019;-0.138774;38.539494
CV-VUT0323163-A;AV NICARAGUA, 10, Es:A Pl:05 Pt:26;03502;9697201YH4699N0032XM;2;1;44.00;19/10/2019;-0.138774;38.539494
CV-VUT0453766-A;AV NICARAGUA, 6, Es:B Pl:03 Pt:14;03502;9697201YH4699N0095ZX;2;1;44.00;22/03/2017;-0.138774;38.539494
CV-VUT0323459-A;AV NICARAGUA, 6, Es:B Pl:06 Pt:31;03502;9697201YH4699N0112AS;4;2;44.00;24/12/2020;-0.138774;38.539494
CV-VUT0483793-A;AV NICARAGUA, 6, Es:B Pl:09 Pt:54;03502;9697201YH4699N0135TY;2;1;44.00;21/10/2020;-0.138774;38.539494
CV-VUT0486272-A;AV NICARAGUA, 6, Es:B Pl:10 Pt:55;03502;9697201YH4699N0136YU;2;1;44.00;28/05/2021;-0.138774;38.539494
CV-VUT0324040-A;AV NICARAGUA, 6, Es:B Pl:10 Pt:57;03502;9697201YH4699N0138IO;2;1;44.00;18/07/2023;-0.138774;38.539494
CV-VUT0500604-A;AV NICARAGUA, 8, Es:C Pl:00 Pt:08;03502;9697201YH4699N0158XM;4;2;86.00;02/08/2023;-0.138774;38.539494
CV-VUT0506006-A;AV NICARAGUA, 8, Es:C Pl:00 Pt:11;03502;9697201YH4699N0161XM;4;2;86.00;06/03/2024;-0.138774;38.539494
CV-VUT0475099-A;AV NICARAGUA, 2, Es:1 Pl:03 Pt:B;03502;9697205YH4699N0048WD;8;4;135.00;10/04/2019;-0.136741;38.538604
CV-VUT0485455-A;AV NICARAGUA, 2, Es:1 Pl:06 Pt:C;03502;9697205YH4699N0058OB;5;3;124.00;24/03/2021;-0.136741;38.538604
CV-VUT0488284-A;AV NICARAGUA, 3, Es:1 Pl:+1 Pt:B;03502;9397105YH4699N0072FT;2;1;56.00;19/01/2022;-0.139056;38.539365
CV-VUT0471200-A;AV NICARAGUA, 3, Es:1 Pl:02 Pt:D;03502;9397105YH4699N0015ZS;2;1;54.00;16/10/2018;-0.139056;38.539365
CV-VUT0322532-A;AV NICARAGUA, 3, Es:2 Pl:05 Pt:B;03502;9397105YH4699N0102FT;5;3;54.00;07/05/2018;-0.139056;38.539365
CV-VUT0470574-A;AV NICARAGUA, 3, Es:2 Pl:07 Pt:B;03502;9397105YH4699N0114MF;2;1;54.00;12/09/2018;-0.139056;38.539365
CV-VUT0506763-A;AV NICARAGUA, 3, Es:5 Pl:05 Pt:64;03502;9397105YH4699N0393GY;6;3;42.00;02/04/2024;-0.139056;38.539365
CV-VUT0480401-A;AV NICARAGUA, 3, Es:6 Pl:03 Pt:B;03502;9397105YH4699N0439TL;2;1;51.00;26/12/2019;-0.139056;38.539365
CV-VUT0321723-A;AV NICARAGUA, 3, Es:6 Pl:04 Pt:B;03502;9397105YH4699N0446OM;2;1;51.00;10/03/2015;-0.139056;38.539365
CV-VUT0493416-A;AV NICARAGUA, 3, Es:6 Pl:08 Pt:B;03502;9397105YH4699N0469EJ;2;1;51.00;16/11/2022;-0.139056;38.539365
CV-VUT0488967-A;AV NICARAGUA, 3, Es:6 Pl:08 Pt:F;03502;9397105YH4699N0473RK;4;2;51.00;10/03/2022;-0.139056;38.539365
CV-VUT0488803-A;AV NICARAGUA, 3, Es:6 Pl:11 Pt:D;03502;9397105YH4699N0489JI;4;2;51.00;02/03/2022;-0.139056;38.539365
CV-VUT0522402-A;AV NICARAGUA, 3, Es:7 Pl:02 Pt:B;03502;9397105YH4699N0514SE;2;1;52.00;29/07/2026;-0.139056;38.539365
CV-VUT0470492-A;AV NICARAGUA, 3, Es:7 Pl:07 Pt:D;03502;9397105YH4699N0545AW;4;2;52.00;31/08/2018;-0.139056;38.539365
CV-VUT0472806-A;AV NICARAGUA, 3, Es:7 Pl:09 Pt:E;03502;9397105YH4699N0558ZS;4;2;52.00;20/12/2018;-0.139056;38.539365
CV-VUT0323554-A;AV NICARAGUA, 9, Es:3 Pl:02 Pt:F;03502;9397105YH4699N0159PQ;2;1;54.00;20/10/2021;-0.139056;38.539365
CV-VUT0516734-A;AV NICARAGUA, 9, Es:3 Pl:03 Pt:A;03502;9397105YH4699N0160IX;1;1;54.00;27/05/2025;-0.139056;38.539365
CV-VUT0459761-A;AV NICARAGUA, 9, Es:3 Pl:03 Pt:C;03502;9397105YH4699N0162PQ;2;1;54.00;09/11/2017;-0.139056;38.539365
CV-VUT0478902-A;AV NICARAGUA, 9, Es:3 Pl:04 Pt:D;03502;9397105YH4699N0169JI;2;1;54.00;01/10/2019;-0.139056;38.539365
CV-VUT0519884-A;AV NICARAGUA, 9, Es:3 Pl:07 Pt:D;03502;9397105YH4699N0187YB;3;2;54.00;21/01/2026;-0.139056;38.539365
CV-VUT0323149-A;AV NICARAGUA, 9, Es:3 Pl:09 Pt:A;03502;9397105YH4699N0196SE;4;2;54.00;17/10/2019;-0.139056;38.539365
CV-VUT0322612-A;AV NICARAGUA, 39, Es:T Pl:OD Pt:OS;03502;9102401YH4790S0001UX;;2;1.350.00;29/05/2018;-0.142431;38.544128
CV-VUT0322611-A;AV NICARAGUA, 39, Es:T Pl:OD Pt:OS;03502;9102401YH4790S0001UX;4;2;1.350.00;29/05/2018;-0.142431;38.544128
CV-VUT0438486-A;AV NICARAGUA, 39, Es:T Pl:OD Pt:OS;03502;9102401YH4790S0001UX;6;3;1.350.00;22/05/2013;-0.142431;38.544128
CV-VUT0438487-A;AV NICARAGUA, 39, Es:T Pl:OD Pt:OS;03502;9102401YH4790S0001UX;6;3;1.350.00;22/05/2013;-0.142431;38.544128
CV-VUT0438488-A;AV NICARAGUA, 39, Es:T Pl:OD Pt:OS;03502;9102401YH4790S0001UX;6;3;1.350.00;22/05/2013;-0.142431;38.544128
CV-VUT0438489-A;AV NICARAGUA, 39, Es:T Pl:OD Pt:OS;03502;9102401YH4790S0001UX;6;3;1.350.00;22/05/2013;-0.142431;38.544128
CV-VUT0438490-A;AV NICARAGUA, 39, Es:T Pl:OD Pt:OS;03502;9102401YH4790S0001UX;6;3;1.350.00;22/05/2013;-0.142431;38.544128
CV-VUT0438491-A;AV NICARAGUA, 39, Es:T Pl:OD Pt:OS;03502;9102401YH4790S0001UX;6;3;1.350.00;22/05/2013;-0.142431;38.544128
CV-VUT0503520-A;AV NICARAGUA, 47, Es:5 Pl:01 Pt:A;03502;9004701YH4689N0004JM;4;2;49.00;29/11/2023;-0.143702;38.546012
CV-VUT0322730-A;AV NICARAGUA, 49, Es:6 Pl:06 Pt:D;03502;9004705YH4689N0037IQ;2;1;49.00;03/07/2018;-0.144203;38.545673
CV-VUT0322545-A;AV NICARAGUA, 49, Es:6 Pl:10 Pt:B;03502;9004705YH4689N0059QJ;3;2;49.00;10/05/2018;-0.144203;38.545673
CV-VUT0487162-A;AV NICARAGUA, 49, Es:6 Pl:15 Pt:D;03502;9004705YH4689N0091ZF;2;1;49.00;09/08/2021;-0.144203;38.545673
CV-VUT0505944-A;AV NICARAGUA, 49, Es:6 Pl:15 Pt:F;03502;9004705YH4689N0093MH;2;1;49.00;04/03/2024;-0.144203;38.545673
CV-VUT0488851-A;AV NICARAGUA, 51, Es:7 Pl:11 Pt:A;03502;9004706YH4689N0065DB;2;1;49.00;04/03/2022;-0.143464;38.545595
CV-VUT0511336-A;AV NICARAGUA, 51, Es:7 Pl:14 Pt:C;03502;9004706YH4689N0084EP;4;2;49.00;10/09/2024;-0.143464;38.545595
CV-VUT0462984-A;AV NICARAGUA, 51, Es:7 Pl:15 Pt:E;03502;9004706YH4689N0092IG;4;2;49.00;25/01/2018;-0.143464;38.545595
CV-VUT0460337-A;AV PARAGUAY, 3, Es:A Pl:00 Pt:33;03502;9097901YH4699N0070OE;10;5;152.00;24/11/2017;-0.143107;38.539640
CV-VUT0467855-A;AV PERU, 19, Es:T Pl:OD Pt:OS;03502;9499911YH4790S0001WX;5;3;743.00;05/06/2018;-0.140649;38.542187
CV-VUT0500393-A;AV PORTUGAL, 1, Es:1 Pl:10 Pt:24;03502;0303501YH5700S0292XX;2;1;31.00;26/07/2023;-0.128064;38.544795
CV-VUT0490741-A;AV PORTUGAL, 1, Es:1 Pl:12 Pt:07;03502;0303501YH5700S0335OO;2;1;52.00;10/06/2022;-0.128064;38.544795
CV-VUT0488506-A;AV PORTUGAL, 1, Es:1 Pl:12 Pt:19;03502;0303501YH5700S0347KK;2;1;31.00;09/02/2022;-0.128064;38.544795
CV-VUT0497778-A;AV PORTUGAL, 1, Es:1 Pl:13 Pt:24;03502;0303501YH5700S0382KK;2;1;31.00;12/04/2023;-0.128064;38.544795
CV-VUT0500110-A;AV PORTUGAL, 1, Es:1 Pl:14 Pt:05;03502;0303501YH5700S0393EE;2;1;52.00;14/07/2023;-0.128064;38.544795
CV-VUT0498498-A;AV PORTUGAL, 1, Es:1 Pl:14 Pt:14;03502;0303501YH5700S0402AA;2;1;31.00;25/05/2023;-0.128064;38.544795
CV-VUT0498499-A;AV PORTUGAL, 1, Es:1 Pl:14 Pt:17;03502;0303501YH5700S0405FF;2;1;31.00;20/05/2023;-0.128064;38.544795
CV-VUT0460919-A;AV PORTUGAL, 1, Es:1 Pl:14 Pt:26;03502;0303501YH5700S0414BB;2;1;43.00;04/12/2017;-0.128064;38.544795
CV-VUT0500109-A;AV PORTUGAL, 1, Es:1 Pl:14 Pt:27;03502;0303501YH5700S0415ZZ;2;1;31.00;14/07/2023;-0.128064;38.544795
CV-VUT0498497-A;AV PORTUGAL, 1, Es:1 Pl:15 Pt:15;03502;0303501YH5700S0422WW;2;1;31.00;20/05/2023;-0.128064;38.544795
CV-VUT0488419-A;AV PORTUGAL, 2, Es:1 Pl:01 Pt:0A;03502;0503802YH5700S0003TM;2;1;71.00;02/02/2022;-0.127219;38.544277
CV-VUT0521487-A;AV PORTUGAL, 4, Es:1 Pl:02 Pt:20;03502;0404701YH5700S0342KD;3;2;51.00;19/05/2026;-0.127128;38.544971
CV-VUT0323875-A;AV PUERTO RICO, 0, Es:S Pl:UE Pt:LO;03502;8393003YH4689S0000MR;6;3;;12/12/2022;-0.148510;38.537773
CV-VUT0522614-A;AV PUERTO RICO, 2, Bloque:1 Es:1 Pl:01 Pt:02;03502;8393008YH4689S0002QY;2;1;100.00;27/08/2026;-0.151131;38.537366
CV-VUT0520196-A;AV PUERTO RICO, 2, Bloque:1 Es:1 Pl:02 Pt:06;03502;8393008YH4689S0006TP;6;4;136.00;12/02/2026;-0.151131;38.537366
CV-VUT0520194-A;AV PUERTO RICO, 2, Bloque:1 Es:1 Pl:03 Pt:09;03502;8393008YH4689S0009ID;5;3;136.00;12/02/2026;-0.151131;38.537366
CV-VUT0520582-A;AV PUERTO RICO, 2, Bloque:1 Es:1 Pl:04 Pt:12;03502;8393008YH4689S0012ID;6;4;136.00;16/03/2026;-0.151131;38.537366
CV-VUT0520200-A;AV PUERTO RICO, 2, Bloque:1 Es:1 Pl:11 Pt:32;03502;8393008YH4689S0032XR;4;3;98.00;12/02/2026;-0.151131;38.537366
CV-VUT0520201-A;AV PUERTO RICO, 2, Bloque:1 Es:1 Pl:12 Pt:35;03502;8393008YH4689S0035WU;4;3;98.00;12/02/2026;-0.151131;38.537366
CV-VUT0521996-A;AV PUERTO RICO, 2, Bloque:1 Es:1 Pl:14 Pt:41;03502;8393008YH4689S0041TP;2;1;98.00;25/06/2026;-0.151131;38.537366
CV-VUT0520633-A;AV PUERTO RICO, 2, Bloque:1 Es:1 Pl:19 Pt:56;03502;8393008YH4689S0056JX;4;2;99.00;20/03/2026;-0.151131;38.537366
CV-VUT0521997-A;AV PUERTO RICO, 2, Bloque:1 Es:1 Pl:20 Pt:58;03502;8393008YH4689S0058LQ;4;2;178.00;25/06/2026;-0.151131;38.537366
CV-VUT0520470-A;AV PUERTO RICO, 2, Bloque:1 Es:1 Pl:22 Pt:64;03502;8393008YH4689S0064XR;6;4;138.00;05/03/2026;-0.151131;38.537366
CV-VUT0520261-A;AV PUERTO RICO, 2, Bloque:1 Es:1 Pl:23 Pt:66;03502;8393008YH4689S0066QY;6;4;138.00;18/02/2026;-0.151131;38.537366
CV-VUT0522284-A;AV PUERTO RICO, 2, Bloque:1 Es:2 Pl:03 Pt:76;03502;8393008YH4689S0076ID;4;2;131.00;16/07/2026;-0.151131;38.537366
CV-VUT0520944-A;AV PUERTO RICO, 2, Bloque:1 Es:2 Pl:08 Pt:86;03502;8393008YH4689S0086GB;6;3;131.00;15/04/2026;-0.151131;38.537366
CV-VUT0521223-A;AV PUERTO RICO, 2, Bloque:1 Es:2 Pl:12 Pt:94;03502;8393008YH4689S0094BW;6;3;132.00;04/05/2026;-0.151131;38.537366
CV-VUT0520629-A;AV PUERTO RICO, 2, Bloque:1 Es:2 Pl:14 Pt:98;03502;8393008YH4689S0098QY;4;2;132.00;20/03/2026;-0.151131;38.537366
CV-VUT0522567-A;AV PUERTO RICO, 2, Bloque:1 Es:2 Pl:16 Pt:102;03502;8393008YH4689S0102RO;4;2;132.00;19/08/2026;-0.151131;38.537366
CV-VUT0520190-A;AV PUERTO RICO, 2, Bloque:1 Es:2 Pl:17 Pt:104;03502;8393008YH4689S0104YA;6;3;132.00;12/02/2026;-0.151131;38.537366
CV-VUT0520199-A;AV PUERTO RICO, 2, Bloque:1 Es:2 Pl:19 Pt:108;03502;8393008YH4689S0108PG;6;4;132.00;12/02/2026;-0.151131;38.537366
CV-VUT0520198-A;AV PUERTO RICO, 2, Bloque:1 Es:2 Pl:21 Pt:112;03502;8393008YH4689S0112AH;6;4;132.00;12/02/2026;-0.151131;38.537366
CV-VUT0492919-A;AV REI JAUME I, 1, Es:1 Pl:01 Pt:31;03502;9395506YH4699N0012PO;2;1;35.00;21/10/2022;-0.137928;38.537490
CV-VUT0482406-A;AV REI JAUME I, 1, Es:1 Pl:01 Pt:32;03502;9395506YH4699N0013AP;2;1;35.00;29/06/2020;-0.137928;38.537490
CV-VUT0322180-A;AV REI JAUME I, 1, Es:1 Pl:01 Pt:36;03502;9395506YH4699N0017GF;2;1;51.00;03/06/2017;-0.137928;38.537490
CV-VUT0482257-A;AV REI JAUME I, 1, Es:1 Pl:09 Pt:20;03502;9395506YH4699N0035RE;4;2;70.00;11/06/2020;-0.137928;38.537490
CV-VUT0461116-A;AV REI JAUME I, 24, Es:1 Pl:03 Pt:C;03502;9897305YH4699N0013PP;4;2;58.00;07/12/2017;-0.135760;38.539080
CV-VUT0459759-A;AV REI JAUME I, 27, Es:1 Pl:01 Pt:J;03502;9901901YH4790S0060XJ;2;1;91.00;09/11/2017;-0.133581;38.542433
CV-VUT0323607-A;AV REI JAUME I, 29, Es:2 Pl:03 Pt:F;03502;9901902YH4790S0028AB;4;2;66.00;25/01/2022;-0.133385;38.542656
CV-VUT0460486-A;AV REI JAUME I, 31, Es:3 Pl:02 Pt:D;03502;9901903YH4790S0020SS;4;2;82.00;27/11/2017;-0.133187;38.542867
CV-VUT0321829-A;AV REI JAUME I, 31, Es:3 Pl:05 Pt:D;03502;9901903YH4790S0054FF;6;3;150.00;22/10/2015;-0.133187;38.542867
CV-VUT0322098-A;AV REI JAUME I, 50, Es:1 Pl:04 Pt:47;03502;0001102YH5700S0052KA;6;3;85.00;18/01/2017;-0.132689;38.542498
CV-VUT0485848-A;AV REI JAUME I, 9, Es:1 Pl:01 Pt:A;03502;9798906YH4699N0225WW;3;2;184.00;29/04/2021;-0.135780;38.539701
CV-VUT0459640-A;AV REI JAUME I, 9, Es:1 Pl:06 Pt:A;03502;9798906YH4699N0235OO;4;2;186.00;03/11/2017;-0.135780;38.539701
CV-VUT0477121-A;AV REI JAUME I, 9, Es:1 Pl:07 Pt:A;03502;9798906YH4699N0237AA;4;2;182.00;01/07/2019;-0.135780;38.539701
CV-VUT0518207-A;AV REPUBLICA ARGENTINA, 17, Bloque:1 Es:1 Pl:01 Pt:01;03502;8393004YH4689S0001PT;6;3;182.00;22/08/2025;-0.149718;38.537402
CV-VUT0510237-A;AV REPUBLICA ARGENTINA, 17, Bloque:1 Es:1 Pl:01 Pt:02;03502;8393004YH4689S0002AY;4;2;139.00;15/07/2024;-0.149718;38.537402
CV-VUT0324026-A;AV REPUBLICA ARGENTINA, 17, Bloque:1 Es:1 Pl:02 Pt:03;03502;8393004YH4689S0003SU;6;3;182.00;04/07/2023;-0.149718;38.537402
CV-VUT0504737-A;AV REPUBLICA ARGENTINA, 17, Bloque:1 Es:1 Pl:02 Pt:04;03502;8393004YH4689S0004DI;4;2;139.00;24/01/2024;-0.149718;38.537402
CV-VUT0512336-A;AV REPUBLICA ARGENTINA, 17, Bloque:1 Es:1 Pl:03 Pt:06;03502;8393004YH4689S0006GP;4;2;139.00;23/10/2024;-0.149718;38.537402
CV-VUT0516454-A;AV REPUBLICA ARGENTINA, 17, Bloque:1 Es:1 Pl:06 Pt:11;03502;8393004YH4689S0011JS;4;3;183.00;14/05/2025;-0.149718;38.537402
CV-VUT0323842-A;AV REPUBLICA ARGENTINA, 17, Bloque:1 Es:1 Pl:06 Pt:12;03502;8393004YH4689S0012KD;4;2;139.00;25/11/2022;-0.149718;38.537402
CV-VUT0504367-A;AV REPUBLICA ARGENTINA, 17, Bloque:1 Es:1 Pl:07 Pt:13;03502;8393004YH4689S0013LF;6;3;182.00;02/01/2024;-0.149718;38.537402
CV-VUT0324303-A;AV REPUBLICA ARGENTINA, 17, Bloque:1 Es:1 Pl:07 Pt:14;03502;8393004YH4689S0014BG;4;2;139.00;08/05/2024;-0.149718;38.537402
CV-VUT0517677-A;AV REPUBLICA ARGENTINA, 17, Bloque:1 Es:1 Pl:09 Pt:17;03502;8393004YH4689S0017MK;6;3;182.00;11/07/2025;-0.149718;38.537402
CV-VUT0324064-A;AV REPUBLICA ARGENTINA, 17, Bloque:1 Es:1 Pl:09 Pt:18;03502;8393004YH4689S0018QL;4;2;139.00;28/09/2023;-0.149718;38.537402
CV-VUT0324065-A;AV REPUBLICA ARGENTINA, 17, Bloque:1 Es:1 Pl:10 Pt:20;03502;8393004YH4689S0020MK;2;1;139.00;28/09/2023;-0.149718;38.537402
CV-VUT0324066-A;AV REPUBLICA ARGENTINA, 17, Bloque:1 Es:1 Pl:11 Pt:21;03502;8393004YH4689S0021QL;2;1;182.00;28/09/2023;-0.149718;38.537402
CV-VUT0324067-A;AV REPUBLICA ARGENTINA, 17, Bloque:1 Es:1 Pl:11 Pt:22;03502;8393004YH4689S0022WB;2;1;139.00;28/09/2023;-0.149718;38.537402
CV-VUT0323996-A;AV REPUBLICA ARGENTINA, 17, Bloque:1 Es:1 Pl:12 Pt:24;03502;8393004YH4689S0024RX;2;2;139.00;22/05/2023;-0.149718;38.537402
CV-VUT0494870-A;AV REPUBLICA ARGENTINA, 17, Bloque:1 Es:2 Pl:01 Pt:36;03502;8393004YH4689S0036DI;4;2;137.00;02/02/2023;-0.149718;38.537402
CV-VUT0500349-A;AV REPUBLICA ARGENTINA, 17, Bloque:1 Es:2 Pl:02 Pt:37;03502;8393004YH4689S0037FO;4;2;134.00;24/07/2023;-0.149718;38.537402
CV-VUT0501623-A;AV REPUBLICA ARGENTINA, 17, Bloque:1 Es:2 Pl:02 Pt:38;03502;8393004YH4689S0038GP;4;2;137.00;07/09/2023;-0.149718;38.537402
CV-VUT0521536-A;AV REPUBLICA ARGENTINA, 17, Bloque:1 Es:2 Pl:03 Pt:40;03502;8393004YH4689S0040FO;4;2;137.00;21/05/2026;-0.149718;38.537402
CV-VUT0505291-A;AV REPUBLICA ARGENTINA, 17, Bloque:1 Es:2 Pl:04 Pt:41;03502;8393004YH4689S0041GP;6;3;134.00;16/01/2024;-0.149718;38.537402
CV-VUT0323863-A;AV REPUBLICA ARGENTINA, 17, Bloque:1 Es:2 Pl:04 Pt:42;03502;8393004YH4689S0042HA;4;2;137.00;02/12/2022;-0.149718;38.537402
CV-VUT0504685-A;AV REPUBLICA ARGENTINA, 17, Bloque:1 Es:2 Pl:05 Pt:43;03502;8393004YH4689S0043JS;4;2;133.00;17/01/2024;-0.149718;38.537402
CV-VUT0504883-A;AV REPUBLICA ARGENTINA, 17, Bloque:1 Es:2 Pl:05 Pt:44;03502;8393004YH4689S0044KD;4;2;137.00;29/01/2024;-0.149718;38.537402
CV-VUT0323900-A;AV REPUBLICA ARGENTINA, 17, Bloque:1 Es:2 Pl:08 Pt:49;03502;8393004YH4689S0049MK;4;2;133.00;01/02/2023;-0.149718;38.537402
CV-VUT0511837-A;AV REPUBLICA ARGENTINA, 17, Bloque:1 Es:2 Pl:10 Pt:53;03502;8393004YH4689S0053QL;4;2;133.00;01/10/2024;-0.149718;38.537402
CV-VUT0323975-A;AV REPUBLICA ARGENTINA, 17, Bloque:1 Es:2 Pl:10 Pt:54;03502;8393004YH4689S0054WB;4;2;137.00;11/05/2023;-0.149718;38.537402
CV-VUT0515137-A;AV REPUBLICA ARGENTINA, 17, Bloque:1 Es:2 Pl:11 Pt:55;03502;8393004YH4689S0055EZ;4;3;133.00;30/01/2025;-0.149718;38.537402
CV-VUT0504992-A;AV REPUBLICA ARGENTINA, 17, Bloque:1 Es:2 Pl:11 Pt:56;03502;8393004YH4689S0056RX;4;2;137.00;31/01/2024;-0.149718;38.537402
CV-VUT0502888-A;AV REPUBLICA ARGENTINA, 17, Bloque:1 Es:2 Pl:12 Pt:57;03502;8393004YH4689S0057TM;4;2;133.00;06/11/2023;-0.149718;38.537402
CV-VUT0518223-A;AV REPUBLICA ARGENTINA, 17, Bloque:1 Es:2 Pl:12 Pt:58;03502;8393004YH4689S0058YQ;4;2;137.00;25/08/2025;-0.149718;38.537402
CV-VUT0494983-A;AV REPUBLICA ARGENTINA, 17, Bloque:1 Es:2 Pl:13 Pt:59;03502;8393004YH4689S0059UW;4;2;133.00;07/02/2023;-0.149718;38.537402
CV-VUT0324160-A;AV REPUBLICA ARGENTINA, 17, Bloque:1 Es:2 Pl:13 Pt:60;03502;8393004YH4689S0060TM;4;2;137.00;24/01/2024;-0.149718;38.537402
CV-VUT0500551-A;AV REPUBLICA ARGENTINA, 17, Bloque:1 Es:2 Pl:14 Pt:61;03502;8393004YH4689S0061YQ;4;2;133.00;31/07/2023;-0.149718;38.537402
CV-VUT0517616-A;AV REPUBLICA ARGENTINA, 17, Bloque:1 Es:2 Pl:15 Pt:63;03502;8393004YH4689S0063IE;4;2;131.00;09/07/2025;-0.149718;38.537402
CV-VUT0505244-A;AV REPUBLICA ARGENTINA, 17, Bloque:1 Es:2 Pl:15 Pt:64;03502;8393004YH4689S0064OR;4;2;136.00;01/02/2024;-0.149718;38.537402
CV-VUT0323974-A;AV REPUBLICA ARGENTINA, 17, Bloque:1 Es:2 Pl:16 Pt:65;03502;8393004YH4689S0065PT;4;2;132.00;11/05/2023;-0.149718;38.537402
CV-VUT0520192-A;AV REPUBLICA ARGENTINA, 17, Bloque:1 Es:2 Pl:17 Pt:67;03502;8393004YH4689S0067SU;6;4;134.00;12/02/2026;-0.149718;38.537402
CV-VUT0512903-A;AV REPUBLICA ARGENTINA, 17, Bloque:1 Es:2 Pl:18 Pt:69;03502;8393004YH4689S0069FO;4;2;134.00;20/11/2024;-0.149718;38.537402
CV-VUT0503674-A;AV REPUBLICA ARGENTINA, 17, Bloque:1 Es:2 Pl:20 Pt:74;03502;8393004YH4689S0074HA;4;2;138.00;22/11/2023;-0.149718;38.537402
CV-VUT0503759-A;AV REPUBLICA ARGENTINA, 17, Bloque:1 Es:2 Pl:21 Pt:75;03502;8393004YH4689S0075JS;6;3;305.00;24/11/2023;-0.149718;38.537402
CV-VUT0521991-A;AV REPUBLICA ARGENTINA, 17, Bloque:1 Es:3 Pl:01 Pt:79;03502;8393004YH4689S0079ZH;3;2;136.00;24/06/2026;-0.149718;38.537402
CV-VUT0512738-A;AV REPUBLICA ARGENTINA, 17, Bloque:1 Es:3 Pl:02 Pt:81;03502;8393004YH4689S0081BG;4;2;136.00;14/11/2024;-0.149718;38.537402
CV-VUT0504686-A;AV REPUBLICA ARGENTINA, 17, Bloque:1 Es:3 Pl:02 Pt:82;03502;8393004YH4689S0082ZH;4;2;174.00;17/01/2024;-0.149718;38.537402
CV-VUT0323916-A;AV REPUBLICA ARGENTINA, 17, Bloque:1 Es:3 Pl:04 Pt:85;03502;8393004YH4689S0085QL;6;4;136.00;20/02/2023;-0.149718;38.537402
CV-VUT0324202-A;AV REPUBLICA ARGENTINA, 17, Bloque:1 Es:3 Pl:04 Pt:86;03502;8393004YH4689S0086WB;6;3;174.00;14/02/2024;-0.149718;38.537402
CV-VUT0503010-A;AV REPUBLICA ARGENTINA, 17, Bloque:1 Es:3 Pl:05 Pt:87;03502;8393004YH4689S0087EZ;3;2;136.00;10/11/2023;-0.149718;38.537402
CV-VUT0511954-A;AV REPUBLICA ARGENTINA, 17, Bloque:1 Es:3 Pl:06 Pt:89;03502;8393004YH4689S0089TM;4;2;136.00;07/10/2024;-0.149718;38.537402
CV-VUT0503096-A;AV REPUBLICA ARGENTINA, 17, Bloque:1 Es:3 Pl:07 Pt:91;03502;8393004YH4689S0091RX;4;2;136.00;14/11/2023;-0.149718;38.537402
CV-VUT0503792-A;AV REPUBLICA ARGENTINA, 17, Bloque:1 Es:3 Pl:09 Pt:95;03502;8393004YH4689S0095IE;4;2;136.00;27/11/2023;-0.149718;38.537402
CV-VUT0506348-A;AV REPUBLICA ARGENTINA, 17, Bloque:1 Es:3 Pl:10 Pt:97;03502;8393004YH4689S0097PT;2;1;136.00;18/03/2024;-0.149718;38.537402
CV-VUT0500823-A;AV REPUBLICA ARGENTINA, 17, Bloque:1 Es:3 Pl:11 Pt:100;03502;8393004YH4689S0100SU;4;2;175.00;11/08/2023;-0.149718;38.537402
CV-VUT0500824-A;AV REPUBLICA ARGENTINA, 17, Bloque:1 Es:3 Pl:11 Pt:99;03502;8393004YH4689S0099SU;4;2;136.00;11/08/2023;-0.149718;38.537402
CV-VUT0512725-A;AV REPUBLICA ARGENTINA, 17, Bloque:1 Es:3 Pl:13 Pt:103;03502;8393004YH4689S0103GP;4;2;136.00;15/11/2024;-0.149718;38.537402
CV-VUT0519032-A;AV REPUBLICA ARGENTINA, 17, Bloque:1 Es:3 Pl:14 Pt:105;03502;8393004YH4689S0105JS;4;2;136.00;09/11/2025;-0.149718;38.537402
CV-VUT0323909-A;AV REPUBLICA ARGENTINA, 17, Bloque:1 Es:3 Pl:14 Pt:106;03502;8393004YH4689S0106KD;6;3;174.00;07/02/2023;-0.149718;38.537402
CV-VUT0503737-A;AV REPUBLICA ARGENTINA, 17, Bloque:1 Es:3 Pl:17 Pt:111;03502;8393004YH4689S0111BG;6;3;134.00;23/11/2023;-0.149718;38.537402
CV-VUT0507625-A;AV REPUBLICA ARGENTINA, 17, Bloque:1 Es:3 Pl:18 Pt:113;03502;8393004YH4689S0113XJ;4;2;134.00;02/05/2024;-0.149718;38.537402
CV-VUT0514929-A;AV REPUBLICA ARGENTINA, 17, Bloque:1 Es:3 Pl:19 Pt:115;03502;8393004YH4689S0115QL;4;2;134.00;13/03/2025;-0.149718;38.537402
CV-VUT0510548-A;AV REPUBLICA ARGENTINA, 17, Bloque:1 Es:3 Pl:21 Pt:119;03502;8393004YH4689S0119TM;4;2;231.00;25/07/2024;-0.149718;38.537402
CV-VUT0509946-A;AV REPUBLICA ARGENTINA, 17, Bloque:1 Es:3 Pl:23 Pt:121;03502;8393004YH4689S0121RX;6;3;215.00;02/07/2024;-0.149718;38.537402
CV-VUT0521365-A;AV REPUBLICA ARGENTINA, 17, Bloque:2 Es:1 Pl:01 Pt:123;03502;8393004YH4689S0127PT;6;3;169.00;12/05/2026;-0.149718;38.537402
CV-VUT0516374-A;AV REPUBLICA ARGENTINA, 17, Bloque:2 Es:1 Pl:02 Pt:126;03502;8393004YH4689S0130PT;4;2;135.00;12/05/2025;-0.149718;38.537402
CV-VUT0521744-A;AV REPUBLICA ARGENTINA, 17, Bloque:2 Es:1 Pl:03 Pt:127;03502;8393004YH4689S0131AY;9;6;169.00;06/06/2026;-0.149718;38.537402
CV-VUT0517722-A;AV REPUBLICA ARGENTINA, 17, Bloque:2 Es:1 Pl:04 Pt:129;03502;8393004YH4689S0133DI;6;3;169.00;15/07/2025;-0.149718;38.537402
CV-VUT0517986-A;AV REPUBLICA ARGENTINA, 17, Bloque:2 Es:1 Pl:06 Pt:133;03502;8393004YH4689S0137JS;6;3;169.00;02/08/2025;-0.149718;38.537402
CV-VUT0513159-A;AV REPUBLICA ARGENTINA, 17, Bloque:2 Es:1 Pl:06 Pt:134;03502;8393004YH4689S0138KD;4;2;135.00;05/12/2024;-0.149718;38.537402
CV-VUT0519240-A;AV REPUBLICA ARGENTINA, 17, Bloque:2 Es:1 Pl:07 Pt:136;03502;8393004YH4689S0140JS;4;2;135.00;25/11/2025;-0.149718;38.537402
CV-VUT0324181-A;AV REPUBLICA ARGENTINA, 17, Bloque:2 Es:1 Pl:08 Pt:138;03502;8393004YH4689S0142LF;4;2;135.00;07/02/2024;-0.149718;38.537402
CV-VUT0324241-A;AV REPUBLICA ARGENTINA, 17, Bloque:2 Es:1 Pl:09 Pt:139;03502;8393004YH4689S0143BG;6;3;169.00;07/03/2024;-0.149718;38.537402
CV-VUT0517399-A;AV REPUBLICA ARGENTINA, 17, Bloque:2 Es:1 Pl:10 Pt:141;03502;8393004YH4689S0145XJ;6;3;181.00;26/06/2025;-0.149718;38.537402
CV-VUT0519301-A;AV REPUBLICA ARGENTINA, 17, Bloque:2 Es:1 Pl:11 Pt:142;03502;8393004YH4689S0146MK;6;3;182.00;01/12/2025;-0.149718;38.537402
CV-VUT0324240-A;AV REPUBLICA ARGENTINA, 17, Bloque:2 Es:1 Pl:12 Pt:143;03502;8393004YH4689S0147QL;6;3;175.00;07/03/2024;-0.149718;38.537402
CV-VUT0520650-A;AV REPUBLICA ARGENTINA, 17, Bloque:2 Es:1 Pl:13 Pt:145;03502;8393004YH4689S0149EZ;4;2;135.00;23/03/2026;-0.149718;38.537402
CV-VUT0516013-A;AV REPUBLICA ARGENTINA, 17, Bloque:2 Es:1 Pl:14 Pt:146;03502;8393004YH4689S0150QL;4;2;169.00;17/04/2025;-0.149718;38.537402
CV-VUT0516014-A;AV REPUBLICA ARGENTINA, 17, Bloque:2 Es:1 Pl:14 Pt:147;03502;8393004YH4689S0151WB;4;2;135.00;17/04/2025;-0.149718;38.537402
CV-VUT0513789-A;AV REPUBLICA ARGENTINA, 17, Bloque:2 Es:1 Pl:17 Pt:152;03502;8393004YH4689S0156UW;6;3;170.00;17/01/2025;-0.149718;38.537402
CV-VUT0519617-A;AV REPUBLICA ARGENTINA, 17, Bloque:2 Es:1 Pl:17 Pt:153;03502;8393004YH4689S0157IE;6;3;135.00;11/12/2025;-0.149718;38.537402
CV-VUT0515935-A;AV REPUBLICA ARGENTINA, 17, Bloque:2 Es:1 Pl:18 Pt:154;03502;8393004YH4689S0158OR;5;3;169.00;14/04/2025;-0.149718;38.537402
CV-VUT0516517-A;AV REPUBLICA ARGENTINA, 17, Bloque:2 Es:1 Pl:19 Pt:156;03502;8393004YH4689S0160IE;6;3;170.00;16/05/2025;-0.149718;38.537402
CV-VUT0516167-A;AV REPUBLICA ARGENTINA, 17, Bloque:2 Es:1 Pl:19 Pt:157;03502;8393004YH4689S0161OR;4;2;134.00;28/04/2025;-0.149718;38.537402
CV-VUT0518091-A;AV REPUBLICA ARGENTINA, 17, Bloque:2 Es:1 Pl:20 Pt:158;03502;8393004YH4689S0162PT;6;3;174.00;09/08/2025;-0.149718;38.537402
CV-VUT0518543-A;AV REPUBLICA ARGENTINA, 17, Bloque:2 Es:1 Pl:20 Pt:159;03502;8393004YH4689S0163AY;4;2;134.00;24/09/2025;-0.149718;38.537402
CV-VUT0516518-A;AV REPUBLICA ARGENTINA, 17, Bloque:2 Es:1 Pl:21 Pt:160;03502;8393004YH4689S0164SU;6;3;175.00;16/05/2025;-0.149718;38.537402
CV-VUT0517920-A;AV REPUBLICA ARGENTINA, 17, Bloque:2 Es:1 Pl:21 Pt:161;03502;8393004YH4689S0165DI;4;2;134.00;28/07/2025;-0.149718;38.537402
CV-VUT0521208-A;AV REPUBLICA ARGENTINA, 17, Bloque:2 Es:1 Pl:25 Pt:168;03502;8393004YH4689S0172JS;4;2;167.00;04/05/2026;-0.149718;38.537402
CV-VUT0521207-A;AV REPUBLICA ARGENTINA, 17, Bloque:2 Es:1 Pl:25 Pt:169;03502;8393004YH4689S0173KD;4;2;136.00;04/05/2026;-0.149718;38.537402
CV-VUT0521668-A;AV REPUBLICA ARGENTINA, 17, Bloque:2 Es:1 Pl:29 Pt:174;03502;8393004YH4689S0178MK;6;3;212.00;01/06/2026;-0.149718;38.537402
CV-VUT0516042-A;AV REPUBLICA ARGENTINA, 17, Bloque:2 Es:2 Pl:01 Pt:177;03502;8393004YH4689S0181MK;4;2;96.00;18/04/2025;-0.149718;38.537402
CV-VUT0517662-A;AV REPUBLICA ARGENTINA, 17, Bloque:2 Es:2 Pl:02 Pt:178;03502;8393004YH4689S0182QL;4;2;138.00;11/07/2025;-0.149718;38.537402
CV-VUT0516040-A;AV REPUBLICA ARGENTINA, 17, Bloque:2 Es:2 Pl:02 Pt:179;03502;8393004YH4689S0183WB;4;2;96.00;18/04/2025;-0.149718;38.537402
CV-VUT0516037-A;AV REPUBLICA ARGENTINA, 17, Bloque:2 Es:2 Pl:03 Pt:181;03502;8393004YH4689S0185RX;4;2;96.00;18/04/2025;-0.149718;38.537402
CV-VUT0516075-A;AV REPUBLICA ARGENTINA, 17, Bloque:2 Es:2 Pl:04 Pt:183;03502;8393004YH4689S0187YQ;4;2;96.00;22/04/2025;-0.149718;38.537402
CV-VUT0515248-A;AV REPUBLICA ARGENTINA, 17, Bloque:2 Es:2 Pl:06 Pt:187;03502;8393004YH4689S0191UW;3;2;96.00;24/03/2025;-0.149718;38.537402
CV-VUT0519549-A;AV REPUBLICA ARGENTINA, 17, Bloque:2 Es:2 Pl:07 Pt:189;03502;8393004YH4689S0193OR;4;2;96.00;15/12/2025;-0.149718;38.537402
CV-VUT0518959-A;AV REPUBLICA ARGENTINA, 17, Bloque:2 Es:2 Pl:08 Pt:190;03502;8393004YH4689S0194PT;6;3;138.00;04/11/2025;-0.149718;38.537402
CV-VUT0515485-A;AV REPUBLICA ARGENTINA, 17, Bloque:2 Es:2 Pl:09 Pt:193;03502;8393004YH4689S0197DI;2;1;96.00;31/03/2025;-0.149718;38.537402
CV-VUT0515384-A;AV REPUBLICA ARGENTINA, 17, Bloque:2 Es:2 Pl:11 Pt:197;03502;8393004YH4689S0201HA;3;2;96.00;27/03/2025;-0.149718;38.537402
CV-VUT0520533-A;AV REPUBLICA ARGENTINA, 17, Bloque:2 Es:2 Pl:13 Pt:201;03502;8393004YH4689S0205BG;3;2;96.00;10/03/2026;-0.149718;38.537402
CV-VUT0513474-A;AV REPUBLICA ARGENTINA, 17, Bloque:2 Es:2 Pl:14 Pt:202;03502;8393004YH4689S0206ZH;4;2;138.00;23/12/2024;-0.149718;38.537402
CV-VUT0516073-A;AV REPUBLICA ARGENTINA, 17, Bloque:2 Es:2 Pl:15 Pt:205;03502;8393004YH4689S0209QL;3;2;96.00;22/04/2025;-0.149718;38.537402
CV-VUT0518522-A;AV REPUBLICA ARGENTINA, 17, Bloque:2 Es:2 Pl:16 Pt:206;03502;8393004YH4689S0210XJ;4;2;138.00;22/09/2025;-0.149718;38.537402
CV-VUT0521582-A;AV REPUBLICA ARGENTINA, 17, Bloque:2 Es:2 Pl:17 Pt:208;03502;8393004YH4689S0212QL;4;2;138.00;26/05/2026;-0.149718;38.537402
CV-VUT0520689-A;AV REPUBLICA ARGENTINA, 17, Bloque:2 Es:2 Pl:17 Pt:209;03502;8393004YH4689S0213WB;2;1;96.00;24/03/2026;-0.149718;38.537402
CV-VUT0520630-A;AV REPUBLICA ARGENTINA, 17, Bloque:2 Es:2 Pl:18 Pt:210;03502;8393004YH4689S0214EZ;6;3;138.00;20/03/2026;-0.149718;38.537402
CV-VUT0516168-A;AV REPUBLICA ARGENTINA, 17, Bloque:2 Es:2 Pl:20 Pt:215;03502;8393004YH4689S0219IE;2;1;96.00;28/04/2025;-0.149718;38.537402
CV-VUT0516169-A;AV REPUBLICA ARGENTINA, 17, Bloque:2 Es:2 Pl:21 Pt:216;03502;8393004YH4689S0220YQ;4;2;139.00;28/04/2025;-0.149718;38.537402
CV-VUT0514375-A;AV REPUBLICA ARGENTINA, 17, Bloque:2 Es:2 Pl:21 Pt:217;03502;8393004YH4689S0221UW;3;2;96.00;20/02/2025;-0.149718;38.537402
CV-VUT0516066-A;AV REPUBLICA ARGENTINA, 17, Bloque:2 Es:2 Pl:24 Pt:223;03502;8393004YH4689S0227DI;4;2;130.00;22/04/2025;-0.149718;38.537402
CV-VUT0513632-A;AV REPUBLICA ARGENTINA, 17, Bloque:2 Es:3 Pl:01 Pt:233;03502;8393004YH4689S0237BG;6;3;185.00;08/01/2025;-0.149718;38.537402
CV-VUT0517972-A;AV REPUBLICA ARGENTINA, 17, Bloque:2 Es:3 Pl:03 Pt:237;03502;8393004YH4689S0241ZH;6;3;185.00;31/07/2025;-0.149718;38.537402
CV-VUT0521159-A;AV REPUBLICA ARGENTINA, 17, Bloque:2 Es:3 Pl:05 Pt:240;03502;8393004YH4689S0244QL;6;3;173.00;29/04/2026;-0.149718;38.537402
CV-VUT0519241-A;AV REPUBLICA ARGENTINA, 17, Bloque:2 Es:3 Pl:08 Pt:247;03502;8393004YH4689S0251TM;6;3;185.00;25/11/2025;-0.149718;38.537402
CV-VUT0522681-A;AV REPUBLICA ARGENTINA, 17, Bloque:2 Es:3 Pl:09 Pt:249;03502;8393004YH4689S0253UW;6;3;185.00;07/09/2026;-0.149718;38.537402
CV-VUT0516004-A;AV REPUBLICA ARGENTINA, 17, Bloque:2 Es:3 Pl:10 Pt:250;03502;8393004YH4689S0254IE;5;3;173.00;17/04/2025;-0.149718;38.537402
CV-VUT0519278-A;AV REPUBLICA ARGENTINA, 17, Bloque:2 Es:3 Pl:12 Pt:255;03502;8393004YH4689S0259DI;3;3;185.00;27/11/2025;-0.149718;38.537402
CV-VUT0515847-A;AV REPUBLICA ARGENTINA, 17, Bloque:2 Es:3 Pl:13 Pt:256;03502;8393004YH4689S0260AY;6;3;173.00;10/04/2025;-0.149718;38.537402
CV-VUT0516914-A;AV REPUBLICA ARGENTINA, 17, Bloque:2 Es:3 Pl:15 Pt:261;03502;8393004YH4689S0265HA;6;3;185.00;04/06/2025;-0.149718;38.537402
CV-VUT0513649-A;AV REPUBLICA ARGENTINA, 17, Bloque:2 Es:3 Pl:16 Pt:262;03502;8393004YH4689S0266JS;6;3;173.00;09/01/2025;-0.149718;38.537402
CV-VUT0516416-A;AV REPUBLICA ARGENTINA, 17, Bloque:2 Es:3 Pl:17 Pt:265;03502;8393004YH4689S0269BG;6;3;185.00;13/05/2025;-0.149718;38.537402
CV-VUT0514731-A;AV REPUBLICA ARGENTINA, 17, Bloque:2 Es:3 Pl:18 Pt:267;03502;8393004YH4689S0271LF;6;3;185.00;06/03/2025;-0.149718;38.537402
CV-VUT0520523-A;AV REPUBLICA ARGENTINA, 17, Bloque:2 Es:3 Pl:19 Pt:269;03502;8393004YH4689S0273ZH;6;3;184.00;11/03/2026;-0.149718;38.537402
CV-VUT0456337-A;AV REPUBLICA ARGENTINA, 3, Es:1 Pl:01 Pt:D;03502;8996904YH4689N0002FZ;5;3;93.00;13/06/2017;-0.145092;38.537926
CV-VUT0322369-A;AV REPUBLICA ARGENTINA, 3, Es:1 Pl:02 Pt:D;03502;8996904YH4689N0004HM;6;3;93.00;15/06/2017;-0.145092;38.537926
CV-VUT0458976-A;AV REPUBLICA ARGENTINA, 3A, Es:1 Pl:02 Pt:I;03502;8996908YH4689N0006IW;6;3;93.00;03/10/2017;-0.145310;38.537933
CV-VUT0493559-A;AV REPUBLICA ARGENTINA, 4, Es:1 Pl:00 Pt:11;03502;8996906YH4689N0092EG;6;3;83.00;24/11/2022;-0.145749;38.539347
CV-VUT0481397-A;AV REPUBLICA ARGENTINA, 4, Es:1 Pl:01 Pt:11;03502;8996906YH4689N0104FE;2;1;47.00;28/02/2020;-0.145749;38.539347
CV-VUT0470516-A;AV REPUBLICA ARGENTINA, 4, Es:1 Pl:01 Pt:14;03502;8996906YH4689N0107JY;2;1;47.00;06/09/2018;-0.145749;38.539347
CV-VUT0324204-A;AV REPUBLICA ARGENTINA, 4, Es:1 Pl:09 Pt:03;03502;8996906YH4689N0232DW;2;1;47.00;14/02/2024;-0.145749;38.539347
CV-VUT0485005-A;AV REPUBLICA ARGENTINA, 4, Es:1 Pl:10 Pt:11;03502;8996906YH4689N0258PX;4;2;47.00;16/02/2021;-0.145749;38.539347
CV-VUT0488542-A;AV REPUBLICA ARGENTINA, 4, Es:1 Pl:13 Pt:09;03502;8996906YH4689N0307MS;4;2;67.00;10/02/2022;-0.145749;38.539347
CV-VUT0322690-A;AV REPUBLICA ARGENTINA, 5, Es:1 Pl:00 Pt:03;03502;8996905YH4689N0053DA;4;2;64.00;21/06/2018;-0.146340;38.538330
CV-VUT0520031-A;AV REPUBLICA ARGENTINA, 5, Es:1 Pl:01 Pt:16;03502;8996905YH4689N0072EQ;4;2;44.00;29/01/2026;-0.146340;38.538330
CV-VUT0323995-A;AV REPUBLICA ARGENTINA, 5, Es:1 Pl:02 Pt:13;03502;8996905YH4689N0086FS;2;1;41.00;19/05/2023;-0.146340;38.538330
CV-VUT0491189-A;AV REPUBLICA ARGENTINA, 5, Es:1 Pl:02 Pt:17;03502;8996905YH4689N0090GD;2;1;59.00;05/07/2022;-0.146340;38.538330
CV-VUT0324309-A;AV REPUBLICA ARGENTINA, 5, Es:1 Pl:03 Pt:05;03502;8996905YH4689N0096ZL;2;1;47.00;10/05/2024;-0.146340;38.538330
CV-VUT0453254-A;AV REPUBLICA ARGENTINA, 5, Es:1 Pl:03 Pt:14;03502;8996905YH4689N0105YR;4;3;44.00;27/02/2017;-0.146340;38.538330
CV-VUT0311286-A;AV REPUBLICA ARGENTINA, 5, Es:1 Pl:05 Pt:06;03502;8996905YH4689N0133WM;5;3;47.00;11/07/1995;-0.146340;38.538330
CV-VUT0458968-A;AV REPUBLICA ARGENTINA, 5, Es:1 Pl:07 Pt:03;03502;8996905YH4689N0166EQ;4;2;65.00;03/10/2017;-0.146340;38.538330
CV-VUT0477022-A;AV REPUBLICA ARGENTINA, 5, Es:1 Pl:07 Pt:14;03502;8996905YH4689N0177AO;2;1;41.00;28/06/2019;-0.146340;38.538330
CV-VUT0501956-A;AV REPUBLICA ARGENTINA, 5, Es:1 Pl:08 Pt:06;03502;8996905YH4689N0186JG;2;1;47.00;21/09/2023;-0.146340;38.538330
CV-VUT0477305-A;AV REPUBLICA ARGENTINA, 5, Es:1 Pl:08 Pt:13;03502;8996905YH4689N0193ZL;2;1;41.00;08/07/2019;-0.146340;38.538330
CV-VUT0480658-A;AV REPUBLICA ARGENTINA, 5, Es:1 Pl:10 Pt:12;03502;8996905YH4689N0226QX;2;1;48.00;17/01/2020;-0.146340;38.538330
CV-VUT0496476-A;AV REPUBLICA ARGENTINA, 5, Es:1 Pl:11 Pt:16;03502;8996905YH4689N0247HF;4;2;41.00;24/03/2023;-0.146340;38.538330
CV-VUT0472183-A;AV REPUBLICA ARGENTINA, 5, Es:1 Pl:12 Pt:06;03502;8996905YH4689N0254BK;4;2;47.00;23/11/2018;-0.146340;38.538330
CV-VUT0522563-A;AV REPUBLICA ARGENTINA, 5, Es:1 Pl:12 Pt:08;03502;8996905YH4689N0256XB;2;1;41.00;18/08/2026;-0.146340;38.538330
CV-VUT0521761-A;AV REPUBLICA ARGENTINA, 5, Es:1 Pl:13 Pt:04;03502;8996905YH4689N0262WM;4;2;65.00;08/06/2026;-0.146340;38.538330
CV-VUT0323972-A;AV REPUBLICA ARGENTINA, 5, Es:1 Pl:15 Pt:04;03502;8996905YH4689N0270UT;4;2;65.00;08/05/2023;-0.146340;38.538330
CV-VUT0511543-A;AV REPUBLICA ARGENTINA, 6, Bloque:1 Es:1 Pl:10 Pt:B;03502;8596502YH4689N0020QP;4;2;132.00;18/09/2024;-0.148409;38.539115
CV-VUT0323490-A;AV REPUBLICA ARGENTINA, 6, Bloque:1 Es:1 Pl:18 Pt:A;03502;8596502YH4689N0035DX;6;3;168.00;04/05/2021;-0.148409;38.539115
CV-VUT0522810-A;AV REPUBLICA ARGENTINA, 6, Bloque:1 Es:1 Pl:27 Pt:A;03502;8596502YH4689N0053WA;6;3;171.00;22/09/2026;-0.148409;38.539115
CV-VUT0323588-A;AV REPUBLICA ARGENTINA, 6, Bloque:1 Es:2 Pl:20 Pt:C;03502;8596502YH4689N0094IJ;4;2;137.00;01/12/2021;-0.148409;38.539115
CV-VUT0521063-A;AV REPUBLICA ARGENTINA, 6, Bloque:1 Es:3 Pl:06 Pt:E;03502;8596502YH4689N0114QP;4;2;133.00;23/04/2026;-0.148409;38.539115
CV-VUT0515381-A;AV REPUBLICA ARGENTINA, 6, Bloque:1 Es:3 Pl:07 Pt:F;03502;8596502YH4689N0117RD;6;3;176.00;27/03/2025;-0.148409;38.539115
CV-VUT0323740-A;AV REPUBLICA ARGENTINA, 6, Bloque:1 Es:3 Pl:10 Pt:E;03502;8596502YH4689N0122YG;5;3;135.00;12/07/2022;-0.148409;38.539115
CV-VUT0516805-A;AV REPUBLICA ARGENTINA, 6, Bloque:1 Es:3 Pl:13 Pt:G;03502;8596502YH4689N0129DX;4;2;150.00;12/05/2025;-0.148409;38.539115
CV-VUT0515222-A;AV REPUBLICA ARGENTINA, 6, Bloque:2 Es:1 Pl:04 Pt:B;03502;8596502YH4689N0142BY;4;2;129.00;24/03/2025;-0.148409;38.539115
CV-VUT0323504-A;AV REPUBLICA ARGENTINA, 6, Bloque:2 Es:1 Pl:09 Pt:A;03502;8596502YH4689N0151ES;6;3;165.00;25/05/2021;-0.148409;38.539115
CV-VUT0516259-A;AV REPUBLICA ARGENTINA, 6, Bloque:2 Es:1 Pl:14 Pt:A;03502;8596502YH4689N0161PL;6;3;167.00;05/05/2025;-0.148409;38.539115
CV-VUT0502513-A;AV REPUBLICA ARGENTINA, 6, Bloque:2 Es:1 Pl:18 Pt:B;03502;8596502YH4689N0170HW;4;2;134.00;23/10/2023;-0.148409;38.539115
CV-VUT0521641-A;AV REPUBLICA ARGENTINA, 6, Bloque:2 Es:1 Pl:19 Pt:A;03502;8596502YH4689N0171JE;6;3;168.00;29/05/2026;-0.148409;38.539115
CV-VUT0515207-A;AV REPUBLICA ARGENTINA, 6, Bloque:2 Es:1 Pl:22 Pt:A;03502;8596502YH4689N0177MO;6;3;169.00;22/03/2025;-0.148409;38.539115
CV-VUT0519788-A;AV REPUBLICA ARGENTINA, 6, Bloque:2 Es:2 Pl:03 Pt:C;03502;8596502YH4689N0194AB;4;2;132.00;13/01/2026;-0.148409;38.539115
CV-VUT0522933-A;AV REPUBLICA ARGENTINA, 6, Bloque:2 Es:2 Pl:15 Pt:C;03502;8596502YH4689N0218IJ;4;2;135.00;30/09/2026;-0.148409;38.539115
CV-VUT0501995-A;AV REPUBLICA ARGENTINA, 6, Bloque:2 Es:2 Pl:19 Pt:C;03502;8596502YH4689N0226DX;4;2;137.00;02/10/2023;-0.148409;38.539115
CV-VUT0521506-A;AV REPUBLICA ARGENTINA, 6, Bloque:2 Es:2 Pl:22 Pt:C;03502;8596502YH4689N0232HW;4;2;138.00;20/05/2026;-0.148409;38.539115
CV-VUT0491026-A;AV REPUBLICA ARGENTINA, 6, Bloque:2 Es:3 Pl:02 Pt:E;03502;8596502YH4689N0240ZU;5;3;132.00;27/06/2022;-0.148409;38.539115
CV-VUT0323621-A;AV REPUBLICA ARGENTINA, 6, Bloque:2 Es:3 Pl:04 Pt:E;03502;8596502YH4689N0244WA;6;4;132.00;24/02/2022;-0.148409;38.539115
CV-VUT0521467-A;AV REPUBLICA ARGENTINA, 6, Bloque:2 Es:3 Pl:05 Pt:E;03502;8596502YH4689N0246RD;6;3;133.00;18/05/2026;-0.148409;38.539115
CV-VUT0522678-A;AV REPUBLICA ARGENTINA, 6, Bloque:2 Es:3 Pl:10 Pt:F;03502;8596502YH4689N0257SZ;6;3;177.00;07/09/2026;-0.148409;38.539115
CV-VUT0323622-A;AV REPUBLICA ARGENTINA, 6, Bloque:2 Es:3 Pl:13 Pt:E;03502;8596502YH4689N0262FM;6;4;136.00;24/02/2022;-0.148409;38.539115
CV-VUT0519228-A;AV REPUBLICA ARGENTINA, 6, Bloque:2 Es:3 Pl:18 Pt:J;03502;8596502YH4689N0268BY;4;2;139.00;24/11/2025;-0.148409;38.539115
CV-VUT0323664-A;AV REPUBLICA ARGENTINA, 6, Es:1 Pl:01 Pt:A;03502;8596502YH4689N0135HW;6;3;163.00;06/04/2022;-0.148409;38.539115
CV-VUT0323633-A;AV REPUBLICA ARGENTINA, 6, Es:1 Pl:01 Pt:B;03502;8596502YH4689N0002SZ;2;1;129.00;10/03/2022;-0.148409;38.539115
CV-VUT0323512-A;AV REPUBLICA ARGENTINA, 6, Es:1 Pl:01 Pt:B;03502;8596502YH4689N0136JE;4;2;129.00;03/06/2021;-0.148409;38.539115
CV-VUT0504748-A;AV REPUBLICA ARGENTINA, 6, Es:1 Pl:02 Pt:B;03502;8596502YH4689N0138LT;4;2;129.00;24/01/2024;-0.148409;38.539115
CV-VUT0488192-A;AV REPUBLICA ARGENTINA, 6, Es:1 Pl:03 Pt:B;03502;8596502YH4689N0006HW;4;2;130.00;12/01/2022;-0.148409;38.539115
CV-VUT0511630-A;AV REPUBLICA ARGENTINA, 6, Es:1 Pl:04 Pt:B;03502;8596502YH4689N0008KR;4;2;130.00;20/09/2024;-0.148409;38.539115
CV-VUT0323722-A;AV REPUBLICA ARGENTINA, 6, Es:1 Pl:05 Pt:A;03502;8596502YH4689N0143ZU;6;3;164.00;26/06/2022;-0.148409;38.539115
CV-VUT0323623-A;AV REPUBLICA ARGENTINA, 6, Es:1 Pl:05 Pt:B;03502;8596502YH4689N0144XI;4;2;129.00;24/02/2022;-0.148409;38.539115
CV-VUT0504712-A;AV REPUBLICA ARGENTINA, 6, Es:1 Pl:06 Pt:B;03502;8596502YH4689N0146QP;4;2;131.00;24/01/2024;-0.148409;38.539115
CV-VUT0323820-A;AV REPUBLICA ARGENTINA, 6, Es:1 Pl:11 Pt:A;03502;8596502YH4689N0155UH;6;3;166.00;13/10/2022;-0.148409;38.539115
CV-VUT0500683-A;AV REPUBLICA ARGENTINA, 6, Es:1 Pl:12 Pt:B;03502;8596502YH4689N0024TF;6;3;132.00;04/08/2023;-0.148409;38.539115
CV-VUT0492920-A;AV REPUBLICA ARGENTINA, 6, Es:1 Pl:13 Pt:A;03502;8596502YH4689N0025YG;6;3;166.00;21/10/2022;-0.148409;38.539115
CV-VUT0500492-A;AV REPUBLICA ARGENTINA, 6, Es:1 Pl:14 Pt:A;03502;8596502YH4689N0027IJ;6;3;167.00;28/07/2023;-0.148409;38.539115
CV-VUT0486732-A;AV REPUBLICA ARGENTINA, 6, Es:1 Pl:14 Pt:B;03502;8596502YH4689N0162AB;4;2;133.00;27/06/2021;-0.148409;38.539115
CV-VUT0490588-A;AV REPUBLICA ARGENTINA, 6, Es:1 Pl:15 Pt:B;03502;8596502YH4689N0164DX;4;2;133.00;03/06/2022;-0.148409;38.539115
CV-VUT0494115-A;AV REPUBLICA ARGENTINA, 6, Es:1 Pl:16 Pt:A;03502;8596502YH4689N0031OK;4;2;167.00;08/12/2022;-0.148409;38.539115
CV-VUT0495915-A;AV REPUBLICA ARGENTINA, 6, Es:1 Pl:16 Pt:B;03502;8596502YH4689N0032PL;4;2;133.00;10/03/2023;-0.148409;38.539115
CV-VUT0324046-A;AV REPUBLICA ARGENTINA, 6, Es:1 Pl:16 Pt:B;03502;8596502YH4689N0166GQ;4;2;133.00;10/07/2023;-0.148409;38.539115
CV-VUT0505017-A;AV REPUBLICA ARGENTINA, 6, Es:1 Pl:17 Pt:B;03502;8596502YH4689N0168JE;4;2;134.00;01/02/2024;-0.148409;38.539115
CV-VUT0323701-A;AV REPUBLICA ARGENTINA, 6, Es:1 Pl:19 Pt:B;03502;8596502YH4689N0038HW;4;2;134.00;02/06/2022;-0.148409;38.539115
CV-VUT0490070-A;AV REPUBLICA ARGENTINA, 6, Es:1 Pl:21 Pt:A;03502;8596502YH4689N0175ZU;6;3;169.00;17/05/2022;-0.148409;38.539115
CV-VUT0489958-A;AV REPUBLICA ARGENTINA, 6, Es:1 Pl:22 Pt:B;03502;8596502YH4689N0044LT;4;2;135.00;12/05/2022;-0.148409;38.539115
CV-VUT0492523-A;AV REPUBLICA ARGENTINA, 6, Es:1 Pl:22 Pt:B;03502;8596502YH4689N0178QP;4;2;135.00;30/09/2022;-0.148409;38.539115
CV-VUT0323610-A;AV REPUBLICA ARGENTINA, 6, Es:1 Pl:25 Pt:B;03502;8596502YH4689N0184RD;4;2;136.00;26/01/2022;-0.148409;38.539115
CV-VUT0323721-A;AV REPUBLICA ARGENTINA, 6, Es:2 Pl:01 Pt:C;03502;8596502YH4689N0190UH;4;2;131.00;26/06/2022;-0.148409;38.539115
CV-VUT0512383-A;AV REPUBLICA ARGENTINA, 6, Es:2 Pl:01 Pt:C;03502;8596502YH4689N0056TF;4;2;131.00;24/10/2024;-0.148409;38.539115
CV-VUT0323625-A;AV REPUBLICA ARGENTINA, 6, Es:2 Pl:01 Pt:D;03502;8596502YH4689N0191IJ;4;2;131.00;03/03/2022;-0.148409;38.539115
CV-VUT0484612-A;AV REPUBLICA ARGENTINA, 6, Es:2 Pl:01 Pt:D;03502;8596502YH4689N0057YG;4;2;131.00;28/12/2020;-0.148409;38.539115
CV-VUT0488317-A;AV REPUBLICA ARGENTINA, 6, Es:2 Pl:02 Pt:C;03502;8596502YH4689N0058UH;4;2;132.00;21/01/2022;-0.148409;38.539115
CV-VUT0490923-A;AV REPUBLICA ARGENTINA, 6, Es:2 Pl:02 Pt:C;03502;8596502YH4689N0192OK;4;2;132.00;17/06/2022;-0.148409;38.539115
CV-VUT0491025-A;AV REPUBLICA ARGENTINA, 6, Es:2 Pl:02 Pt:D;03502;8596502YH4689N0193PL;4;2;132.00;27/06/2022;-0.148409;38.539115
CV-VUT0323660-A;AV REPUBLICA ARGENTINA, 6, Es:2 Pl:03 Pt:C;03502;8596502YH4689N0060YG;4;2;132.00;01/04/2022;-0.148409;38.539115
CV-VUT0501803-A;AV REPUBLICA ARGENTINA, 6, Es:2 Pl:03 Pt:D;03502;8596502YH4689N0061UH;4;2;132.00;22/09/2023;-0.148409;38.539115
CV-VUT0491888-A;AV REPUBLICA ARGENTINA, 6, Es:2 Pl:04 Pt:C;03502;8596502YH4689N0196DX;4;2;132.00;19/08/2022;-0.148409;38.539115
CV-VUT0488333-A;AV REPUBLICA ARGENTINA, 6, Es:2 Pl:04 Pt:C;03502;8596502YH4689N0062IJ;4;2;132.00;24/01/2022;-0.148409;38.539115
CV-VUT0323699-A;AV REPUBLICA ARGENTINA, 6, Es:2 Pl:04 Pt:D;03502;8596502YH4689N0197FM;4;3;132.00;01/06/2022;-0.148409;38.539115
CV-VUT0487078-A;AV REPUBLICA ARGENTINA, 6, Es:2 Pl:06 Pt:C;03502;8596502YH4689N0066SZ;4;2;133.00;04/08/2021;-0.148409;38.539115
CV-VUT0492506-A;AV REPUBLICA ARGENTINA, 6, Es:2 Pl:06 Pt:D;03502;8596502YH4689N0067DX;4;2;133.00;29/09/2022;-0.148409;38.539115
CV-VUT0503201-A;AV REPUBLICA ARGENTINA, 6, Es:2 Pl:09 Pt:C;03502;8596502YH4689N0206XI;4;2;133.00;07/11/2023;-0.148409;38.539115
CV-VUT0324118-A;AV REPUBLICA ARGENTINA, 6, Es:2 Pl:10 Pt:C;03502;8596502YH4689N0208QP;4;2;134.00;10/11/2023;-0.148409;38.539115
CV-VUT0496822-A;AV REPUBLICA ARGENTINA, 6, Es:2 Pl:11 Pt:C;03502;8596502YH4689N0210MO;4;2;134.00;17/03/2023;-0.148409;38.539115
CV-VUT0496823-A;AV REPUBLICA ARGENTINA, 6, Es:2 Pl:11 Pt:D;03502;8596502YH4689N0211QP;4;2;134.00;17/03/2023;-0.148409;38.539115
CV-VUT0492462-A;AV REPUBLICA ARGENTINA, 6, Es:2 Pl:12 Pt:C;03502;8596502YH4689N0212WA;4;2;134.00;27/09/2022;-0.148409;38.539115
CV-VUT0492463-A;AV REPUBLICA ARGENTINA, 6, Es:2 Pl:12 Pt:D;03502;8596502YH4689N0213ES;4;2;134.00;27/09/2022;-0.148409;38.539115
CV-VUT0492749-A;AV REPUBLICA ARGENTINA, 6, Es:2 Pl:13 Pt:D;03502;8596502YH4689N0215TF;4;2;135.00;13/10/2022;-0.148409;38.539115
CV-VUT0501514-A;AV REPUBLICA ARGENTINA, 6, Es:2 Pl:14 Pt:C;03502;8596502YH4689N0216YG;4;2;135.00;06/09/2023;-0.148409;38.539115
CV-VUT0323689-A;AV REPUBLICA ARGENTINA, 6, Es:2 Pl:14 Pt:D;03502;8596502YH4689N0083MO;4;2;135.00;14/05/2022;-0.148409;38.539115
CV-VUT0493478-A;AV REPUBLICA ARGENTINA, 6, Es:2 Pl:15 Pt:D;03502;8596502YH4689N0219OK;4;2;135.00;18/11/2022;-0.148409;38.539115
CV-VUT0500072-A;AV REPUBLICA ARGENTINA, 6, Es:2 Pl:16 Pt:D;03502;8596502YH4689N0221IJ;4;2;135.00;12/07/2023;-0.148409;38.539115
CV-VUT0494179-A;AV REPUBLICA ARGENTINA, 6, Es:2 Pl:17 Pt:C;03502;8596502YH4689N0088TF;6;3;137.00;10/12/2022;-0.148409;38.539115
CV-VUT0503454-A;AV REPUBLICA ARGENTINA, 6, Es:2 Pl:18 Pt:C;03502;8596502YH4689N0224AB;4;2;137.00;27/11/2023;-0.148409;38.539115
CV-VUT0323914-A;AV REPUBLICA ARGENTINA, 6, Es:2 Pl:18 Pt:D;03502;8596502YH4689N0225SZ;4;2;137.00;20/02/2023;-0.148409;38.539115
CV-VUT0323813-A;AV REPUBLICA ARGENTINA, 6, Es:2 Pl:18 Pt:D;03502;8596502YH4689N0091TF;4;2;137.00;28/09/2022;-0.148409;38.539115
CV-VUT0493815-A;AV REPUBLICA ARGENTINA, 6, Es:2 Pl:19 Pt:C;03502;8596502YH4689N0092YG;4;2;137.00;05/12/2022;-0.148409;38.539115
CV-VUT0501382-A;AV REPUBLICA ARGENTINA, 6, Es:2 Pl:20 Pt:C;03502;8596502YH4689N0228GQ;6;3;137.00;06/09/2023;-0.148409;38.539115
CV-VUT0323839-A;AV REPUBLICA ARGENTINA, 6, Es:2 Pl:21 Pt:C;03502;8596502YH4689N0096PL;4;2;138.00;24/11/2022;-0.148409;38.539115
CV-VUT0505218-A;AV REPUBLICA ARGENTINA, 6, Es:2 Pl:22 Pt:D;03502;8596502YH4689N0099DX;3;2;140.00;07/02/2024;-0.148409;38.539115
CV-VUT0498996-A;AV REPUBLICA ARGENTINA, 6, Es:2 Pl:22 Pt:D;03502;8596502YH4689N0233JE;4;2;140.00;08/06/2023;-0.148409;38.539115
CV-VUT0500684-A;AV REPUBLICA ARGENTINA, 6, Es:2 Pl:23 Pt:C;03502;8596502YH4689N0100DX;6;3;138.00;04/08/2023;-0.148409;38.539115
CV-VUT0497590-A;AV REPUBLICA ARGENTINA, 6, Es:2 Pl:23 Pt:D;03502;8596502YH4689N0101FM;4;2;140.00;04/05/2023;-0.148409;38.539115
CV-VUT0509427-A;AV REPUBLICA ARGENTINA, 6, Es:2 Pl:23 Pt:D;03502;8596502YH4689N0235LT;4;2;140.00;18/06/2024;-0.148409;38.539115
CV-VUT0323540-A;AV REPUBLICA ARGENTINA, 6, Es:3 Pl:01 Pt:E;03502;8596502YH4689N0238XI;4;2;131.00;30/07/2021;-0.148409;38.539115
CV-VUT0323527-A;AV REPUBLICA ARGENTINA, 6, Es:3 Pl:07 Pt:E;03502;8596502YH4689N0250TF;4;2;133.00;29/06/2021;-0.148409;38.539115
CV-VUT0505020-A;AV REPUBLICA ARGENTINA, 6, Es:3 Pl:09 Pt:E;03502;8596502YH4689N0120RD;4;2;133.00;01/02/2024;-0.148409;38.539115
CV-VUT0495389-A;AV REPUBLICA ARGENTINA, 6, Es:3 Pl:10 Pt:E;03502;8596502YH4689N0256AB;4;2;135.00;21/02/2023;-0.148409;38.539115
CV-VUT0488570-A;AV REPUBLICA ARGENTINA, 6, Es:3 Pl:10 Pt:F;03502;8596502YH4689N0123UH;6;3;177.00;14/02/2022;-0.148409;38.539115
CV-VUT0323513-A;AV REPUBLICA ARGENTINA, 6, Es:3 Pl:11 Pt:E;03502;8596502YH4689N0258DX;4;2;135.00;03/06/2021;-0.148409;38.539115
CV-VUT0318121-A;AV RICARDO BAYONA, 4, Es:1 Pl:03 Pt:0A;03502;9699604YH4699N0005AT;3;2;83.00;16/06/1999;-0.136231;38.540676
CV-VUT0461962-A;AV RICARDO BAYONA, 4, Es:1 Pl:04 Pt:0A;03502;9699604YH4699N0007DU;4;2;83.00;26/12/2017;-0.136231;38.540676
CV-VUT0322519-A;AV RICARDO BAYONA, 5, Es:1 Pl:02 Pt:04;03502;9798901YH4699N0012PO;2;1;70.00;27/04/2018;-0.136674;38.540351
CV-VUT0446695-A;AV RICARDO BAYONA, 5, Es:1 Pl:03 Pt:06;03502;9798901YH4699N0018HG;2;1;46.00;29/03/2016;-0.136674;38.540351
CV-VUT0461617-A;AV RICARDO BAYONA, 5, Es:1 Pl:04 Pt:05;03502;9798901YH4699N0023KJ;2;1;46.00;20/12/2017;-0.136674;38.540351
CV-VUT0488047-A;AV RICARDO BAYONA, 5, Es:1 Pl:05 Pt:04;03502;9798901YH4699N0028MX;2;1;47.00;14/12/2021;-0.136674;38.540351
CV-VUT0484552-A;AV RICARDO BAYONA, 8, Es:1 Pl:01 Pt:A;03502;9499902YH4699N0007MU;2;1;59.00;17/12/2020;-0.137226;38.540422
CV-VUT0460825-A;AV RICARDO BAYONA, 8, Es:1 Pl:01 Pt:B;03502;9499902YH4699N0008QI;2;1;59.00;01/12/2017;-0.137226;38.540422
CV-VUT0461447-A;AV RICARDO BAYONA, 8, Es:1 Pl:01 Pt:C;03502;9499902YH4699N0009WO;4;2;59.00;18/12/2017;-0.137226;38.540422
CV-VUT0460469-A;AV RICARDO BAYONA, 8, Es:1 Pl:08 Pt:C;03502;9499902YH4699N0037ZT;2;1;59.00;27/11/2017;-0.137226;38.540422
CV-VUT0463182-A;AV RICARDO BAYONA, 8, Es:1 Pl:08 Pt:D;03502;9499902YH4699N0038XY;2;1;59.00;29/01/2018;-0.137226;38.540422
CV-VUT0515836-A;AV RICARDO BAYONA, 8, Es:1 Pl:10 Pt:B;03502;9499902YH4699N0044WO;2;1;59.00;21/02/2025;-0.137226;38.540422
CV-VUT0460328-A;AV SUECIA, 1, Es:1 Pl:11 Pt:05;03502;0205602YH5700N0114LE;6;3;67.00;24/11/2017;-0.129740;38.546015
CV-VUT0479909-A;AV SUECIA, 2, Es:1 Pl:03 Pt:06;03502;0304901YH5700S0058GJ;4;2;61.00;22/11/2019;-0.129007;38.545904
CV-VUT0478082-A;AV SUECIA, 2, Es:1 Pl:07 Pt:09;03502;0304901YH5700S0133XQ;2;1;53.00;06/08/2019;-0.129007;38.545904
CV-VUT0324211-A;AV SUECIA, 2, Es:1 Pl:09 Pt:12;03502;0304901YH5700S0172ET;4;2;61.00;17/02/2024;-0.129007;38.545904
CV-VUT0517846-A;AV SUECIA, 2, Es:1 Pl:16 Pt:06;03502;0304901YH5700S0294XQ;6;3;61.00;23/07/2025;-0.129007;38.545904
CV-VUT0475986-A;AV SUECIA, 2, Es:1 Pl:17 Pt:01;03502;0304901YH5700S0307AD;2;1;53.00;20/05/2019;-0.129007;38.545904
CV-VUT0514878-A;AV SUECIA, 6, Es:D Pl:01 Pt:05;03502;0404401YH5700N0011ZB;4;2;67.00;12/03/2025;-0.127814;38.546076
CV-VUT0488873-A;AV SUECIA, 6, Es:D Pl:07 Pt:08;03502;0404401YH5700N0062AP;1;1;57.00;07/03/2022;-0.127814;38.546076
CV-VUT0483477-A;AV SUECIA, 8, Es:E Pl:06 Pt:09;03502;0404401YH5700N0181RE;2;1;57.00;06/10/2020;-0.127814;38.546076
CV-VUT0482402-A;AV SUECIA, 8, Es:E Pl:06 Pt:14;03502;0404401YH5700N0186OI;4;2;67.00;29/06/2020;-0.127814;38.546076
CV-VUT0504847-A;AV SUECIA, 8, Es:E Pl:14 Pt:16;03502;0404401YH5700N0252PO;2;1;57.00;29/01/2024;-0.127814;38.546076
CV-VUT0485448-A;AV SUECIA, 8, Es:E Pl:16 Pt:10;03502;0404401YH5700N0262JH;4;2;43.00;24/03/2021;-0.127814;38.546076
CV-VUT0480974-A;AV SUECIA, 8, Es:E Pl:16 Pt:11;03502;0404401YH5700N0263KJ;4;2;67.00;03/02/2020;-0.127814;38.546076
CV-VUT0497501-A;AV SUECIA, 8, Es:E Pl:16 Pt:13;03502;0404401YH5700N0265BL;2;1;67.00;02/05/2023;-0.127814;38.546076
CV-VUT0491077-A;AV SUIZA, 2, Es:1 Pl:05 Pt:09;03502;0604101YH5700S0060RH;2;1;32.00;29/06/2022;-0.125953;38.545037
CV-VUT0498278-A;AV SUIZA, 2, Es:1 Pl:10 Pt:13;03502;0604101YH5700S0141JY;2;1;33.00;24/04/2023;-0.125953;38.545037
CV-VUT0486383-A;AV SUIZA, 29, Es:1 Pl:04 Pt:D;03502;0605802YH5700N0018LR;6;3;148.00;04/06/2021;-0.124690;38.545913
CV-VUT0459218-A;AV URUGUAY, 10, Es:B Pl:05 Pt:D;03502;9395501YH4699N0255WM;4;2;51.00;16/10/2017;-0.140711;38.538283
CV-VUT0459219-A;AV URUGUAY, 10, Es:B Pl:05 Pt:E;03502;9395501YH4699N0256EQ;4;2;51.00;16/10/2017;-0.140711;38.538283
CV-VUT0461129-A;AV URUGUAY, 10, Es:B Pl:06 Pt:D;03502;9395501YH4699N0262YR;4;2;51.00;07/12/2017;-0.140711;38.538283
CV-VUT0450625-A;AV URUGUAY, 10, Es:B Pl:13 Pt:B;03502;9395501YH4699N0309BK;2;1;51.00;11/10/2016;-0.140711;38.538283
CV-VUT0504254-A;AV URUGUAY, 10, Es:B Pl:13 Pt:G;03502;9395501YH4699N0314XB;4;2;72.00;05/01/2024;-0.140711;38.538283
CV-VUT0324110-A;AV URUGUAY, 10, Es:B Pl:15 Pt:B;03502;9395501YH4699N0323TE;2;1;51.00;04/11/2023;-0.140711;38.538283
CV-VUT0324177-A;AV URUGUAY, 10, Es:B Pl:16 Pt:A;03502;9395501YH4699N0329AO;4;2;72.00;05/02/2024;-0.140711;38.538283
CV-VUT0463881-A;AV URUGUAY, 10, Es:B Pl:17 Pt:E;03502;9395501YH4699N0340HF;4;2;51.00;19/02/2018;-0.140711;38.538283
CV-VUT0323614-A;AV URUGUAY, 10, Es:B Pl:20 Pt:C;03502;9395501YH4699N0359OU;2;1;51.00;09/02/2022;-0.140711;38.538283
CV-VUT0493293-A;AV URUGUAY, 7, Es:A Pl:03 Pt:B;03502;9395501YH4699N0040UT;2;1;51.00;09/11/2022;-0.140711;38.538283
CV-VUT0493349-A;AV URUGUAY, 7, Es:A Pl:04 Pt:C;03502;9395501YH4699N0051GD;2;1;51.00;14/11/2022;-0.140711;38.538283
CV-VUT0311284-A;AV URUGUAY, 7, Es:A Pl:09 Pt:G;03502;9395501YH4699N0105PI;5;3;51.00;11/07/1995;-0.140711;38.538283
CV-VUT0311285-A;AV URUGUAY, 7, Es:A Pl:09 Pt:H;03502;9395501YH4699N0106AO;5;3;51.00;11/07/1995;-0.140711;38.538283
CV-VUT0470976-A;AV URUGUAY, 7, Es:A Pl:11 Pt:C;03502;9395501YH4699N0121BK;2;1;51.00;03/10/2018;-0.140711;38.538283
CV-VUT0321627-A;AV URUGUAY, 7, Es:A Pl:11 Pt:F;03502;9395501YH4699N0124MZ;4;2;51.00;22/11/2013;-0.140711;38.538283
CV-VUT0322074-A;AV URUGUAY, 7, Es:A Pl:11 Pt:G;03502;9395501YH4699N0125QX;4;2;51.00;24/11/2016;-0.140711;38.538283
CV-VUT0321628-A;AV URUGUAY, 7, Es:A Pl:11 Pt:H;03502;9395501YH4699N0126WM;4;2;51.00;22/11/2013;-0.140711;38.538283
CV-VUT0321629-A;AV URUGUAY, 7, Es:A Pl:11 Pt:I;03502;9395501YH4699N0127EQ;4;2;51.00;22/11/2013;-0.140711;38.538283
CV-VUT0323551-A;AV URUGUAY, 7, Es:A Pl:13 Pt:I;03502;9395501YH4699N0147JG;2;1;51.00;19/10/2021;-0.140711;38.538283
CV-VUT0311283-A;AV URUGUAY, 7, Es:A Pl:14 Pt:H;03502;9395501YH4699N0156MZ;5;3;51.00;11/07/1995;-0.140711;38.538283
CV-VUT0466422-A;AV URUGUAY, 7, Es:A Pl:15 Pt:A;03502;9395501YH4699N0159EQ;4;2;72.00;09/05/2018;-0.140711;38.538283
CV-VUT0504963-A;AV URUGUAY, 7, Es:A Pl:15 Pt:E;03502;9395501YH4699N0163RW;4;2;51.00;31/01/2024;-0.140711;38.538283
CV-VUT0482594-A;AV URUGUAY, 7, Es:A Pl:16 Pt:C;03502;9395501YH4699N0171OU;2;1;51.00;08/07/2020;-0.140711;38.538283
CV-VUT0482083-A;AV URUGUAY, 7, Es:A Pl:19 Pt:I;03502;9395501YH4699N0207GD;4;2;51.00;26/05/2020;-0.140711;38.538283
CV-VUT0323273-A;AV URUGUAY, 7, Es:A Pl:20 Pt:E;03502;9395501YH4699N0212JG;2;1;51.00;08/01/2020;-0.140711;38.538283
CV-VUT0453622-A;AV URUGUAY, 3, Es:1 Pl:04 Pt:B;03502;9496801YH4699N0109MS;4;2;58.00;15/03/2017;-0.139799;38.538211
CV-VUT0494216-A;AV URUGUAY, 3, Es:1 Pl:06 Pt:D;03502;9496801YH4699N0119UL;6;3;73.00;29/12/2022;-0.139799;38.538211
CV-VUT0472070-A;AV URUGUAY, 3, Es:1 Pl:13 Pt:C;03502;9496801YH4699N0146WF;2;1;58.00;21/11/2018;-0.139799;38.538211
CV-VUT0323929-A;AV URUGUAY, 3, Es:1 Pl:18 Pt:B;03502;9496801YH4699N0165GR;4;2;58.00;12/03/2023;-0.139799;38.538211
CV-VUT0458385-A;AV VENEZUELA, 4, Es:1 Pl:01 Pt:B;03502;9699603YH4699N0006EY;2;1;33.00;12/09/2017;-0.136589;38.540936
CV-VUT0502031-A;AV VENEZUELA, 4, Es:1 Pl:01 Pt:E;03502;9699603YH4699N0009YO;2;1;33.00;02/10/2023;-0.136589;38.540936
CV-VUT0504822-A;AV VENEZUELA, 4, Es:1 Pl:04 Pt:A;03502;9699603YH4699N0026JB;4;2;33.00;29/01/2024;-0.136589;38.540936
CV-VUT0461616-A;AV VENEZUELA, 6, Es:1 Pl:02 Pt:03;03502;9699602YH4699N0010KU;2;1;45.00;20/12/2017;-0.136818;38.541174
CV-VUT0460280-A;AV VENEZUELA, 8, Es:1 Pl:06 Pt:03;03502;9699601YH4699N0034RW;4;2;43.00;24/11/2017;-0.136927;38.541498
CV-VUT0471001-A;AV VENEZUELA, 8, Es:1 Pl:11 Pt:06;03502;9699601YH4699N0067TE;4;2;44.00;04/10/2018;-0.136927;38.541498
CV-VUT0482324-A;AV VICENTE LLORCA ALOS, 10, Es:D Pl:01 Pt:01;03502;8192108YH4689S0025PM;4;2;49.00;18/06/2020;-0.154932;38.534409
CV-VUT0321600-A;AV VICENTE LLORCA ALOS, 11, Es:1 Pl:00 Pt:A;03502;8192109YH4689S0001QT;4;2;61.00;22/07/2013;-0.155278;38.534103
CV-VUT0321831-A;AV VICENTE LLORCA ALOS, 11, Es:1 Pl:01 Pt:01;03502;8192109YH4689S0006YP;4;2;61.00;22/10/2015;-0.155278;38.534103
CV-VUT0324030-A;AV VICENTE LLORCA ALOS, 11, Es:1 Pl:01 Pt:05;03502;8192109YH4689S0010UA;4;2;61.00;07/07/2023;-0.155278;38.534103
CV-VUT0518146-A;AV VICENTE LLORCA ALOS, 11, Es:1 Pl:04 Pt:20;03502;8192109YH4689S0025LM;2;2;61.00;13/08/2025;-0.155278;38.534103
CV-VUT0444286-A;AV VICENTE LLORCA ALOS, 11, Es:1 Pl:04 Pt:21;03502;8192109YH4689S0026BQ;5;3;61.00;14/09/2015;-0.155278;38.534103
CV-VUT0324196-A;AV VICENTE LLORCA ALOS, 12, Es:1 Pl:01 Pt:IZ;03502;7990501YH4679S0003ZE;6;3;79.00;14/02/2024;-0.155816;38.533809
CV-VUT0471647-A;AV VICENTE LLORCA ALOS, 12, Es:2 Pl:01 Pt:DR;03502;7990501YH4679S0010WU;6;3;79.00;07/11/2018;-0.155816;38.533809
CV-VUT0503008-A;AV VICENTE LLORCA ALOS, 14, Es:A Pl:01 Pt:B;03502;7990502YH4679S0009DO;6;3;130.00;10/11/2023;-0.156481;38.533623
CV-VUT0031395-A;AV VICENTE LLORCA ALOS, 14, Es:A Pl:12 Pt:A;03502;7990502YH4679S0030WZ;7;4;150.00;17/01/1994;-0.156481;38.533623
CV-VUT0453097-A;AV VICENTE LLORCA ALOS, 30, Es:1 Pl:00 Pt:03;03502;7585106YH4678S0003EO;8;4;146.00;17/02/2017;-0.162165;38.528491
CV-VUT0453098-A;AV VICENTE LLORCA ALOS, 30, Es:1 Pl:00 Pt:04;03502;7585106YH4678S0004RP;8;4;146.00;17/02/2017;-0.162165;38.528491
CV-VUT0471763-A;AV VICENTE LLORCA ALOS, 30, Es:1 Pl:00 Pt:05;03502;7585106YH4678S0005TA;2;1;146.00;12/11/2018;-0.162165;38.528491
CV-VUT0453095-A;AV VICENTE LLORCA ALOS, 30, Es:1 Pl:00 Pt:06;03502;7585106YH4678S0006YS;8;4;146.00;17/02/2017;-0.162165;38.528491
CV-VUT0477548-A;AV VICENTE LLORCA ALOS, 32, Es:1 Pl:01 Pt:B;03502;7585107YH4678S0003SO;6;3;123.00;15/07/2019;-0.162441;38.528267
CV-VUT0452418-A;AV VICENTE LLORCA ALOS, 32, Es:1 Pl:02 Pt:D;03502;7585107YH4678S0005FA;4;2;82.00;12/01/2017;-0.162441;38.528267
CV-VUT0505490-A;AV VICENTE LLORCA ALOS, 36, Es:1 Pl:01 Pt:B;03502;7585111YH4678S0014YJ;6;3;79.00;19/02/2024;-0.163161;38.527508
CV-VUT0442209-A;AV VICENTE LLORCA ALOS, 4, Es:1 Pl:02 Pt:IZ;03502;8192105YH4689S0005GO;6;3;93.00;13/03/2015;-0.153769;38.535189
CV-VUT0490650-A;AV VICENTE LLORCA ALOS, 6, Es:A Pl:03 Pt:7N;03502;8192104YH4689S0013AF;2;1;45.00;07/06/2022;-0.154142;38.535007
CV-VUT0476092-A;AV VICENTE LLORCA ALOS, 6, Es:A Pl:04 Pt:9N;03502;8192104YH4689S0019JB;4;2;45.00;23/05/2019;-0.154142;38.535007
CV-VUT0454420-A;AV VICENTE LLORCA ALOS, 6, Es:A Pl:04 Pt:9T;03502;8192104YH4689S0020GK;2;1;45.00;12/04/2017;-0.154142;38.535007
CV-VUT0461084-A;AV VICENTE LLORCA ALOS, 6, Es:A Pl:04 Pt:T;03502;8192104YH4689S0018HL;2;1;45.00;07/12/2017;-0.154142;38.535007
CV-VUT0489652-A;AV VICENTE LLORCA ALOS, 6, Es:B Pl:02 Pt:6T;03502;8192104YH4689S0032QR;4;2;45.00;27/04/2022;-0.154142;38.535007
CV-VUT0451992-A;AV VICENTE LLORCA ALOS, 6, Es:D Pl:01 Pt:1N;03502;8192104YH4689S0058ZQ;2;1;45.00;22/12/2016;-0.154142;38.535007
CV-VUT0480648-A;AV VICENTE LLORCA ALOS, 6, Es:F Pl:02 Pt:4N;03502;8192104YH4689S0085HL;2;1;45.00;17/01/2020;-0.154142;38.535007
CV-VUT0484357-A;AV VICENTE LLORCA ALOS, 7, Es:1 Pl:15 Pt:B;03502;8192103YH4689S0050RH;5;3;103.00;30/11/2020;-0.154691;38.534857
CV-VUT0321543-A;AV VICENTE LLORCA ALOS, 8, Es:A Pl:04 Pt:07;03502;8192102YH4689S0009GD;6;3;140.00;07/02/2013;-0.154982;38.534725
CV-VUT0323218-A;AV VICENTE LLORCA ALOS, 8, Es:F Pl:04 Pt:07;03502;8192102YH4689S0049BK;2;1;48.00;18/11/2019;-0.154982;38.534725
CV-VUT0319246-A;AV VICENTE LLORCA ALOS, 8, Es:G Pl:03 Pt:05;03502;8192102YH4689S0055MZ;4;2;48.00;22/05/2002;-0.154982;38.534725
CV-VUT0476389-A;AV VICENTE LLORCA ALOS, 9, Es:A Pl:01 Pt:02;03502;8192101YH4689S0007RA;4;2;51.00;04/06/2019;-0.155648;38.534576
CV-VUT0322737-A;AV VICENTE LLORCA ALOS, 9, Es:B Pl:03 Pt:05;03502;8192101YH4689S0020AK;4;2;51.00;04/07/2018;-0.155648;38.534576
CV-VUT0513618-A;AV VICENTE LLORCA ALOS, 9, Es:F Pl:00 Pt:02;03502;8192101YH4689S0054DB;4;2;51.00;08/01/2025;-0.155648;38.534576
CV-VUT0461384-A;AV VICENTE LLORCA ALOS, 9, Es:H Pl:04 Pt:10;03502;8192101YH4689S0082OH;2;1;51.00;18/12/2017;-0.155648;38.534576
CV-VUT0473027-A;AV VILLAJOYOSA LA, 12, Bloque:2 Es:1 Pl:01 Pt:133;03502;7993706YH4679S1002JM;4;2;100.00;08/01/2019;-0.154963;38.536421
CV-VUT0474884-A;AV VILLAJOYOSA LA, 12, Bloque:2 Es:1 Pl:02 Pt:135;03502;7993706YH4679S1008MY;4;2;116.00;02/04/2019;-0.154963;38.536421
CV-VUT0478815-A;AV VILLAJOYOSA LA, 12, Bloque:2 Es:1 Pl:03 Pt:137;03502;7993706YH4679S1014EO;6;3;117.00;25/09/2019;-0.154963;38.536421
CV-VUT0322868-A;AV VILLAJOYOSA LA, 12, Bloque:2 Es:1 Pl:10 Pt:150;03502;7993706YH4679S1055OG;4;2;152.00;03/08/2018;-0.154963;38.536421
CV-VUT0519678-A;AV VILLAJOYOSA LA, 12, Bloque:2 Es:1 Pl:11 Pt:152;03502;7993706YH4679S1061SK;4;2;153.00;05/01/2026;-0.154963;38.536421
CV-VUT0322738-A;AV VILLAJOYOSA LA, 12, Bloque:2 Es:1 Pl:11 Pt:153;03502;7993706YH4679S1062DL;4;2;124.00;04/07/2018;-0.154963;38.536421
CV-VUT0478790-A;AV VILLAJOYOSA LA, 12, Bloque:2 Es:1 Pl:13 Pt:156;03502;7993706YH4679S1073ZR;6;3;156.00;24/09/2019;-0.154963;38.536421
CV-VUT0322947-A;AV VILLAJOYOSA LA, 12, Bloque:2 Es:1 Pl:15 Pt:161;03502;7993706YH4679S1086IF;4;2;128.00;28/02/2019;-0.154963;38.536421
CV-VUT0323732-A;AV VILLAJOYOSA LA, 12, Bloque:2 Es:1 Pl:18 Pt:166;03502;7993706YH4679S1103ZR;4;2;160.00;06/07/2022;-0.154963;38.536421
CV-VUT0322338-A;AV VILLAJOYOSA LA, 12, Bloque:2 Es:1 Pl:20 Pt:171;03502;7993706YH4679S1116IF;4;2;132.00;21/09/2017;-0.154963;38.536421
CV-VUT0322751-A;AV VILLAJOYOSA LA, 12, Bloque:2 Es:1 Pl:22 Pt:175;03502;7993706YH4679S1128JM;4;2;135.00;11/07/2018;-0.154963;38.536421
CV-VUT0322924-A;AV VILLAJOYOSA LA, 12, Bloque:2 Es:1 Pl:23 Pt:265;03502;7993706YH4679S1132KQ;4;2;224.00;06/02/2019;-0.154963;38.536421
CV-VUT0324314-A;AV VILLAJOYOSA LA, 12, Bloque:2 Es:2 Pl:02 Pt:178;03502;7993706YH4679S1009QU;4;2;116.00;22/05/2024;-0.154963;38.536421
CV-VUT0470392-A;AV VILLAJOYOSA LA, 12, Bloque:2 Es:2 Pl:02 Pt:179;03502;7993706YH4679S1010XT;6;3;116.00;27/08/2018;-0.154963;38.536421
CV-VUT0472591-A;AV VILLAJOYOSA LA, 12, Bloque:2 Es:2 Pl:04 Pt:182;03502;7993706YH4679S1021UD;5;3;118.00;17/12/2018;-0.154963;38.536421
CV-VUT0487878-A;AV VILLAJOYOSA LA, 12, Bloque:2 Es:2 Pl:10 Pt:194;03502;7993706YH4679S1057AJ;4;2;124.00;19/11/2021;-0.154963;38.536421
CV-VUT0472059-A;AV VILLAJOYOSA LA, 12, Bloque:2 Es:2 Pl:11 Pt:196;03502;7993706YH4679S1063FB;4;2;124.00;20/11/2018;-0.154963;38.536421
CV-VUT0470070-A;AV VILLAJOYOSA LA, 12, Bloque:2 Es:2 Pl:12 Pt:198;03502;7993706YH4679S1069BE;4;2;125.00;26/07/2018;-0.154963;38.536421
CV-VUT0322622-A;AV VILLAJOYOSA LA, 12, Bloque:2 Es:2 Pl:12 Pt:199;03502;7993706YH4679S1070KQ;6;3;125.00;01/06/2018;-0.154963;38.536421
CV-VUT0323878-A;AV VILLAJOYOSA LA, 12, Bloque:2 Es:2 Pl:14 Pt:203;03502;7993706YH4679S1082RP;4;2;127.00;14/12/2022;-0.154963;38.536421
CV-VUT0471909-A;AV VILLAJOYOSA LA, 12, Bloque:2 Es:2 Pl:15 Pt:204;03502;7993706YH4679S1087OG;4;2;128.00;16/11/2018;-0.154963;38.536421
CV-VUT0481326-A;AV VILLAJOYOSA LA, 12, Bloque:2 Es:2 Pl:16 Pt:206;03502;7993706YH4679S1093SK;4;2;129.00;24/02/2020;-0.154963;38.536421
CV-VUT0481023-A;AV VILLAJOYOSA LA, 12, Bloque:2 Es:2 Pl:17 Pt:208;03502;7993706YH4679S1099KQ;4;2;130.00;06/02/2020;-0.154963;38.536421
CV-VUT0471516-A;AV VILLAJOYOSA LA, 12, Bloque:2 Es:2 Pl:18 Pt:210;03502;7993706YH4679S1105MY;6;3;131.00;31/10/2018;-0.154963;38.536421
CV-VUT0474818-A;AV VILLAJOYOSA LA, 12, Bloque:2 Es:2 Pl:19 Pt:212;03502;7993706YH4679S1111EO;4;2;131.00;29/03/2019;-0.154963;38.536421
CV-VUT0470393-A;AV VILLAJOYOSA LA, 12, Bloque:2 Es:3 Pl:02 Pt:223;03502;7993706YH4679S1011MY;6;3;106.00;27/08/2018;-0.154963;38.536421
CV-VUT0480590-A;AV VILLAJOYOSA LA, 12, Bloque:2 Es:3 Pl:03 Pt:225;03502;7993706YH4679S1017YS;4;2;107.00;14/01/2020;-0.154963;38.536421
CV-VUT0478351-A;AV VILLAJOYOSA LA, 12, Bloque:2 Es:3 Pl:06 Pt:231;03502;7993706YH4679S1035KQ;4;2;109.00;30/08/2019;-0.154963;38.536421
CV-VUT0514849-A;AV VILLAJOYOSA LA, 12, Bloque:2 Es:3 Pl:07 Pt:233;03502;7993706YH4679S1041ZR;4;2;110.00;11/03/2025;-0.154963;38.536421
CV-VUT0323731-A;AV VILLAJOYOSA LA, 12, Bloque:2 Es:3 Pl:10 Pt:240;03502;7993706YH4679S1060AJ;6;3;155.00;06/07/2022;-0.154963;38.536421
CV-VUT0324313-A;AV VILLAJOYOSA LA, 12, Bloque:2 Es:3 Pl:11 Pt:241;03502;7993706YH4679S1065HX;6;3;114.00;22/05/2024;-0.154963;38.536421
CV-VUT0476869-A;AV VILLAJOYOSA LA, 12, Bloque:2 Es:3 Pl:15 Pt:250;03502;7993706YH4679S1090OG;6;3;161.00;19/06/2019;-0.154963;38.536421
CV-VUT0323730-A;AV VILLAJOYOSA LA, 12, Bloque:2 Es:3 Pl:22 Pt:263;03502;7993706YH4679S1130HX;4;2;123.00;06/07/2022;-0.154963;38.536421
CV-VUT0323478-A;AV VILLAJOYOSA LA, 12, Es:11 Pl:04 Pt:08;03502;7993706YH4679S0021OG;4;2;117.00;06/02/2021;-0.154963;38.536421
CV-VUT0323690-A;AV VILLAJOYOSA LA, 12, Es:11 Pl:05 Pt:10;03502;7993706YH4679S0027GZ;4;2;118.00;16/05/2022;-0.154963;38.536421
CV-VUT0322561-A;AV VILLAJOYOSA LA, 12, Es:11 Pl:07 Pt:13;03502;7993706YH4679S0038MY;6;3;154.00;15/05/2018;-0.154963;38.536421
CV-VUT0463061-A;AV VILLAJOYOSA LA, 12, Es:11 Pl:08 Pt:15;03502;7993706YH4679S0044EO;6;3;156.00;26/01/2018;-0.154963;38.536421
CV-VUT0463506-A;AV VILLAJOYOSA LA, 12, Es:11 Pl:08 Pt:16;03502;7993706YH4679S0045RP;5;3;120.00;07/02/2018;-0.154963;38.536421
CV-VUT0470385-A;AV VILLAJOYOSA LA, 12, Es:11 Pl:09 Pt:17;03502;7993706YH4679S0050YS;6;3;157.00;27/08/2018;-0.154963;38.536421
CV-VUT0324151-A;AV VILLAJOYOSA LA, 12, Es:11 Pl:09 Pt:18;03502;7993706YH4679S0051UD;4;2;121.00;16/01/2024;-0.154963;38.536421
CV-VUT0519900-A;AV VILLAJOYOSA LA, 12, Es:11 Pl:10 Pt:20;03502;7993706YH4679S0057DL;4;2;122.00;25/12/2025;-0.154963;38.536421
CV-VUT0463285-A;AV VILLAJOYOSA LA, 12, Es:11 Pl:13 Pt:26;03502;7993706YH4679S0075WI;6;3;125.00;01/02/2018;-0.154963;38.536421
CV-VUT0466982-A;AV VILLAJOYOSA LA, 12, Es:11 Pl:14 Pt:27;03502;7993706YH4679S0080RP;6;3;162.00;18/05/2018;-0.154963;38.536421
CV-VUT0472717-A;AV VILLAJOYOSA LA, 12, Es:11 Pl:17 Pt:34;03502;7993706YH4679S0097KQ;4;2;128.00;19/12/2018;-0.154963;38.536421
CV-VUT0464019-A;AV VILLAJOYOSA LA, 12, Es:11 Pl:19 Pt:38;03502;7993706YH4679S0109YS;4;2;130.00;07/02/2018;-0.154963;38.536421
CV-VUT0514133-A;AV VILLAJOYOSA LA, 12, Es:12 Pl:01 Pt:46;03502;7993706YH4679S0005XT;4;2;114.00;31/01/2025;-0.154963;38.536421
CV-VUT0322501-A;AV VILLAJOYOSA LA, 12, Es:12 Pl:02 Pt:47;03502;7993706YH4679S0010QU;4;2;115.00;12/04/2018;-0.154963;38.536421
CV-VUT0324312-A;AV VILLAJOYOSA LA, 12, Es:12 Pl:02 Pt:48;03502;7993706YH4679S0011WI;4;2;115.00;22/05/2024;-0.154963;38.536421
CV-VUT0486743-A;AV VILLAJOYOSA LA, 12, Es:12 Pl:03 Pt:49;03502;7993706YH4679S0016UD;4;2;116.00;29/06/2021;-0.154963;38.536421
CV-VUT0519284-A;AV VILLAJOYOSA LA, 12, Es:12 Pl:05 Pt:54;03502;7993706YH4679S0029JM;4;2;118.00;27/11/2025;-0.154963;38.536421
CV-VUT0488183-A;AV VILLAJOYOSA LA, 12, Es:12 Pl:06 Pt:55;03502;7993706YH4679S0034LW;2;1;119.00;11/01/2022;-0.154963;38.536421
CV-VUT0323685-A;AV VILLAJOYOSA LA, 12, Es:12 Pl:06 Pt:56;03502;7993706YH4679S0035BE;4;2;119.00;30/04/2022;-0.154963;38.536421
CV-VUT0323565-A;AV VILLAJOYOSA LA, 12, Es:12 Pl:07 Pt:58;03502;7993706YH4679S0041MY;4;2;120.00;10/11/2021;-0.154963;38.536421
CV-VUT0323710-A;AV VILLAJOYOSA LA, 12, Es:12 Pl:08 Pt:60;03502;7993706YH4679S0047YS;4;2;120.00;13/06/2022;-0.154963;38.536421
CV-VUT0322562-A;AV VILLAJOYOSA LA, 12, Es:12 Pl:09 Pt:61;03502;7993706YH4679S0052IF;4;2;121.00;15/05/2018;-0.154963;38.536421
CV-VUT0486778-A;AV VILLAJOYOSA LA, 12, Es:12 Pl:15 Pt:73;03502;7993706YH4679S0088SK;4;2;126.00;30/06/2021;-0.154963;38.536421
CV-VUT0518295-A;AV VILLAJOYOSA LA, 12, Es:12 Pl:18 Pt:78;03502;7993706YH4679S0104QU;3;2;129.00;10/06/2025;-0.154963;38.536421
CV-VUT0466880-A;AV VILLAJOYOSA LA, 12, Es:13 Pl:05 Pt:96;03502;7993706YH4679S0030GZ;6;3;108.00;16/05/2018;-0.154963;38.536421
CV-VUT0474408-A;AV VILLAJOYOSA LA, 12, Es:13 Pl:05 Pt:97;03502;7993706YH4679S0031HX;6;3;147.00;11/03/2019;-0.154963;38.536421
CV-VUT0479657-A;AV VILLAJOYOSA LA, 12, Es:13 Pl:07 Pt:101;03502;7993706YH4679S0043WI;6;3;148.00;12/11/2019;-0.154963;38.536421
CV-VUT0513987-A;AV VILLAJOYOSA LA, 12, Es:13 Pl:12 Pt:110;03502;7993706YH4679S0072XT;4;2;113.00;28/01/2025;-0.154963;38.536421
CV-VUT0478516-A;AV VILLAJOYOSA LA, 12, Es:13 Pl:15 Pt:117;03502;7993706YH4679S0090AJ;8;4;157.00;10/09/2019;-0.154963;38.536421
CV-VUT0460268-A;AV VILLAJOYOSA LA, 12, Es:13 Pl:17 Pt:120;03502;7993706YH4679S0100BE;4;2;117.00;24/11/2017;-0.154963;38.536421
CV-VUT0473016-A;AV VILLAJOYOSA LA, 12, Es:13 Pl:22 Pt:130;03502;7993706YH4679S0128LW;6;3;211.00;07/02/2018;-0.154963;38.536421
CV-VUT0323727-A;AV VILLAJOYOSA LA, 12, Es:G Pl:-2 Pt:128;03502;7993706YH4679S1206RP;4;2;29.00;06/07/2022;-0.154963;38.536421
CV-VUT0323704-A;AV VILLAJOYOSA LA, 12, Es:G Pl:-2 Pt:79;03502;7993706YH4679S1157FB;4;2;44.00;04/06/2022;-0.154963;38.536421
CV-VUT0323044-A;AV VILLAJOYOSA LA, 15, Es:1 Pl:01 Pt:0A;03502;7589601YH4678N0019AF;2;1;54.00;13/06/2019;-0.162235;38.532978
CV-VUT0323045-A;AV VILLAJOYOSA LA, 15, Es:1 Pl:01 Pt:0B;03502;7589601YH4678N0020OS;2;1;54.00;13/06/2019;-0.162235;38.532978
CV-VUT0322914-A;AV VILLAJOYOSA LA, 15, Es:1 Pl:02 Pt:0B;03502;7589601YH4678N0022AF;2;1;54.00;15/01/2019;-0.162235;38.532978
CV-VUT0323046-A;AV VILLAJOYOSA LA, 15, Es:1 Pl:03 Pt:0A;03502;7589601YH4678N0023SG;2;1;54.00;13/06/2019;-0.162235;38.532978
CV-VUT0323047-A;AV VILLAJOYOSA LA, 15, Es:1 Pl:03 Pt:0B;03502;7589601YH4678N0024DH;2;1;54.00;13/06/2019;-0.162235;38.532978
CV-VUT0323048-A;AV VILLAJOYOSA LA, 15, Es:1 Pl:04 Pt:0A;03502;7589601YH4678N0025FJ;2;1;54.00;13/06/2019;-0.162235;38.532978
CV-VUT0323052-A;AV VILLAJOYOSA LA, 15, Es:1 Pl:05 Pt:0A;03502;7589601YH4678N0027HL;2;1;54.00;13/06/2019;-0.162235;38.532978
CV-VUT0453962-A;AV VILLAJOYOSA LA, 15, Es:1 Pl:05 Pt:0B;03502;7589601YH4678N0028JB;4;2;54.00;27/03/2017;-0.162235;38.532978
CV-VUT0519566-A;AV VILLAJOYOSA LA, 15, Es:1 Pl:07 Pt:0B;03502;7589601YH4678N0032KZ;4;2;54.00;18/12/2025;-0.162235;38.532978
CV-VUT0323050-A;AV VILLAJOYOSA LA, 15, Es:1 Pl:09 Pt:0A;03502;7589601YH4678N0035ZQ;2;1;54.00;13/06/2019;-0.162235;38.532978
CV-VUT0323051-A;AV VILLAJOYOSA LA, 15, Es:1 Pl:09 Pt:0B;03502;7589601YH4678N0036XW;2;1;54.00;13/06/2019;-0.162235;38.532978
CV-VUT0322915-A;AV VILLAJOYOSA LA, 15, Es:1 Pl:10 Pt:0A;03502;7589601YH4678N0037ME;2;1;54.00;15/01/2019;-0.162235;38.532978
CV-VUT0323043-A;AV VILLAJOYOSA LA, 15, Es:1 Pl:10 Pt:0B;03502;7589601YH4678N0038QR;2;1;54.00;13/06/2019;-0.162235;38.532978
CV-VUT0457785-A;AV VILLAJOYOSA LA, 19, Es:1 Pl:01 Pt:11;03502;7289103YH4678N0064JZ;6;3;113.00;28/04/2017;-0.163995;38.532759
CV-VUT0443213-A;AV VILLAJOYOSA LA, 19, Es:1 Pl:04 Pt:12;03502;7289103YH4678N0104QT;8;4;115.00;26/05/2015;-0.163995;38.532759
CV-VUT0512693-A;AV VILLAJOYOSA LA, 19, Es:1 Pl:06 Pt:04;03502;7289103YH4678N0122DJ;6;3;113.00;13/11/2024;-0.163995;38.532759
CV-VUT0323518-A;AV VILLAJOYOSA LA, 19, Es:1 Pl:07 Pt:05;03502;7289103YH4678N0132BQ;6;3;113.00;15/06/2021;-0.163995;38.532759
CV-VUT0480330-A;AV VILLAJOYOSA LA, 19, Es:1 Pl:07 Pt:10;03502;7289103YH4678N0137WY;8;4;113.00;17/12/2019;-0.163995;38.532759
CV-VUT0323385-A;AV VILLAJOYOSA LA, 2, Es:1 Pl:06 Pt:B;03502;8294905YH4689S0064ZR;4;2;103.00;19/08/2020;-0.152536;38.536952
CV-VUT0511760-A;AV VILLAJOYOSA LA, 2, Es:1 Pl:09 Pt:D;03502;8294905YH4689S0078OG;6;3;152.00;26/09/2024;-0.152536;38.536952
CV-VUT0461931-A;AV VILLAJOYOSA LA, 2, Es:1 Pl:10 Pt:C;03502;8294905YH4689S0081OG;4;2;103.00;26/12/2017;-0.152536;38.536952
CV-VUT0323308-A;AV VILLAJOYOSA LA, 2, Es:1 Pl:11 Pt:D;03502;8294905YH4689S0086FB;6;3;152.00;17/02/2020;-0.152536;38.536952
CV-VUT0515826-A;AV VILLAJOYOSA LA, 2, Es:1 Pl:13 Pt:B;03502;8294905YH4689S0092JM;2;0;103.00;09/04/2025;-0.152536;38.536952
CV-VUT0463430-A;AV VILLAJOYOSA LA, 2, Es:1 Pl:17 Pt:B;03502;8294905YH4689S0108OG;6;3;103.00;05/02/2018;-0.152536;38.536952
CV-VUT0450738-A;AV VILLAJOYOSA LA, 2, Es:1 Pl:18 Pt:C;03502;8294905YH4689S0113AJ;4;2;103.00;20/10/2016;-0.152536;38.536952
CV-VUT0444287-A;AV VILLAJOYOSA LA, 2, Es:1 Pl:19 Pt:C;03502;8294905YH4689S0117GZ;4;2;103.00;14/09/2015;-0.152536;38.536952
CV-VUT0465921-A;AV VILLAJOYOSA LA, 2, Es:1 Pl:22 Pt:A;03502;8294905YH4689S0127XT;6;3;152.00;24/04/2018;-0.152536;38.536952
CV-VUT0322228-A;AV VILLAJOYOSA LA, 2, Es:1 Pl:22 Pt:C;03502;8294905YH4689S0129QU;4;2;103.00;05/07/2017;-0.152536;38.536952
CV-VUT0441049-A;AV VILLAJOYOSA LA, 2, Es:1 Pl:22 Pt:D;03502;8294905YH4689S0130XT;2;1;152.00;01/09/2014;-0.152536;38.536952
CV-VUT0508853-A;AV VILLAJOYOSA LA, 2, Es:1 Pl:23 Pt:C;03502;8294905YH4689S0133WI;6;3;103.00;03/06/2024;-0.152536;38.536952
CV-VUT0481432-A;AV VILLAJOYOSA LA, 30, Es:1 Pl:05 Pt:B;03502;7192414YH4679S0022PH;2;1;39.00;04/03/2020;-0.164845;38.533117
CV-VUT0514759-A;AV VILLAJOYOSA LA, 30, Es:1 Pl:14 Pt:D;03502;7192414YH4679S0054PH;4;2;61.00;07/03/2025;-0.164845;38.533117
CV-VUT0511655-A;AV VILLAJOYOSA LA, 30, Es:1 Pl:15 Pt:D;03502;7192414YH4679S0058FB;4;2;61.00;23/09/2024;-0.164845;38.533117
CV-VUT0475486-A;AV VILLAJOYOSA LA, 30, Es:1 Pl:17 Pt:F;03502;7192414YH4679S0064JM;3;2;87.00;30/04/2019;-0.164845;38.533117
CV-VUT0322891-A;AV VILLAJOYOSA LA, 32, Es:1 Pl:04 Pt:A;03502;7191815YH4679S0024OK;4;2;44.00;22/06/2018;-0.165464;38.533129
CV-VUT0503894-A;AV VILLAJOYOSA LA, 32, Es:1 Pl:11 Pt:A;03502;7191815YH4679S0065GQ;2;1;44.00;04/12/2023;-0.165464;38.533129
CV-VUT0487977-A;AV VILLAJOYOSA LA, 3B, Es:L Pl:02 Pt:B;03502;8393801YH4698S0004KK;7;4;134.00;01/12/2021;-0.152054;38.535754
CV-VUT0504468-A;AV VILLAJOYOSA LA, 3B, Es:P Pl:01 Pt:E;03502;8393801YH4698S0014WW;6;3;121.00;18/12/2023;-0.152054;38.535754
CV-VUT0504467-A;AV VILLAJOYOSA LA, 3B, Es:P Pl:04 Pt:D;03502;8393801YH4698S0025PP;6;3;128.00;18/12/2023;-0.152054;38.535754
CV-VUT0485325-A;AV VILLAJOYOSA LA, 4, Es:1 Pl:01 Pt:DR;03502;8294904YH4689S0006KP;6;3;100.00;10/03/2021;-0.152598;38.536409
CV-VUT0471955-A;AV VILLAJOYOSA LA, 4, Es:1 Pl:08 Pt:CI;03502;8294904YH4689S0033DT;6;3;50.00;19/11/2018;-0.152598;38.536409
CV-VUT0458169-A;AV VILLAJOYOSA LA, 5, Es:1 Pl:05 Pt:01;03502;8192107YH4689S0028RE;4;2;54.00;07/07/2017;-0.152999;38.535438
CV-VUT0504000-A;AV VILLAJOYOSA LA, 6, Es:1 Pl:04 Pt:CD;03502;8294903YH4689S0019LB;4;2;70.00;20/12/2023;-0.153007;38.536291
CV-VUT0458050-A;AV VILLAJOYOSA LA, 8, Es:1 Pl:01 Pt:01;03502;8294902YH4689S0001KT;6;3;65.00;28/08/2017;-0.153369;38.536162
CV-VUT0497417-A;AV VILLAJOYOSA LA, 8, Es:1 Pl:01 Pt:05;03502;8294902YH4689S0003BU;4;2;65.00;27/04/2023;-0.153369;38.536162
CV-VUT0453800-A;AV XIXO, 2, Es:1 Pl:-2 Pt:01;03502;9195501YH4699N0001LQ;4;2;9.00;22/03/2017;-0.143011;38.538054
CV-VUT0476007-A;AV XIXO, 2, Es:1 Pl:13 Pt:D;03502;9195501YH4699N0225BW;6;3;131.00;20/05/2019;-0.143011;38.538054
CV-VUT0461016-A;AV XIXO, 2, Es:1 Pl:16 Pt:A;03502;9195501YH4699N0234EI;6;3;131.00;05/12/2017;-0.143011;38.538054
CV-VUT0516164-A;AV XIXO, 2, Es:1 Pl:17 Pt:D;03502;9195501YH4699N0241US;6;3;131.00;27/04/2025;-0.143011;38.538054
CV-VUT0502852-A;AV XIXO, 2, Es:1 Pl:18 Pt:D;03502;9195501YH4699N0245AH;6;3;131.00;06/11/2023;-0.143011;38.538054
CV-VUT0505088-A;AV XIXO, 2, Es:1 Pl:20 Pt:B;03502;9195501YH4699N0251FL;4;2;86.00;05/02/2024;-0.143011;38.538054
CV-VUT0505087-A;AV XIXO, 2, Es:1 Pl:22 Pt:C;03502;9195501YH4699N0260BW;4;2;86.00;05/02/2024;-0.143011;38.538054
CV-VUT0477424-A;AV XIXO, 2, Es:2 Pl:04 Pt:B;03502;9195501YH4699N0462TP;4;2;85.00;09/07/2019;-0.143011;38.538054
CV-VUT0505177-A;AV XIXO, 2, Es:2 Pl:06 Pt:B;03502;9195501YH4699N0470PG;4;2;85.00;07/02/2024;-0.143011;38.538054
CV-VUT0451742-A;AV XIXO, 2, Es:2 Pl:10 Pt:B;03502;9195501YH4699N0486MT;4;2;85.00;09/12/2016;-0.143011;38.538054
CV-VUT0324013-A;AV XIXO, 2, Es:2 Pl:11 Pt:A;03502;9195501YH4699N0489EI;6;3;130.00;23/06/2023;-0.143011;38.538054
CV-VUT0470644-A;AV XIXO, 2, Es:2 Pl:11 Pt:C;03502;9195501YH4699N0491WU;4;2;85.00;14/09/2018;-0.143011;38.538054
CV-VUT0475651-A;AV XIXO, 2, Es:2 Pl:14 Pt:D;03502;9195501YH4699N0504FL;8;4;130.00;08/05/2019;-0.143011;38.538054
CV-VUT0460806-A;AV XIXO, 2, Es:2 Pl:21 Pt:C;03502;9195501YH4699N0531OF;4;2;85.00;01/12/2017;-0.143011;38.538054
CV-VUT0479685-A;AV XIXO, 2, Es:3 Pl:08 Pt:B;03502;9195501YH4699N0634GB;4;2;99.00;13/11/2019;-0.143011;38.538054
CV-VUT0323372-A;AV XIXO, 3A, Es:1 Pl:16 Pt:B;03502;9097902YH4699N0032GM;5;3;167.00;20/07/2020;-0.143541;38.539608
CV-VUT0460419-A;CL ACTOR LUIS PRENDES, 1A, Es:2 Pl:06 Pt:C;03502;7286909YH4678N0080YI;4;2;93.00;27/11/2017;-0.163993;38.530684
CV-VUT0504892-A;CL ACTOR LUIS PRENDES, 3A, Es:1 Pl:02 Pt:C;03502;7286909YH4678N0013YI;4;2;91.00;29/01/2024;-0.163993;38.530684
CV-VUT0520787-A;CL AIGUES D', 1, Es:1 Pl:10 Pt:B;03502;7687502YH4678N0025QJ;4;2;149.00;29/03/2026;-0.159540;38.532153
CV-VUT0324311-A;CL AIGUES D', 2, Es:1 Pl:12 Pt:02;03502;7789901YH4678N0095DB;2;1;79.00;21/05/2024;-0.159123;38.532637
CV-VUT0466476-A;CL ALCALA, 27, Es:1 Pl:02 Pt:H;03502;9702515YH4790S0027DL;4;2;87.00;10/05/2018;-0.135425;38.544099
CV-VUT0458877-A;CL ALCALA, 27, Es:2 Pl:00 Pt:B;03502;9702515YH4790S0043MY;4;2;90.00;29/09/2017;-0.135425;38.544099
CV-VUT0454540-A;CL ALCALA, 27, Es:2 Pl:01 Pt:B;03502;9702515YH4790S0047RP;4;2;88.00;19/04/2017;-0.135425;38.544099
CV-VUT0454541-A;CL ALCALA, 27, Es:2 Pl:01 Pt:G;03502;9702515YH4790S0052YS;4;2;88.00;19/04/2017;-0.135425;38.544099
CV-VUT0454542-A;CL ALCALA, 27, Es:2 Pl:01 Pt:H;03502;9702515YH4790S0053UD;4;2;90.00;19/04/2017;-0.135425;38.544099
CV-VUT0466505-A;CL ALCALA, 27, Es:3 Pl:03 Pt:C;03502;9702515YH4790S0098JM;2;1;74.00;10/05/2018;-0.135425;38.544099
CV-VUT0466506-A;CL ALCALA, 27, Es:G Pl:-3 Pt:90;03502;9702515YH4790S0191DL;2;1;31.00;10/05/2018;-0.135425;38.544099
CV-VUT0483509-A;CL ALFAZ DEL PI, 2, Es:1 Pl:00 Pt:06;03502;7889403YH4678N0006PR;4;2;81.00;08/10/2020;-0.158173;38.532655
CV-VUT0489908-A;CL ALFAZ DEL PI, 2, Es:1 Pl:00 Pt:08;03502;7889403YH4678N0008SY;4;2;81.00;10/05/2022;-0.158173;38.532655
CV-VUT0453100-A;CL ALFAZ DEL PI, 2, Es:1 Pl:03 Pt:15;03502;7889403YH4678N0015HP;4;2;81.00;17/02/2017;-0.158173;38.532655
CV-VUT0514958-A;CL ALFAZ DEL PI, 6, Es:1 Pl:02 Pt:A;03502;7890307YH4679S0055BJ;4;3;101.00;14/02/2025;-0.158580;38.533415
CV-VUT0320896-A;CL ALFAZ DEL PI, 6, Es:1 Pl:02 Pt:B;03502;7890307YH4679S0056ZK;2;1;101.00;12/08/2009;-0.158580;38.533415
CV-VUT0321214-A;CL ALFAZ DEL PI, 6, Es:1 Pl:04 Pt:A;03502;7890307YH4679S0059QZ;4;2;101.00;10/11/2010;-0.158580;38.533415
CV-VUT0321215-A;CL ALFAZ DEL PI, 6, Es:1 Pl:04 Pt:B;03502;7890307YH4679S0060XL;4;2;101.00;10/11/2010;-0.158580;38.533415
CV-VUT0321216-A;CL ALFAZ DEL PI, 6, Es:1 Pl:06 Pt:B;03502;7890307YH4679S0064EM;4;2;101.00;10/11/2010;-0.158580;38.533415
CV-VUT0320899-A;CL ALFAZ DEL PI, 6, Es:1 Pl:08 Pt:A;03502;7890307YH4679S0067YE;2;1;101.00;12/08/2009;-0.158580;38.533415
CV-VUT0320900-A;CL ALFAZ DEL PI, 6, Es:1 Pl:08 Pt:B;03502;7890307YH4679S0068UR;2;1;101.00;12/08/2009;-0.158580;38.533415
CV-VUT0322529-A;CL ALFAZ DEL PI, 6, Es:1 Pl:10 Pt:A;03502;7890307YH4679S0071UR;4;2;101.00;03/05/2018;-0.158580;38.533415
CV-VUT0320901-A;CL ALFAZ DEL PI, 6, Es:1 Pl:11 Pt:A;03502;7890307YH4679S0073OY;2;1;101.00;12/08/2009;-0.158580;38.533415
CV-VUT0320902-A;CL ALFAZ DEL PI, 6, Es:1 Pl:11 Pt:B;03502;7890307YH4679S0074PU;4;2;101.00;12/08/2009;-0.158580;38.533415
CV-VUT0320903-A;CL ALFAZ DEL PI, 6, Es:1 Pl:13 Pt:A;03502;7890307YH4679S0077DP;2;1;101.00;12/08/2009;-0.158580;38.533415
CV-VUT0320865-A;CL ALFAZ DEL PI, 6, Es:1 Pl:13 Pt:B;03502;7890307YH4679S0078FA;4;2;101.00;17/07/2009;-0.158580;38.533415
CV-VUT0324170-A;CL ALFAZ DEL PI, 8, Es:1 Pl:05 Pt:09;03502;7890310YH4679S0030QZ;2;1;50.00;01/02/2024;-0.159008;38.533535
CV-VUT0495919-A;CL ASTURIAS, 10, Es:1 Pl:01 Pt:06;03502;7385803YH4678N0110RI;2;1;71.00;10/03/2023;-0.162897;38.529800
CV-VUT0472511-A;CL ASTURIAS, 10, Es:1 Pl:02 Pt:02;03502;7385803YH4678N0112YP;4;2;49.00;14/12/2018;-0.162897;38.529800
CV-VUT0495321-A;CL ASTURIAS, 10, Es:1 Pl:07 Pt:05;03502;7385803YH4678N0145UA;2;1;49.00;20/02/2023;-0.162897;38.529800
CV-VUT0490297-A;CL ASTURIAS, 10, Es:1 Pl:13 Pt:05;03502;7385803YH4678N0181IS;2;1;49.00;25/05/2022;-0.162897;38.529800
CV-VUT0464296-A;CL ASTURIAS, 10, Es:1 Pl:15 Pt:04;03502;7385803YH4678N0192HB;2;1;69.00;02/03/2018;-0.162897;38.529800
CV-VUT0489227-A;CL ASTURIAS, 10, Es:1 Pl:16 Pt:05;03502;7385803YH4678N0199MR;2;0;49.00;25/03/2022;-0.162897;38.529800
CV-VUT0478643-A;CL ASTURIAS, 10, Es:1 Pl:17 Pt:03;03502;7385803YH4678N0203EU;4;2;69.00;18/09/2019;-0.162897;38.529800
CV-VUT0505760-A;CL ASTURIAS, 8, Es:2 Pl:01 Pt:03;03502;7385803YH4678N0211IS;4;2;65.00;26/02/2024;-0.162897;38.529800
CV-VUT0477132-A;CL ASTURIAS, 8, Es:2 Pl:06 Pt:06;03502;7385803YH4678N0244OD;4;2;71.00;01/07/2019;-0.162897;38.529800
CV-VUT0494312-A;CL ASTURIAS, 8, Es:2 Pl:09 Pt:05;03502;7385803YH4678N0261BQ;2;1;49.00;09/01/2023;-0.162897;38.529800
CV-VUT0454099-A;CL ASTURIAS, 8, Es:2 Pl:13 Pt:06;03502;7385803YH4678N0286HB;2;1;71.00;30/03/2017;-0.162897;38.529800
CV-VUT0320309-A;CL ASTURIAS, 12, Es:A Pl:04 Pt:03;03502;7385804YH4678N0017JS;4;3;106.00;12/06/2005;-0.163482;38.528997
CV-VUT0520652-A;CL ASTURIAS, 12, Es:A Pl:06 Pt:02;03502;7385804YH4678N0022LF;4;2;73.00;23/03/2026;-0.163482;38.528997
CV-VUT0323280-A;CL ASTURIAS, 12, Es:A Pl:13 Pt:02;03502;7385804YH4678N0043AY;4;3;73.00;22/01/2020;-0.163482;38.528997
CV-VUT0479766-A;CL ASTURIAS, 12, Es:B Pl:14 Pt:02;03502;7385804YH4678N0094QL;5;3;73.00;18/11/2019;-0.163482;38.528997
CV-VUT0457533-A;CL ASTURIAS, 14, Es:1 Pl:06 Pt:63;03502;7385805YH4678S0019TX;4;2;58.00;26/07/2017;-0.163687;38.528174
CV-VUT0442852-A;CL ASTURIAS, 14, Es:1 Pl:07 Pt:71;03502;7385805YH4678S0020EB;4;2;70.00;06/05/2015;-0.163687;38.528174
CV-VUT0493219-A;CL ASTURIAS, 14, Es:2 Pl:02 Pt:21;03502;7385805YH4678S0033DU;4;2;70.00;04/11/2022;-0.163687;38.528174
CV-VUT0444170-A;CL ASTURIAS, 14, Es:2 Pl:06 Pt:63;03502;7385805YH4678S0047QK;4;2;58.00;31/08/2015;-0.163687;38.528174
CV-VUT0483900-A;CL ASTURIAS, 16, Es:2 Pl:02 Pt:07;03502;7385806YH4678S0076UG;6;3;108.00;26/10/2020;-0.164181;38.527998
CV-VUT0460167-A;CL ASTURIAS, 16, Es:2 Pl:12 Pt:37;03502;7385806YH4678S0105YF;7;4;108.00;23/11/2017;-0.164181;38.527998
CV-VUT0504051-A;CL ASTURIAS, 16, Es:3 Pl:04 Pt:14;03502;7385806YH4678S0121HQ;4;2;75.00;22/12/2023;-0.164181;38.527998
CV-VUT0463587-A;CL ASTURIAS, 16, Es:3 Pl:06 Pt:20;03502;7385806YH4678S0127XU;4;2;75.00;09/02/2018;-0.164181;38.527998
CV-VUT0462906-A;CL ASTURIAS, 16, Es:3 Pl:07 Pt:24;03502;7385806YH4678S0131MI;8;4;110.00;24/01/2018;-0.164181;38.527998
CV-VUT0482829-A;CL ASTURIAS, 18, Es:1 Pl:00 Pt:19;03502;7385807YH4678S0060EW;4;2;57.00;03/08/2020;-0.164109;38.527594
CV-VUT0487997-A;CL ASTURIAS, 18, Es:1 Pl:00 Pt:24;03502;7385807YH4678S0065IU;4;2;57.00;03/12/2021;-0.164109;38.527594
CV-VUT0452890-A;CL ASTURIAS, 18, Es:1 Pl:00 Pt:27;03502;7385807YH4678S0068AP;4;2;57.00;09/02/2017;-0.164109;38.527594
CV-VUT0452891-A;CL ASTURIAS, 18, Es:1 Pl:00 Pt:28;03502;7385807YH4678S0069SA;4;2;57.00;09/02/2017;-0.164109;38.527594
CV-VUT0484609-A;CL ASTURIAS, 18, Es:1 Pl:01 Pt:A;03502;7385807YH4678S0071AP;2;1;35.00;28/12/2020;-0.164109;38.527594
CV-VUT0320876-A;CL ASTURIAS, 18, Es:1 Pl:01 Pt:C;03502;7385807YH4678S0073DS;2;1;35.00;23/06/2009;-0.164109;38.527594
CV-VUT0488874-A;CL ASTURIAS, 18, Es:1 Pl:01 Pt:D;03502;7385807YH4678S0074FD;2;1;35.00;07/03/2022;-0.164109;38.527594
CV-VUT0479410-A;CL ASTURIAS, 18, Es:1 Pl:06 Pt:C;03502;7385807YH4678S0102SA;6;3;35.00;04/11/2019;-0.164109;38.527594
CV-VUT0323553-A;CL ASTURIAS, 18, Es:1 Pl:09 Pt:D;03502;7385807YH4678S0121WQ;2;1;35.00;19/10/2021;-0.164109;38.527594
CV-VUT0324135-A;CL ASTURIAS, 18, Es:1 Pl:13 Pt:C;03502;7385807YH4678S0144LK;4;2;35.00;24/11/2023;-0.164109;38.527594
CV-VUT0477806-A;CL ATOCHA, 5, Es:1 Pl:04 Pt:A;03502;9800602YH4790S0035YQ;4;2;84.00;24/07/2019;-0.134273;38.541809
CV-VUT0476804-A;CL AVILES, 12, Es:1 Pl:00 Pt:17;03502;7485401YH4678N0017SS;8;4;94.00;17/06/2019;-0.162581;38.529763
CV-VUT0494852-A;CL AVILES, 8, Es:1 Pl:01 Pt:03;03502;7487604YH4678N0024GH;2;1;72.00;02/02/2023;-0.162346;38.530806
CV-VUT0323150-A;CL AVILES, 8, Es:1 Pl:06 Pt:04;03502;7487604YH4678N0055FG;2;1;71.00;17/10/2019;-0.162346;38.530806
CV-VUT0461832-A;CL AVILES, 8, Es:1 Pl:09 Pt:06;03502;7487604YH4678N0075TY;4;2;69.00;22/12/2017;-0.162346;38.530806
CV-VUT0501273-A;CL AVILES, 8, Es:1 Pl:11 Pt:05;03502;7487604YH4678N0086DF;2;1;62.00;04/09/2023;-0.162346;38.530806
CV-VUT0324158-A;CL CALA, LA, 1, Es:2 Pl:00 Pt:A;03502;7582901YH4678S0003ZO;5;3;271.00;22/01/2024;-0.162670;38.526802
CV-VUT0460607-A;CL CALA, LA, 2, Es:1 Pl:-1 Pt:10B;03502;7585110YH4678S0045LH;3;2;31.00;28/11/2017;-0.163458;38.527093
CV-VUT0323743-A;CL CALA, LA, 2, Es:1 Pl:00 Pt:07;03502;7585110YH4678S0008JF;4;2;90.00;16/07/2022;-0.163458;38.527093
CV-VUT0453704-A;CL CALA, LA, 2, Es:1 Pl:01 Pt:14;03502;7585110YH4678S0015ZK;4;2;80.00;20/03/2017;-0.163458;38.527093
CV-VUT0475391-A;CL CALA, LA, 2, Es:1 Pl:01 Pt:15;03502;7585110YH4678S0016XL;4;2;76.00;26/04/2019;-0.163458;38.527093
CV-VUT0481221-A;CL CALA, LA, 2, Es:1 Pl:01 Pt:17;03502;7585110YH4678S0018QZ;4;2;78.00;18/02/2020;-0.163458;38.527093
CV-VUT0444451-A;CL CALA, LA, 2, Es:1 Pl:01 Pt:18;03502;7585110YH4678S0019WX;2;1;54.00;30/09/2015;-0.163458;38.527093
CV-VUT0444863-A;CL CALA, LA, 2, Es:1 Pl:02 Pt:22;03502;7585110YH4678S0023EM;6;3;76.00;23/11/2015;-0.163458;38.527093
CV-VUT0444186-A;CL CALA, LA, 2, Es:1 Pl:02 Pt:23;03502;7585110YH4678S0024RQ;4;2;78.00;04/09/2015;-0.163458;38.527093
CV-VUT0492817-A;CL CALA, LA, 2, Es:1 Pl:02 Pt:24;03502;7585110YH4678S0025TW;2;1;54.00;17/10/2022;-0.163458;38.527093
CV-VUT0322229-A;CL CALA, LA, 2, Es:1 Pl:SS Pt:01;03502;7585110YH4678S0002AI;4;2;88.00;07/07/2017;-0.163458;38.527093
CV-VUT0322230-A;CL CALA, LA, 2, Es:1 Pl:SS Pt:03;03502;7585110YH4678S0004DP;4;2;86.00;07/07/2017;-0.163458;38.527093
CV-VUT0484735-A;CL CALA, LA, 2, Es:1 Pl:SS Pt:04;03502;7585110YH4678S0005FA;4;2;86.00;20/01/2021;-0.163458;38.527093
CV-VUT0322231-A;CL CALA, LA, 2, Es:1 Pl:SS Pt:05;03502;7585110YH4678S0006GS;4;2;88.00;07/07/2017;-0.163458;38.527093
CV-VUT0515557-A;CL CORNELLANA, 1, Es:1 Pl:01 Pt:C;03502;7381301YH4678S0005PA;4;3;112.00;01/04/2025;-0.164018;38.525793
CV-VUT0452908-A;CL CORNELLANA, 1, Es:1 Pl:02 Pt:C;03502;7381301YH4678S0009FG;4;2;112.00;10/02/2017;-0.164018;38.525793
CV-VUT0442930-A;CL CORNELLANA, 1, Es:1 Pl:17 Pt:B;03502;7381301YH4678S0068OP;6;3;112.00;11/05/2015;-0.164018;38.525793
CV-VUT0455988-A;CL CORNELLANA, 1, Es:1 Pl:17 Pt:C;03502;7381301YH4678S0069PA;4;2;112.00;31/05/2017;-0.164018;38.525793
CV-VUT0493663-A;CL CORNELLANA, 6, Es:1 Pl:01 Pt:C;03502;7382306YH4678S0007HD;4;2;85.00;29/11/2022;-0.164646;38.526173
CV-VUT0488315-A;CL CORNELLANA, 6, Es:1 Pl:04 Pt:A;03502;7382306YH4678S0014BJ;4;2;85.00;21/01/2022;-0.164646;38.526173
CV-VUT0466574-A;CL CORNELLANA, 6, Es:1 Pl:05 Pt:A;03502;7382306YH4678S0017MB;4;2;85.00;11/05/2018;-0.164646;38.526173
CV-VUT0463904-A;CL D. JUAN ANTONIO BALDOVI, 11, Es:1 Pl:01 Pt:B;03502;7188101YH4678N0005UE;4;2;115.00;19/02/2018;-0.166172;38.532024
CV-VUT0458881-A;CL D. JUAN ANTONIO BALDOVI, 11, Es:1 Pl:10 Pt:I;03502;7188101YH4678N0052HS;4;2;78.00;29/09/2017;-0.166172;38.532024
CV-VUT0321830-A;CL DENIA, 14, Es:6 Pl:05 Pt:D;03502;7191820YH4679S0026YB;7;4;98.00;22/10/2015;-0.165238;38.534779
CV-VUT0322911-A;CL DENIA, 14, Es:6 Pl:20 Pt:A;03502;7191820YH4679S0080LP;6;3;97.00;27/12/2018;-0.165238;38.534779
CV-VUT0515502-A;CL DENIA, 15, Es:1 Pl:09 Pt:A;03502;7191806YH4679S0017BF;4;2;88.00;31/03/2025;-0.165846;38.535116
CV-VUT0513111-A;CL DENIA, 16, Es:7 Pl:10 Pt:C;03502;4193221YH4679S0043LI;6;3;103.00;03/12/2024;-0.164719;38.534991
CV-VUT0484116-A;CL DENIA, 4D, Es:T Pl:OD Pt:OS;03502;7191810YH4679S0001HQ;12;6;155.00;09/11/2020;-0.164817;38.535239
CV-VUT0482372-A;CL DENIA, 5, Es:1 Pl:06 Pt:A;03502;7191823YH4679S0055UJ;4;2;118.00;25/06/2020;-0.167360;38.535040
CV-VUT0486783-A;CL DENIA, 5, Es:1 Pl:06 Pt:B;03502;7191823YH4679S0056IK;2;1;87.00;30/06/2021;-0.167360;38.535040
CV-VUT0498735-A;CL DENIA, 5, Es:1 Pl:08 Pt:G;03502;7191823YH4679S0061PB;6;3;119.00;31/05/2023;-0.167360;38.535040
CV-VUT0459705-A;CL DR SERVER, 3, Es:1 Pl:01 Pt:05;03502;7481701YH4678S0047WK;5;3;73.00;08/11/2017;-0.163722;38.525392
CV-VUT0481620-A;CL DR SERVER, 3, Es:2 Pl:02 Pt:10;03502;7481701YH4678S0052RB;2;1;55.00;12/03/2020;-0.163722;38.525392
CV-VUT0496264-A;CL DR SERVER, 3, Es:3 Pl:01 Pt:14;03502;7481701YH4678S0056IQ;4;2;74.00;20/03/2023;-0.163722;38.525392
CV-VUT0322621-A;CL DR SERVER, 3, Es:3 Pl:01 Pt:17;03502;7481701YH4678S0059AR;4;2;73.00;01/06/2018;-0.163722;38.525392
CV-VUT0479939-A;CL DR SERVER, 3, Es:5 Pl:01 Pt:39;03502;7481701YH4678S0081QJ;4;2;67.00;25/11/2019;-0.163722;38.525392
CV-VUT0463750-A;CL DR SERVER, 7A, Es:2 Pl:01 Pt:C;03502;7481703YH4678S0003AO;4;2;98.00;14/02/2018;-0.163798;38.524675
CV-VUT0434416-A;CL DR SERVER, 7A, Es:2 Pl:04 Pt:E;03502;7481703YH4678S0018MZ;4;2;110.00;18/11/2009;-0.163798;38.524675
CV-VUT0454608-A;CL DR SERVER, 7A, Es:2 Pl:04 Pt:F;03502;7481703YH4678S0019QX;4;2;98.00;21/04/2017;-0.163798;38.524675
CV-VUT0513706-A;CL DR SERVER, 7A, Es:2 Pl:05 Pt:H;03502;7481703YH4678S0020XB;4;2;98.00;13/01/2025;-0.163798;38.524675
CV-VUT0322669-A;CL ERMITA, 3, Es:1 Pl:01 Pt:38;03502;7482101YH4678S0045RH;2;1;65.00;13/06/2018;-0.162988;38.525620
CV-VUT0486322-A;CL ERMITA, 4, Es:1 Pl:00 Pt:B2;03502;7482103YH4678S0002FI;6;3;154.00;01/06/2021;-0.163047;38.526147
CV-VUT0466132-A;CL FLORIDA, 4, Es:1 Pl:01 Pt:E;03502;9801802YH4790S0146US;2;1;69.00;27/04/2018;-0.134525;38.542456
CV-VUT0457291-A;CL FLORIDA, 4, Es:1 Pl:01 Pt:F;03502;9801802YH4790S0147ID;2;1;78.00;18/07/2017;-0.134525;38.542456
CV-VUT0476632-A;CL FLORIDA, 4, Es:1 Pl:04 Pt:O;03502;9801802YH4790S0208US;2;1;72.00;11/06/2019;-0.134525;38.542456
CV-VUT0491476-A;CL GENARO NAVARRO, 6, Es:T Pl:OD Pt:OS;03502;7582912YH4678S0001XU;14;7;329.00;20/07/2022;-0.162599;38.526621
CV-VUT0322971-A;CL GENARO NAVARRO, 8, Es:T Pl:OD Pt:OS;03502;7582911YH4678S0001DU;8;4;173.00;22/04/2019;-0.161941;38.526439
CV-VUT0453201-A;CL GIJON, 8, Es:1 Pl:00 Pt:01;03502;7588509YH4678N0002FM;8;4;163.00;24/02/2017;-0.161072;38.530481
CV-VUT0444107-A;CL GRECIA, 1, Es:1 Pl:12 Pt:C;03502;0703301YH5710S0080DA;2;1;44.00;19/08/2015;-0.125807;38.544233
CV-VUT0461361-A;CL GRECIA, 1, Es:1 Pl:12 Pt:D;03502;0703301YH5710S0081FS;2;1;44.00;15/12/2017;-0.125807;38.544233
CV-VUT0489679-A;CL GRECIA, 2, Es:1 Pl:01 Pt:03;03502;0602701YH5700S0015AO;7;4;130.00;29/04/2022;-0.125421;38.543837
CV-VUT0520467-A;CL INFIESTO, 3, Es:1 Pl:01 Pt:0F;03502;7382305YH4678S0036RP;2;1;47.00;05/03/2026;-0.164692;38.526771
CV-VUT0488012-A;CL INFIESTO, 3, Es:1 Pl:01 Pt:E;03502;7382305YH4678S0035EO;2;1;40.00;09/12/2021;-0.164692;38.526771
CV-VUT0459135-A;CL INFIESTO, 3, Es:1 Pl:04 Pt:0C;03502;7382305YH4678S0051DL;4;2;40.00;10/10/2017;-0.164692;38.526771
CV-VUT0477247-A;CL INFIESTO, 3, Es:1 Pl:11 Pt:0E;03502;7382305YH4678S0095XT;2;1;40.00;04/07/2019;-0.164692;38.526771
CV-VUT0324209-A;CL INFIESTO, 3, Es:1 Pl:11 Pt:B;03502;7382305YH4678S0092LW;2;1;40.00;17/02/2024;-0.164692;38.526771
CV-VUT0495031-A;CL INFIESTO, 3, Es:1 Pl:12 Pt:C;03502;7382305YH4678S0099EO;2;1;40.00;09/02/2023;-0.164692;38.526771
CV-VUT0321709-A;CL INFIESTO, 3, Es:1 Pl:13 Pt:0A;03502;7382305YH4678S0103YS;2;1;47.00;14/01/2015;-0.164692;38.526771
CV-VUT0487577-A;CL IRLANDA, 2, Es:1 Pl:24 Pt:A;03502;0205601YH5700N0234RB;1;1;71.00;04/10/2021;-0.129499;38.546681
CV-VUT0479353-A;CL IRLANDA, 2, Es:1 Pl:25 Pt:B;03502;0205601YH5700N0240UM;2;1;67.00;29/10/2019;-0.129499;38.546681
CV-VUT0521118-A;CL IRLANDA, 2, Es:1 Pl:30 Pt:A;03502;0205601YH5700N0264WK;6;3;71.00;27/04/2026;-0.129499;38.546681
CV-VUT0514551-A;CL ISLANDIA, 3, Es:1 Pl:12 Pt:A;03502;0602704YH5700S0085KS;4;2;92.00;27/02/2025;-0.124294;38.542859
CV-VUT0513663-A;CL ISLANDIA, 3, Es:1 Pl:15 Pt:D;03502;0602704YH5700S0092XH;4;2;96.00;10/01/2025;-0.124294;38.542859
CV-VUT0322666-A;CL ISLANDIA, 6, Es:1 Pl:02 Pt:D;03502;0801101YH5700S0143AI;4;2;64.00;12/06/2018;-0.123363;38.542888
CV-VUT0003510-A;CL ISLANDIA, 6, Es:1 Pl:04 Pt:0D;03502;0801101YH5700S0151HD;2;1;64.00;26/10/1993;-0.123363;38.542888
CV-VUT0310699-A;CL ISLANDIA, 6, Es:1 Pl:10 Pt:0C;03502;0801101YH5700S0174PU;2;1;55.00;22/05/1995;-0.123363;38.542888
CV-VUT0324259-A;CL ISLANDIA, 6, Es:1 Pl:14 Pt:0C;03502;0801101YH5700S0190BJ;;1;55.00;09/04/2024;-0.123363;38.542888
CV-VUT0312534-A;CL ISLANDIA, 6, Es:1 Pl:16 Pt:0C;03502;0801101YH5700S0198TW;2;1;55.00;26/12/1995;-0.123363;38.542888
CV-VUT0312535-A;CL ISLANDIA, 6, Es:1 Pl:16 Pt:0D;03502;0801101YH5700S0199YE;2;1;64.00;26/12/1995;-0.123363;38.542888
CV-VUT0323239-A;CL ISLANDIA, 8, Es:2 Pl:01 Pt:0A;03502;0801101YH5700S0244GS;4;2;64.00;13/12/2019;-0.123363;38.542888
CV-VUT0442815-A;CL ISLANDIA, 8, Es:2 Pl:11 Pt:0C;03502;0801101YH5700S0286XL;2;1;55.00;29/04/2015;-0.123363;38.542888
CV-VUT0321892-A;CL ISLANDIA, 8, Es:2 Pl:17 Pt:0A;03502;0801101YH5700S0308JF;2;1;64.00;03/05/2016;-0.123363;38.542888
CV-VUT0322594-A;CL ISLANDIA, 8, Es:2 Pl:27 Pt:0A;03502;0801101YH5700S0348XL;2;1;64.00;23/05/2018;-0.123363;38.542888
CV-VUT0003549-A;CL ISLANDIA, 7, Es:1 Pl:04 Pt:D;03502;0702504YH5700S0018WS;2;1;62.00;27/10/1993;-0.123205;38.543445
CV-VUT0003552-A;CL ISLANDIA, 7, Es:1 Pl:13 Pt:D;03502;0702504YH5700S0054ED;2;1;62.00;27/10/1993;-0.123205;38.543445
CV-VUT0003535-A;CL ISLANDIA, 7, Es:1 Pl:14 Pt:A;03502;0702504YH5700S0055RF;2;1;62.00;27/10/1993;-0.123205;38.543445
CV-VUT0003543-A;CL ISLANDIA, 7, Es:1 Pl:14 Pt:B;03502;0702504YH5700S0056TG;2;1;59.00;27/10/1993;-0.123205;38.543445
CV-VUT0003547-A;CL ISLANDIA, 7, Es:1 Pl:14 Pt:C;03502;0702504YH5700S0057YH;2;1;59.00;27/10/1993;-0.123205;38.543445
CV-VUT0003553-A;CL ISLANDIA, 7, Es:1 Pl:14 Pt:D;03502;0702504YH5700S0058UJ;2;1;62.00;27/10/1993;-0.123205;38.543445
CV-VUT0003548-A;CL ISLANDIA, 7, Es:1 Pl:15 Pt:C;03502;0702504YH5700S0061UJ;2;1;59.00;27/10/1993;-0.123205;38.543445
CV-VUT0324178-A;CL LA TORRE LES MANÇANES, 1, Es:1 Pl:03 Pt:D;03502;7286907YH4678N0022JF;4;2;116.00;06/02/2024;-0.164656;38.530564
CV-VUT0323833-A;CL LA TORRE LES MANÇANES, 1, Es:1 Pl:05 Pt:G;03502;7286907YH4678N0039IT;4;2;113.00;11/11/2022;-0.164656;38.530564
CV-VUT0324031-A;CL LA TORRE LES MANÇANES, 1, Es:1 Pl:08 Pt:A;03502;7286907YH4678N0054JF;4;2;114.00;07/07/2023;-0.164656;38.530564
CV-VUT0460766-A;CL LA TORRE LES MANÇANES, 1, Es:1 Pl:13 Pt:C;03502;7286907YH4678N0091LH;4;2;75.00;30/11/2017;-0.164656;38.530564
CV-VUT0479640-A;CL LA TORRE LES MANÇANES, 1, Es:1 Pl:18 Pt:A;03502;7286907YH4678N0124XL;5;3;114.00;12/11/2019;-0.164656;38.530564
CV-VUT0504500-A;CL LA TORRE LES MANÇANES, 1, Es:1 Pl:19 Pt:E;03502;7286907YH4678N0135UR;2;1;75.00;11/01/2024;-0.164656;38.530564
CV-VUT0485674-A;CL LA TORRE LES MANÇANES, 1, Es:1 Pl:20 Pt:C;03502;7286907YH4678N0140OY;2;1;75.00;19/04/2021;-0.164656;38.530564
CV-VUT0486312-A;CL LAREDO, 1, Es:3 Pl:00 Pt:27;03502;7481702YH4678S0027BR;4;2;47.00;01/06/2021;-0.162860;38.524964
CV-VUT0469202-A;CL LAREDO, 1, Es:3 Pl:00 Pt:34;03502;7481702YH4678S0034QI;2;1;49.00;03/07/2018;-0.162860;38.524964
CV-VUT0470665-A;CL LUARCA, 6, Es:1 Pl:00 Pt:01;03502;7582801YH4678S0001GU;8;4;139.00;17/09/2018;-0.161879;38.526222
CV-VUT0488586-A;CL LUARCA, 6, Es:1 Pl:00 Pt:17;03502;7582801YH4678S0017TB;6;3;139.00;15/02/2022;-0.161879;38.526222
CV-VUT0476248-A;CL LUXEMBURGO, 2, Es:1 Pl:15 Pt:B;03502;0405301YH5700N0083RW;4;2;79.00;29/05/2019;-0.128516;38.546509
CV-VUT0463180-A;CL LUXEMBURGO, 2, Es:1 Pl:20 Pt:B;03502;0405301YH5700N0093AO;4;2;79.00;29/01/2018;-0.128516;38.546509
CV-VUT0443647-A;CL MANAGUA, 6, Es:T Pl:OD Pt:OS;03502;9204806YH4790S0001QX;12;6;459.00;09/07/2015;-0.141844;38.544905
CV-VUT0476631-A;CL NOREÑA, 2, Es:1 Pl:04 Pt:20;03502;7481705YH4678S0033RU;2;1;61.00;11/06/2019;-0.162310;38.526178
CV-VUT0322509-A;CL NORUEGA, 2, Es:1 Pl:06 Pt:B;03502;0505501YH5700N0130GD;2;1;44.00;23/04/2018;-0.126673;38.546135
CV-VUT0323827-A;CL NORUEGA, 2, Es:1 Pl:06 Pt:F;03502;0505501YH5700N0134LJ;2;1;51.00;04/11/2022;-0.126673;38.546135
CV-VUT0003644-A;CL NORUEGA, 2, Es:1 Pl:18 Pt:F;03502;0505501YH5700N0230KH;2;1;51.00;28/10/1993;-0.126673;38.546135
CV-VUT0500173-A;CL NORUEGA, 4, Es:2 Pl:10 Pt:A;03502;0505501YH5700N0329MZ;4;2;62.00;17/07/2023;-0.126673;38.546135
CV-VUT0504385-A;CL NORUEGA, 4, Es:2 Pl:17 Pt:E;03502;0505501YH5700N0391KH;2;1;51.00;11/01/2024;-0.126673;38.546135
CV-VUT0501941-A;CL NORUEGA, 5, Es:7 Pl:01 Pt:B;03502;0506902YH5700N0133WH;6;3;81.00;20/09/2023;-0.125541;38.547242
CV-VUT0498528-A;CL OVIEDO, 1, Es:1 Pl:10 Pt:B;03502;7588502YH4678N0036XW;4;2;128.00;26/05/2023;-0.161122;38.532268
CV-VUT0460417-A;CL OVIEDO, 36, Es:1 Pl:01 Pt:B;03502;7384703YH4678S0002PI;6;3;146.00;27/11/2017;-0.163098;38.528121
CV-VUT0471173-A;CL OVIEDO, 8, Es:T Pl:OD Pt:OS;03502;8587805YH4678N0001BX;10;5;340.00;16/10/2018;-0.161178;38.531912
CV-VUT0459706-A;CL PRESIDENTE ADOLFO SUAREZ, 10A, Es:1 Pl:03 Pt:A;03502;8599605YH4689N0177MO;6;3;115.00;08/11/2017;-0.148944;38.542863
CV-VUT0497851-A;CL PRESIDENTE ADOLFO SUAREZ, 10A, Es:1 Pl:15 Pt:B;03502;8599605YH4689N0214RD;4;2;111.00;10/05/2023;-0.148944;38.542863
CV-VUT0475346-A;CL PRESIDENTE ADOLFO SUAREZ, 10A, Es:1 Pl:16 Pt:A;03502;8599605YH4689N0216YG;4;2;115.00;24/04/2019;-0.148944;38.542863
CV-VUT0484613-A;CL PRESIDENTE ADOLFO SUAREZ, 10A, Es:1 Pl:19 Pt:B;03502;8599605YH4689N0226DX;4;2;111.00;28/12/2020;-0.148944;38.542863
CV-VUT0475458-A;CL PRESIDENTE ADOLFO SUAREZ, 10A, Es:1 Pl:25 Pt:B;03502;8599605YH4689N0244WA;4;2;111.00;29/04/2019;-0.148944;38.542863
CV-VUT0480481-A;CL PRESIDENTE ADOLFO SUAREZ, 10A, Es:1 Pl:29 Pt:A;03502;8599605YH4689N0252UH;6;3;176.00;07/01/2020;-0.148944;38.542863
CV-VUT0452937-A;CL PRESIDENTE ADOLFO SUAREZ, 12, Es:1 Pl:10 Pt:B;03502;8304101YH4780S0038RM;4;2;108.00;13/02/2017;-0.149198;38.544428
CV-VUT0516985-A;CL PRESIDENTE ADOLFO SUAREZ, 12, Es:2 Pl:07 Pt:C;03502;8304101YH4780S0135RM;2;1;117.00;19/05/2025;-0.149198;38.544428
CV-VUT0323626-A;CL PRESIDENTE ADOLFO SUAREZ, 12, Es:2 Pl:14 Pt:D;03502;8304101YH4780S0164QB;4;2;136.00;06/03/2022;-0.149198;38.544428
CV-VUT0488361-A;CL PRESIDENTE ADOLFO SUAREZ, 12, Es:2 Pl:20 Pt:B;03502;8304101YH4780S0186JD;2;1;104.00;26/01/2022;-0.149198;38.544428
CV-VUT0520964-A;CL PRESIDENTE ADOLFO SUAREZ, 14, Es:1 Pl:17 Pt:34;03502;8304102YH4780S0034OL;4;2;128.00;16/04/2026;-0.150251;38.545234
CV-VUT0521653-A;CL PRESIDENTE ADOLFO SUAREZ, 14, Es:1 Pl:21 Pt:42;03502;8304102YH4780S0042FQ;4;2;128.00;01/06/2026;-0.150251;38.545234
CV-VUT0521756-A;CL PRESIDENTE ADOLFO SUAREZ, 14, Es:1 Pl:24 Pt:47;03502;8304102YH4780S0047LY;8;4;244.00;02/06/2026;-0.150251;38.545234
CV-VUT0521652-A;CL PRESIDENTE ADOLFO SUAREZ, 14, Es:2 Pl:09 Pt:73;03502;8304102YH4780S0073DM;2;1;96.00;31/05/2026;-0.150251;38.545234
CV-VUT0520631-A;CL PRESIDENTE ADOLFO SUAREZ, 14, Es:2 Pl:13 Pt:84;03502;8304102YH4780S0084ZI;6;3;135.00;20/03/2026;-0.150251;38.545234
CV-VUT0522131-A;CL PRESIDENTE ADOLFO SUAREZ, 14, Es:2 Pl:13 Pt:86;03502;8304102YH4780S0086MP;4;2;136.00;03/07/2026;-0.150251;38.545234
CV-VUT0520578-A;CL PRESIDENTE ADOLFO SUAREZ, 14, Es:2 Pl:17 Pt:93;03502;8304102YH4780S0093RF;6;3;163.00;16/03/2026;-0.150251;38.545234
CV-VUT0520583-A;CL PRESIDENTE ADOLFO SUAREZ, 14, Es:2 Pl:17 Pt:94;03502;8304102YH4780S0094TG;6;3;167.00;16/03/2026;-0.150251;38.545234
CV-VUT0521666-A;CL PRESIDENTE ADOLFO SUAREZ, 14, Es:2 Pl:22 Pt:103;03502;8304102YH4780S0103DM;6;3;164.00;01/06/2026;-0.150251;38.545234
CV-VUT0508238-A;CL PRESIDENTE ADOLFO SUAREZ, 18, Es:1 Pl:02 Pt:04;03502;8304105YH4780S0014XT;2;1;72.00;20/05/2024;-0.152974;38.545635
CV-VUT0473844-A;CL PRESIDENTE ADOLFO SUAREZ, 18, Es:1 Pl:03 Pt:04;03502;8304105YH4780S0021EO;2;1;72.00;13/02/2019;-0.152974;38.545635
CV-VUT0512414-A;CL PRESIDENTE ADOLFO SUAREZ, 18, Es:1 Pl:07 Pt:07;03502;8304105YH4780S0052WI;4;2;90.00;26/10/2024;-0.152974;38.545635
CV-VUT0460499-A;CL PRESIDENTE ADOLFO SUAREZ, 18, Es:2 Pl:02 Pt:08;03502;8304105YH4780S0153YS;4;2;67.00;28/11/2017;-0.152974;38.545635
CV-VUT0503313-A;CL PRESIDENTE ADOLFO SUAREZ, 18, Es:2 Pl:04 Pt:04;03502;8304105YH4780S0167JM;2;1;72.00;10/11/2023;-0.152974;38.545635
CV-VUT0321724-A;CL PRESIDENTE ADOLFO SUAREZ, 18, Es:2 Pl:10 Pt:08;03502;8304105YH4780S0225DL;2;1;67.00;10/03/2015;-0.152974;38.545635
CV-VUT0512768-A;CL PRESIDENTE ADOLFO SUAREZ, 18, Es:2 Pl:10 Pt:09;03502;8304105YH4780S0226FB;2;1;71.00;15/11/2024;-0.152974;38.545635
CV-VUT0460680-A;CL PRESIDENTE ADOLFO SUAREZ, 18, Es:2 Pl:12 Pt:01;03502;8304105YH4780S0236ZR;3;2;71.00;29/11/2017;-0.152974;38.545635
CV-VUT0501174-A;CL PRESIDENTE ADOLFO SUAREZ, 18, Es:2 Pl:14 Pt:08;03502;8304105YH4780S0261FB;1;1;67.00;28/08/2023;-0.152974;38.545635
CV-VUT0489433-A;CL PRESIDENTE ADOLFO SUAREZ, 2, Es:2 Pl:02 Pt:C;03502;8599606YH4689N0281DD;2;1;134.00;06/04/2022;-0.150166;38.540532
CV-VUT0324068-A;CL PRESIDENTE ADOLFO SUAREZ, 2, Es:2 Pl:08 Pt:C;03502;8599606YH4689N0299TT;4;2;121.00;29/09/2023;-0.150166;38.540532
CV-VUT0454968-A;CL PRESIDENTE ADOLFO SUAREZ, 2, Es:2 Pl:21 Pt:C;03502;8599606YH4689N0338AA;4;2;121.00;03/05/2017;-0.150166;38.540532
CV-VUT0454967-A;CL PRESIDENTE ADOLFO SUAREZ, 2, Es:2 Pl:23 Pt:C;03502;8599606YH4689N0344FF;4;2;121.00;03/05/2017;-0.150166;38.540532
CV-VUT0442269-A;CL PRESIDENTE ADOLFO SUAREZ, 2, Es:2 Pl:25 Pt:C;03502;8599606YH4689N0350JJ;4;2;121.00;17/03/2015;-0.150166;38.540532
CV-VUT0465963-A;CL PRESIDENTE ADOLFO SUAREZ, 4, Es:3 Pl:05 Pt:A;03502;8599606YH4689N0370II;6;3;137.00;24/04/2018;-0.150166;38.540532
CV-VUT0322406-A;CL PRESIDENTE ADOLFO SUAREZ, 4, Es:3 Pl:06 Pt:B;03502;8599606YH4689N0375DD;6;3;123.00;25/01/2018;-0.150166;38.540532
CV-VUT0324089-A;CL PRESIDENTE ADOLFO SUAREZ, 4, Es:3 Pl:18 Pt:B;03502;8599606YH4689N0411HH;4;2;119.00;13/10/2023;-0.150166;38.540532
CV-VUT0486039-A;CL PRESIDENTE ADOLFO SUAREZ, 4, Es:3 Pl:21 Pt:A;03502;8599606YH4689N0418MM;4;2;120.00;13/05/2021;-0.150166;38.540532
CV-VUT0454969-A;CL PRESIDENTE ADOLFO SUAREZ, 4, Es:3 Pl:26 Pt:B;03502;8599606YH4689N0435AA;2;1;81.00;03/05/2017;-0.150166;38.540532
CV-VUT0454970-A;CL PRESIDENTE ADOLFO SUAREZ, 4, Es:3 Pl:27 Pt:C;03502;8599606YH4689N0437DD;2;1;129.00;03/05/2017;-0.150166;38.540532
CV-VUT0321449-A;CL PRESIDENTE ADOLFO SUAREZ, 20, Es:1 Pl:05 Pt:23;03502;8200603YH4780S0050DY;4;2;79.00;11/05/2012;-0.153243;38.543417
CV-VUT0482080-A;CL PRESIDENTE ADOLFO SUAREZ, 20, Es:1 Pl:16 Pt:84;03502;8200603YH4780S0111ST;2;1;82.00;26/05/2020;-0.153243;38.543417
CV-VUT0455266-A;CL PRESIDENTE ADOLFO SUAREZ, 20, Es:2 Pl:05 Pt:28;03502;8200603YH4780S0157MH;4;2;119.00;10/05/2017;-0.153243;38.543417
CV-VUT0476972-A;CL PRESIDENTE ADOLFO SUAREZ, 20, Es:2 Pl:08 Pt:43;03502;8200603YH4780S0172OW;4;2;119.00;27/06/2019;-0.153243;38.543417
CV-VUT0488069-A;CL PRESIDENTE ADOLFO SUAREZ, 20, Es:2 Pl:18 Pt:96;03502;8200603YH4780S0225EL;4;2;116.00;16/12/2021;-0.153243;38.543417
CV-VUT0470824-A;CL PRESIDENTE ADOLFO SUAREZ, 22, Es:1 Pl:18 Pt:C;03502;8200602YH4780S0123SF;4;2;159.00;25/09/2018;-0.152715;38.542209
CV-VUT0498293-A;CL PRESIDENTE ADOLFO SUAREZ, 22, Es:1 Pl:20 Pt:B;03502;8200602YH4780S0136XQ;4;2;167.00;19/05/2023;-0.152715;38.542209
CV-VUT0505265-A;CL PRESIDENTE ADOLFO SUAREZ, 22, Es:1 Pl:29 Pt:B;03502;8200602YH4780S0199ZM;4;2;162.00;05/02/2024;-0.152715;38.542209
CV-VUT0498294-A;CL PRESIDENTE ADOLFO SUAREZ, 22, Es:1 Pl:32 Pt:D;03502;8200602YH4780S0222FH;6;3;191.00;19/05/2023;-0.152715;38.542209
CV-VUT0505109-A;CL PRESIDENTE ADOLFO SUAREZ, 22, Es:2 Pl:21 Pt:G;03502;8200602YH4780S0148IP;4;2;163.00;05/02/2024;-0.152715;38.542209
CV-VUT0478197-A;CL PRESIDENTE ADOLFO SUAREZ, 22, Es:2 Pl:29 Pt:F;03502;8200602YH4780S0203QE;4;2;145.00;13/08/2019;-0.152715;38.542209
CV-VUT0519472-A;CL PRESIDENTE ADOLFO SUAREZ, 24, Es:1 Pl:12 Pt:A;03502;8200601YH4780S0092WD;4;2;141.00;11/12/2025;-0.151973;38.541069
CV-VUT0521526-A;CL PRESIDENTE ADOLFO SUAREZ, 24, Es:1 Pl:25 Pt:D;03502;8200601YH4780S0179ZO;2;1;140.00;21/05/2026;-0.151973;38.541069
CV-VUT0322505-A;CL PRESIDENTE ADOLFO SUAREZ, 24, Es:1 Pl:26 Pt:G;03502;8200601YH4780S0189TH;4;2;164.00;19/04/2018;-0.151973;38.541069
CV-VUT0515133-A;CL PRESIDENTE ADOLFO SUAREZ, 3, Es:1 Pl:15 Pt:I;03502;8401205YH4780S0062DG;4;2;162.00;20/03/2025;-0.150022;38.540952
CV-VUT0324237-A;CL PRESIDENTE ADOLFO SUAREZ, 6B, Bloque:1 Es:1 Pl:01 Pt:A;03502;8599604YH4689N0003RX;4;2;110.00;01/03/2024;-0.148912;38.541684
CV-VUT0324063-A;CL PRESIDENTE ADOLFO SUAREZ, 6B, Bloque:1 Es:1 Pl:14 Pt:A;03502;8599604YH4689N0042IE;4;2;110.00;27/09/2023;-0.148912;38.541684
CV-VUT0466273-A;CL PRESIDENTE ADOLFO SUAREZ, 8B, Bloque:2 Es:1 Pl:14 Pt:C;03502;8599604YH4689N0129RX;4;2;108.00;03/05/2018;-0.148912;38.541684
CV-VUT0518415-A;CL PRESIDENTE ADOLFO SUAREZ, 8B, Bloque:2 Es:1 Pl:20 Pt:B;03502;8599604YH4689N0146GP;5;3;82.00;11/09/2025;-0.148912;38.541684
CV-VUT0324248-A;CL PRESIDENTE ADOLFO SUAREZ, 8B, Bloque:2 Es:1 Pl:23 Pt:B;03502;8599604YH4689N0155ZH;2;1;82.00;21/03/2024;-0.148912;38.541684
CV-VUT0503851-A;CL RELLEU, 1, Es:1 Pl:01 Pt:E;03502;9906703YH4790N0088PI;2;1;53.00;13/12/2023;-0.132947;38.546738
CV-VUT0440217-A;CL SALAMANCA, 1, Es:2 Pl:01 Pt:01;03502;9902913YH4790S0002XM;5;3;77.00;28/05/2014;-0.133178;38.543732
CV-VUT0476465-A;CL SALAMANCA, 24, Es:1 Pl:02 Pt:B;03502;9902323YH4790S0006LR;5;3;72.00;06/06/2019;-0.134205;38.543791
CV-VUT0453090-A;CL SANTANDER, 16, Es:1 Pl:02 Pt:D;03502;7890308YH4679S0014MA;4;2;38.00;17/02/2017;-0.159180;38.533302
CV-VUT0322385-A;CL SANTANDER, 16, Es:1 Pl:15 Pt:A0;03502;7890308YH4679S0115RG;4;2;38.00;22/12/2017;-0.159180;38.533302
CV-VUT0031353-A;CL SANTANDER, 18, Es:1 Pl:+1 Pt:A;03502;7890309YH4679S0056HK;2;1;53.00;16/12/1993;-0.159515;38.532932
CV-VUT0031354-A;CL SANTANDER, 18, Es:1 Pl:+1 Pt:B;03502;7890309YH4679S0057JL;2;1;53.00;28/01/1994;-0.159515;38.532932
CV-VUT0487441-A;CL SANTANDER, 18, Es:1 Pl:01 Pt:C;03502;7890309YH4679S0006RY;4;2;49.00;14/09/2021;-0.159515;38.532932
CV-VUT0500354-A;CL SANTANDER, 18, Es:1 Pl:09 Pt:A;03502;7890309YH4679S0036WR;6;3;88.00;24/07/2023;-0.159515;38.532932
CV-VUT0517406-A;CL SANTANDER, 18, Es:1 Pl:09 Pt:C;03502;7890309YH4679S0038RY;2;2;49.00;26/06/2025;-0.159515;38.532932
CV-VUT0510983-A;CL SANTANDER, 18, Es:1 Pl:10 Pt:B;03502;7890309YH4679S0041RY;4;2;49.00;13/08/2024;-0.159515;38.532932
CV-VUT0506989-A;CL SANTANDER, 4, Es:1 Pl:09 Pt:B;03502;7890302YH4679S0030WZ;2;1;68.00;10/04/2024;-0.156548;38.534266
CV-VUT0512961-A;CL SANTANDER, 6, Es:1 Pl:07 Pt:A;03502;7890303YH4679S0028SX;4;2;85.00;26/11/2024;-0.156813;38.534108
CV-VUT0511407-A;CL SANTANDER, 8, Es:1 Pl:02 Pt:06;03502;7890304YH4679S0007YU;2;1;44.00;13/09/2024;-0.157413;38.533849
CV-VUT0324195-A;CL SANTANDER, 9, Es:1 Pl:10 Pt:C;03502;7889404YH4679S0057OL;2;1;48.00;14/02/2024;-0.158406;38.533187
CV-VUT0322916-A;CL SELLA, 4A, Es:1 Pl:+1 Pt:F;03502;0004202YH5700S0058BJ;4;3;112.00;22/01/2019;-0.132414;38.545484
CV-VUT0522621-A;CL SERRA D'AITANA, 3, Es:T Pl:OD Pt:OS;03502;9705805YH4790N0001EF;6;3;77.00;28/08/2026;-0.135142;38.546329
CV-VUT0464107-A;CL SERRANO, 7, Es:T Pl:OD Pt:OS;03502;9803610YH4790S0001KX;4;3;72.00;26/02/2018;-0.133750;38.544820
CV-VUT0480287-A;CL VELAZQUEZ, 9, Es:1 Pl:03 Pt:G;03502;9901403YH4790S0031MB;6;3;97.00;16/12/2019;-0.133621;38.543114
CV-VUT0480288-A;CL VELAZQUEZ, 9, Es:1 Pl:03 Pt:H;03502;9901403YH4790S0032QZ;6;3;77.00;16/12/2019;-0.133621;38.543114
CV-VUT0322934-A;CL VIGO, 3, Es:A Pl:04 Pt:07;03502;7889401YH4679S0007HU;4;2;57.00;20/02/2019;-0.157932;38.533304
CV-VUT0323596-A;CL VIGO, 3, Es:C Pl:04 Pt:07;03502;7889401YH4679S0023EJ;4;2;52.00;12/12/2021;-0.157932;38.533304
CV-VUT0324294-A;CL VIGO, 5, Es:1 Pl:05 Pt:A;03502;7891506YH4679S0076HO;4;2;64.00;06/05/2024;-0.158415;38.533720
CV-VUT0513031-A;CL VIGO, 5, Es:1 Pl:05 Pt:C;03502;7891506YH4679S0078KA;4;2;55.00;28/11/2024;-0.158415;38.533720
CV-VUT0324297-A;CL VIGO, 5, Es:1 Pl:07 Pt:A;03502;7891506YH4679S0084ZF;4;2;64.00;06/05/2024;-0.158415;38.533720
CV-VUT0324293-A;CL VIGO, 5, Es:1 Pl:08 Pt:A;03502;7891506YH4679S0088WK;4;2;64.00;06/05/2024;-0.158415;38.533720
CV-VUT0324292-A;CL VIGO, 5, Es:1 Pl:08 Pt:B;03502;7891506YH4679S0089EL;2;1;55.00;06/05/2024;-0.158415;38.533720
CV-VUT0460405-A;CL VIGO, 6, Es:1 Pl:08 Pt:A;03502;7890305YH4679S0083ZD;4;2;77.00;27/11/2017;-0.157918;38.533709
CV-VUT0323532-A;CL VIGO, 6, Es:1 Pl:08 Pt:C;03502;7890305YH4679S0085MG;2;1;55.00;13/07/2021;-0.157918;38.533709
CV-VUT0494471-A;CL VIGO, 6, Es:1 Pl:11 Pt:E;03502;7890305YH4679S0105HI;2;1;54.00;13/01/2023;-0.157918;38.533709
CV-VUT0463941-A;CL VIGO, 6, Es:1 Pl:11 Pt:F;03502;7890305YH4679S0106JO;6;3;77.00;21/02/2018;-0.157918;38.533709
CV-VUT0498374-A;CL VIGO, 6, Es:1 Pl:13 Pt:E;03502;7890305YH4679S0117WJ;2;1;54.00;22/05/2023;-0.157918;38.533709
CV-VUT0490654-A;CL VINAROS, 1, Es:1 Pl:02 Pt:B;03502;7890601YH4679S0009HO;4;2;60.00;07/06/2022;-0.157029;38.533341
CV-VUT0031387-A;CL VINAROS, 1, Es:1 Pl:02 Pt:C;03502;7890601YH4679S0010FU;4;2;60.00;16/12/1993;-0.157029;38.533341
CV-VUT0031381-A;CL VINAROS, 1, Es:1 Pl:02 Pt:D;03502;7890601YH4679S0011GI;4;2;104.00;16/12/1993;-0.157029;38.533341
CV-VUT0031388-A;CL VINAROS, 1, Es:1 Pl:03 Pt:B;03502;7890601YH4679S0013JP;4;2;60.00;16/12/1993;-0.157029;38.533341
CV-VUT0031385-A;CL VINAROS, 1, Es:1 Pl:03 Pt:D;03502;7890601YH4679S0015LS;6;3;104.00;16/12/1993;-0.157029;38.533341
CV-VUT0031382-A;CL VINAROS, 1, Es:1 Pl:06 Pt:D;03502;7890601YH4679S0027TZ;4;2;104.00;16/12/1993;-0.157029;38.533341
CV-VUT0484777-A;CL VINAROS, 1, Es:1 Pl:07 Pt:A;03502;7890601YH4679S0029UM;4;2;75.00;24/01/2021;-0.157029;38.533341
CV-VUT0031389-A;CL VINAROS, 1, Es:1 Pl:09 Pt:B;03502;7890601YH4679S0035PE;4;2;60.00;16/12/1993;-0.157029;38.533341
CV-VUT0031390-A;CL VINAROS, 1, Es:1 Pl:09 Pt:C;03502;7890601YH4679S0036AR;4;2;60.00;16/12/1993;-0.157029;38.533341
CV-VUT0031383-A;CL VINAROS, 1, Es:1 Pl:09 Pt:D;03502;7890601YH4679S0037ST;4;2;104.00;16/12/1993;-0.157029;38.533341
CV-VUT0031394-A;CL VINAROS, 1, Es:1 Pl:10 Pt:A;03502;7890601YH4679S0038DY;4;2;75.00;16/12/1993;-0.157029;38.533341
CV-VUT0031391-A;CL VINAROS, 1, Es:1 Pl:10 Pt:B;03502;7890601YH4679S0039FU;4;2;60.00;16/12/1993;-0.157029;38.533341
CV-VUT0031392-A;CL VINAROS, 1, Es:1 Pl:10 Pt:C;03502;7890601YH4679S0040ST;4;2;60.00;16/12/1993;-0.157029;38.533341
CV-VUT0031384-A;CL VINAROS, 1, Es:1 Pl:10 Pt:D;03502;7890601YH4679S0041DY;4;2;104.00;16/12/1993;-0.157029;38.533341
CV-VUT0324324-A;CL VIRGEN DE LA MACARENA, 7, Es:T Pl:OD Pt:OS;03502;9803509YH4790S0001OX;8;4;186.00;30/05/2024;-0.133843;38.545203
CV-VUT0323420-A;PS CASTELLANA, 47, Es:1 Pl:06 Pt:H;03502;9805601YH4790N0094JA;4;2;68.00;08/09/2020;-0.134170;38.546638
CV-VUT0322720-A;PS TAMARINDOS, 2, Es:T Pl:OD Pt:OS;03502;7582915YH4678S0001EU;8;4;307.00;28/06/2018;-0.162102;38.526775
CV-VUT0462324-A;PS TAMARINDOS, 4C, Es:1 Pl:00 Pt:04;03502;7582805YH4678S0001TU;2;1;70.00;08/01/2018;-0.161022;38.526047
CV-VUT0324049-A;PS TAMARINDOS, 4C, Es:1 Pl:02 Pt:14;03502;7582805YH4678S0003UO;6;3;70.00;08/01/2020;-0.161022;38.526047
CV-VUT0494130-A;PS TAMARINDOS, 4F, Es:1 Pl:02 Pt:22;03502;7582808YH4678S0007GD;4;2;55.00;22/12/2022;-0.161296;38.526170
CV-VUT0467479-A;UR COBLANCA, 27, Es:T Pl:OD Pt:OS;03502;0028615YH5702N0001DQ;8;4;205.00;29/05/2018;-0.129216;38.567412
CV-VUT0448770-A;UR COBLANCA, 98, Es:T Pl:OD Pt:OS;03502;0529202YH5702N0001PQ;6;3;369.00;05/07/2016;-0.125464;38.568109
CV-VUT0321066-A;UR PLANET EL, 13, Es:T Pl:OD Pt:OS;03502;9525806YH4792N0001YW;24;12;672.00;17/12/2009;-0.136885;38.566484
CV-VUT0460768-A;UR PLANET EL, 17, Es:T Pl:OD Pt:OS;03502;9525801YH4792N0001UW;7;4;477.00;30/11/2017;-0.138740;38.566534
CV-VUT0323458-A;UR PLANET EL, 1C, Es:T Pl:OD Pt:OS;03502;9525849YH4792S0001OP;8;4;355.00;24/12/2020;-0.133999;38.562543
CV-VUT0450996-A;AV ALCOI, 11, Es:1 Pl:01 Pt:P;03503;0794505YH5609S0004EA;6;3;116.00;04/11/2016;-0.124154;38.536006
CV-VUT0463613-A;AV ALCOI, 11, Es:1 Pl:02 Pt:L;03503;0794505YH5609S0005RS;7;4;116.00;09/02/2018;-0.124154;38.536006
CV-VUT0459965-A;AV ALCOI, 11, Es:1 Pl:04 Pt:P;03503;0794505YH5609S0010YF;3;2;116.00;20/11/2017;-0.124154;38.536006
CV-VUT0480643-A;AV ALCOI, 11, Es:1 Pl:06 Pt:L;03503;0794505YH5609S0013OJ;6;3;116.00;17/01/2020;-0.124154;38.536006
CV-VUT0513353-A;AV ALCOI, 11, Es:1 Pl:07 Pt:L;03503;0794505YH5609S0015AL;6;3;116.00;16/12/2024;-0.124154;38.536006
CV-VUT0483843-A;AV ALCOI, 11, Es:1 Pl:10 Pt:L;03503;0794505YH5609S0021FX;6;3;116.00;23/10/2020;-0.124154;38.536006
CV-VUT0323411-A;AV ALCOI, 13, Es:1 Pl:07 Pt:B;03503;0994301YH5609S0075HG;4;2;135.00;31/08/2020;-0.123186;38.536048
CV-VUT0322981-A;AV ALCOI, 13, Es:1 Pl:09 Pt:C;03503;0994301YH5609S0082BL;8;4;197.00;30/04/2019;-0.123186;38.536048
CV-VUT0321874-A;AV ALCOI, 13, Es:1 Pl:18 Pt:A;03503;0994301YH5609S0107KJ;8;4;253.00;22/03/2016;-0.123186;38.536048
CV-VUT0323098-A;AV ALCOI, 13, Es:1 Pl:18 Pt:C;03503;0994301YH5609S0109BL;8;4;197.00;07/08/2019;-0.123186;38.536048
CV-VUT0322153-A;AV ALCOI, 13, Es:1 Pl:20 Pt:B;03503;0994301YH5609S0114XZ;2;1;135.00;04/05/2017;-0.123186;38.536048
CV-VUT0479669-A;AV ALCOI, 13, Es:1 Pl:21 Pt:A;03503;0994301YH5609S0116QM;6;3;253.00;13/11/2019;-0.123186;38.536048
CV-VUT0482959-A;AV ALCOI, 15, Es:1 Pl:02 Pt:01;03503;0994303YH5609S0005IS;6;3;100.00;17/08/2020;-0.122117;38.536082
CV-VUT0482834-A;AV ALCOI, 15, Es:1 Pl:02 Pt:02;03503;0994303YH5609S0006OD;4;2;101.00;03/08/2020;-0.122117;38.536082
CV-VUT0323976-A;AV ALCOI, 15, Es:2 Pl:+1 Pt:02;03503;0994303YH5609S0023BQ;6;3;60.00;16/05/2023;-0.122117;38.536082
CV-VUT0321760-A;AV ALCOI, 15, Es:3 Pl:+1 Pt:01;03503;0994303YH5609S0034TO;4;2;60.00;18/06/2015;-0.122117;38.536082
CV-VUT0323346-A;AV ALCOI, 15, Es:4 Pl:+1 Pt:01;03503;0994303YH5609S0045DJ;4;2;60.00;23/06/2020;-0.122117;38.536082
CV-VUT0323483-A;AV ALCOI, 15, Es:5 Pl:+1 Pt:01;03503;0994303YH5609S0057XE;4;2;60.00;13/04/2021;-0.122117;38.536082
CV-VUT0323935-A;AV ALCOI, 15, Es:5 Pl:+1 Pt:02;03503;0994303YH5609S0058MR;6;3;60.00;26/03/2023;-0.122117;38.536082
CV-VUT0323144-A;AV ALCOI, 15, Es:5 Pl:01 Pt:01;03503;0994303YH5609S0049JZ;6;3;101.00;16/10/2019;-0.122117;38.536082
CV-VUT0324128-A;AV ALCOI, 15, Es:6 Pl:04 Pt:01;03503;0994303YH5609S0067YP;6;3;59.00;12/11/2023;-0.122117;38.536082
CV-VUT0321179-A;AV ALCOI, 16, Es:1 Pl:01 Pt:A;03503;1094201YH5609S0004QA;4;2;88.00;03/08/2010;-0.121808;38.536109
CV-VUT0443367-A;AV ALCOI, 16, Es:1 Pl:02 Pt:E;03503;1094201YH5609S0013UJ;2;1;52.00;09/06/2015;-0.121808;38.536109
CV-VUT0471666-A;AV ALCOI, 16, Es:1 Pl:02 Pt:F;03503;1094201YH5609S0014IK;4;2;88.00;07/11/2018;-0.121808;38.536109
CV-VUT0476338-A;AV ALCOI, 16, Es:1 Pl:03 Pt:E;03503;1094201YH5609S0019DM;2;1;52.00;03/06/2019;-0.121808;38.536109
CV-VUT0476095-A;AV ALCOI, 16, Es:1 Pl:07 Pt:B;03503;1094201YH5609S0040WS;4;2;52.00;23/05/2019;-0.121808;38.536109
CV-VUT0320712-A;AV ALCOI, 16, Es:1 Pl:09 Pt:D;03503;1094201YH5609S0054DM;4;2;80.00;23/11/2007;-0.121808;38.536109
CV-VUT0320713-A;AV ALCOI, 16, Es:1 Pl:09 Pt:E;03503;1094201YH5609S0055FQ;2;1;52.00;23/11/2007;-0.121808;38.536109
CV-VUT0472992-A;AV ALCOI, 16, Es:1 Pl:10 Pt:A;03503;1094201YH5609S0057HE;6;3;88.00;07/01/2019;-0.121808;38.536109
CV-VUT0320386-A;AV ALCOI, 16, Es:1 Pl:11 Pt:B;03503;1094201YH5609S0064BU;2;1;52.00;22/12/2005;-0.121808;38.536109
CV-VUT0322158-A;AV ALCOI, 16, Es:1 Pl:12 Pt:B;03503;1094201YH5609S0070MP;2;1;52.00;09/05/2017;-0.121808;38.536109
CV-VUT0322927-A;AV ALCOI, 16, Es:1 Pl:13 Pt:D;03503;1094201YH5609S0078IK;4;2;80.00;13/02/2019;-0.121808;38.536109
CV-VUT0461360-A;AV ALCOI, 16, Es:1 Pl:14 Pt:B;03503;1094201YH5609S0082OL;2;1;52.00;15/12/2017;-0.121808;38.536109
CV-VUT0322736-A;AV ALCOI, 16, Es:1 Pl:17 Pt:B;03503;1094201YH5609S0100MP;2;1;52.00;04/07/2018;-0.121808;38.536109
CV-VUT0323905-A;AV ALCOI, 16, Es:1 Pl:17 Pt:E;03503;1094201YH5609S0103ED;2;1;52.00;02/02/2023;-0.121808;38.536109
CV-VUT0458660-A;AV ALCOI, 16, Es:1 Pl:18 Pt:B;03503;1094201YH5609S0106YH;2;1;48.00;21/09/2017;-0.121808;38.536109
CV-VUT0462106-A;AV ALCOI, 16, Es:1 Pl:18 Pt:D;03503;1094201YH5609S0108IK;4;2;63.00;28/12/2017;-0.121808;38.536109
CV-VUT0504864-A;AV ALCOI, 17, Es:1 Pl:02 Pt:05;03503;1094202YH5619S0012GB;4;2;42.00;29/01/2024;-0.121291;38.536012
CV-VUT0324099-A;AV ALCOI, 17, Es:1 Pl:05 Pt:02;03503;1094202YH5619S0021ZE;2;1;70.00;13/10/2023;-0.121291;38.536012
CV-VUT0320714-A;AV ALCOI, 17, Es:1 Pl:06 Pt:02;03503;1094202YH5619S0026EI;2;1;70.00;26/11/2007;-0.121291;38.536012
CV-VUT0320818-A;AV ALCOI, 17, Es:1 Pl:06 Pt:03;03503;1094202YH5619S0027RO;2;1;27.00;30/10/2008;-0.121291;38.536012
CV-VUT0322442-A;AV ALCOI, 17, Es:1 Pl:08 Pt:04;03503;1094202YH5619S0037AH;2;1;42.00;05/03/2018;-0.121291;38.536012
CV-VUT0490645-A;AV ALCOI, 17, Es:1 Pl:09 Pt:03;03503;1094202YH5619S0041SJ;2;1;27.00;07/06/2022;-0.121291;38.536012
CV-VUT0318630-A;AV ALCOI, 17, Es:1 Pl:11 Pt:01;03503;1094202YH5619S0048LQ;2;1;70.00;03/08/2000;-0.121291;38.536012
CV-VUT0443293-A;AV ALCOI, 17, Es:1 Pl:12 Pt:04;03503;1094202YH5619S0056QY;4;2;42.00;04/06/2015;-0.121291;38.536012
CV-VUT0323680-A;AV ALCOI, 17, Es:1 Pl:14 Pt:01;03503;1094202YH5619S0062RO;4;2;70.00;27/04/2022;-0.121291;38.536012
CV-VUT0516757-A;AV ALCOI, 17, Es:1 Pl:14 Pt:04;03503;1094202YH5619S0065US;2;0;42.00;28/05/2025;-0.121291;38.536012
CV-VUT0319993-A;AV ALCOI, 17, Es:1 Pl:15 Pt:01;03503;1094202YH5619S0067OF;2;1;70.00;27/04/2004;-0.121291;38.536012
CV-VUT0324001-A;AV ALCOI, 17, Es:1 Pl:17 Pt:01;03503;1094202YH5619S0077HZ;2;1;70.00;01/06/2023;-0.121291;38.536012
CV-VUT0323892-A;AV ALCOI, 2, Es:A Pl:05 Pt:C;03503;0594102YH560950047UX;2;1;92.00;18/01/2023;-0.127707;38.536177
CV-VUT0324093-A;AV ALCOI, 2, Es:A Pl:06 Pt:C;03503;0594102YH560950050UX;4;2;92.00;13/10/2023;-0.127707;38.536177
CV-VUT0323387-A;AV ALCOI, 2, Es:B Pl:01 Pt:B;03503;0594102YH560950053PW;6;3;107.00;19/08/2020;-0.127707;38.536177
CV-VUT0455199-A;AV ALCOI, 2, Es:B Pl:02 Pt:A;03503;0594102YH560950054AE;6;3;79.00;09/05/2017;-0.127707;38.536177
CV-VUT0443043-A;AV ALCOI, 2, Es:B Pl:04 Pt:A;03503;0594102YH560950058GU;4;2;79.00;19/05/2015;-0.127707;38.536177
CV-VUT0324225-A;AV ALCOI, 2, Es:B Pl:06 Pt:A;03503;0594102YH560950062HI;4;2;79.00;26/02/2024;-0.127707;38.536177
CV-VUT0324221-A;AV ALCOI, 2, Es:C Pl:05 Pt:A;03503;0594102YH560950072MG;6;3;94.00;26/02/2024;-0.127707;38.536177
CV-VUT0324262-A;AV ALCOI, 2, Es:C Pl:06 Pt:B;03503;0594102YH560950075EK;6;3;79.00;09/04/2024;-0.127707;38.536177
CV-VUT0471953-A;AV ALCOI, 2, Es:D Pl:01 Pt:A;03503;0594102YH560950076RL;6;3;84.00;19/11/2018;-0.127707;38.536177
CV-VUT0324096-A;AV ALCOI, 2, Es:D Pl:04 Pt:C;03503;0594102YH560950087SR;2;1;80.00;13/10/2023;-0.127707;38.536177
CV-VUT0321812-A;AV ALCOI, 2, Es:D Pl:06 Pt:C;03503;0594102YH560950093GU;4;2;80.00;07/08/2015;-0.127707;38.536177
CV-VUT0464237-A;AV ALCOI, 6, Es:1 Pl:01 Pt:04;03503;0694405YH5609S0014FK;8;4;83.00;28/02/2018;-0.125905;38.535861
CV-VUT0324192-A;AV ALCOI, 6, Es:1 Pl:01 Pt:05;03503;0694405YH5609S0015GL;4;2;87.00;14/02/2024;-0.125905;38.535861
CV-VUT0460306-A;AV ALCOI, 6, Es:1 Pl:02 Pt:04;03503;0694405YH5609S0020JZ;7;4;127.00;24/11/2017;-0.125905;38.535861
CV-VUT0457399-A;AV ALCOI, 6, Es:1 Pl:04 Pt:02;03503;0694405YH5609S0024ZW;6;3;127.00;21/07/2017;-0.125905;38.535861
CV-VUT0460963-A;AV ALCOI, 6, Es:1 Pl:04 Pt:04;03503;0694405YH5609S0026MR;6;3;127.00;04/12/2017;-0.125905;38.535861
CV-VUT0517526-A;AV ALCOI, 6, Es:1 Pl:06 Pt:06;03503;0694405YH5609S0034TO;8;4;131.00;02/07/2025;-0.125905;38.535861
CV-VUT0492089-A;AV ALCOI, 6, Es:1 Pl:08 Pt:01;03503;0694405YH5609S0035YP;6;3;127.00;05/09/2022;-0.125905;38.535861
CV-VUT0457734-A;AV ALCOI, 6, Es:1 Pl:08 Pt:03;03503;0694405YH5609S0037IS;4;2;127.00;02/05/2017;-0.125905;38.535861
CV-VUT0444860-A;AV ALCOI, 6, Es:1 Pl:10 Pt:03;03503;0694405YH5609S0043AG;4;2;83.00;23/11/2015;-0.125905;38.535861
CV-VUT0442151-A;AV ALCOI, 6, Es:1 Pl:10 Pt:05;03503;0694405YH5609S0045DJ;6;3;87.00;06/03/2015;-0.125905;38.535861
CV-VUT0518858-A;AV ALCOI, 6, Es:1 Pl:11 Pt:06;03503;0694405YH5609S0052JZ;6;3;87.00;28/10/2025;-0.125905;38.535861
CV-VUT0512204-A;AV ALCOI, 6, Es:1 Pl:12 Pt:01;03503;0694405YH5609S0053KX;4;2;83.00;18/10/2024;-0.125905;38.535861
CV-VUT0487685-A;AV ALCOI, 6, Es:1 Pl:12 Pt:03;03503;0694405YH5609S0055BQ;4;2;83.00;22/10/2021;-0.125905;38.535861
CV-VUT0443204-A;AV ALCOI, 6, Es:1 Pl:12 Pt:06;03503;0694405YH5609S0058MR;6;3;87.00;26/05/2015;-0.125905;38.535861
CV-VUT0466019-A;AV ALCOI, 6, Es:1 Pl:13 Pt:04;03503;0694405YH5609S0062QT;6;3;83.00;25/04/2018;-0.125905;38.535861
CV-VUT0318074-A;AV ALCOI, 6, Es:1 Pl:14 Pt:04;03503;0694405YH5609S0068UA;4;2;83.00;22/04/1999;-0.125905;38.535861
CV-VUT0514962-A;AV ALCOI, 6, Es:1 Pl:14 Pt:05;03503;0694405YH5609S0069IS;3;2;87.00;06/03/2025;-0.125905;38.535861
CV-VUT0443366-A;AV ALCOI, 6, Es:1 Pl:14 Pt:06;03503;0694405YH5609S0070YP;4;2;87.00;09/06/2015;-0.125905;38.535861
CV-VUT0515002-A;AV ALCOI, 6, Es:1 Pl:15 Pt:05;03503;0694405YH5609S0075AG;2;1;87.00;06/03/2025;-0.125905;38.535861
CV-VUT0487359-A;AV ALMERIA, 2, Es:A Pl:02 Pt:A;03503;1893501YH5619S0007HK;4;2;87.00;02/09/2021;-0.113115;38.535566
CV-VUT0519257-A;AV ALMERIA, 2, Es:A Pl:02 Pt:B;03503;1893501YH5619S0008JL;6;3;99.00;26/11/2025;-0.113115;38.535566
CV-VUT0496328-A;AV ALMERIA, 2, Es:A Pl:04 Pt:A;03503;1893501YH5619S0013LZ;4;3;87.00;20/02/2023;-0.113115;38.535566
CV-VUT0444579-A;AV ALMERIA, 2, Es:A Pl:05 Pt:A;03503;1893501YH5619S0016XQ;4;2;87.00;26/10/2015;-0.113115;38.535566
CV-VUT0465193-A;AV ALMERIA, 2, Es:A Pl:05 Pt:B;03503;1893501YH5619S0017MW;6;3;99.00;09/04/2018;-0.113115;38.535566
CV-VUT0321570-A;AV ALMERIA, 2, Es:A Pl:05 Pt:C;03503;1893501YH5619S0018QE;6;3;92.00;24/04/2013;-0.113115;38.535566
CV-VUT0470800-A;AV ALMERIA, 2, Es:A Pl:06 Pt:A;03503;1893501YH5619S0019WR;2;1;73.00;24/09/2018;-0.113115;38.535566
CV-VUT0513388-A;AV ALMERIA, 2, Es:B Pl:02 Pt:A;03503;1893501YH5619S0026YI;6;3;92.00;17/12/2024;-0.113115;38.535566
CV-VUT0470991-A;AV ALMERIA, 2, Es:B Pl:04 Pt:B;03503;1893501YH5619S0031IP;8;4;92.00;04/10/2018;-0.113115;38.535566
CV-VUT0514099-A;AV ALMERIA, 2, Es:B Pl:05 Pt:B;03503;1893501YH5619S0033PS;7;4;92.00;07/02/2025;-0.113115;38.535566
CV-VUT0494528-A;AV ALMERIA, 2, Es:B Pl:06 Pt:A;03503;1893501YH5619S0034AD;5;3;77.00;11/01/2023;-0.113115;38.535566
CV-VUT0516069-A;AV ALMERIA, 2, Es:B Pl:06 Pt:B;03503;1893501YH5619S0035SF;6;3;77.00;22/04/2025;-0.113115;38.535566
CV-VUT0502281-A;AV ALMERIA, 2, Es:C Pl:01 Pt:A;03503;1893501YH5619S0038GJ;6;3;92.00;11/10/2023;-0.113115;38.535566
CV-VUT0458780-A;AV ALMERIA, 2, Es:C Pl:05 Pt:B;03503;1893501YH5619S0047ZM;6;3;102.00;04/05/2017;-0.113115;38.535566
CV-VUT0485322-A;AV ALMERIA, 2, Es:C Pl:06 Pt:B;03503;1893501YH5619S0049MW;2;1;81.00;10/03/2021;-0.113115;38.535566
CV-VUT0522129-A;AV ALMERIA, 5, Es:1 Pl:01 Pt:A;03503;1796102YH5619N0002RT;4;2;47.00;03/07/2026;-0.113194;38.537296
CV-VUT0522140-A;AV ALMERIA, 5, Es:1 Pl:01 Pt:C;03503;1796102YH5619N0004YU;2;1;47.00;06/07/2026;-0.113194;38.537296
CV-VUT0487283-A;AV ALMERIA, 5, Es:1 Pl:01 Pt:E;03503;1796102YH5619N0006IO;4;2;48.00;23/08/2021;-0.113194;38.537296
CV-VUT0039347-A;AV ALMERIA, 5, Es:1 Pl:02 Pt:C;03503;1796102YH5619N0009AS;2;1;47.00;27/10/1994;-0.113194;38.537296
CV-VUT0515097-A;AV ALMERIA, 5, Es:1 Pl:02 Pt:E;03503;1796102YH5619N0011PA;4;2;48.00;18/03/2025;-0.113194;38.537296
CV-VUT0515104-A;AV ALMERIA, 5, Es:1 Pl:03 Pt:A;03503;1796102YH5619N0012AS;4;2;48.00;18/03/2025;-0.113194;38.537296
CV-VUT0515352-A;AV ALMERIA, 5, Es:1 Pl:03 Pt:D;03503;1796102YH5619N0015FG;2;1;48.00;26/03/2025;-0.113194;38.537296
CV-VUT0515106-A;AV ALMERIA, 5, Es:1 Pl:04 Pt:D;03503;1796102YH5619N0020HJ;4;2;48.00;18/03/2025;-0.113194;38.537296
CV-VUT0465540-A;AV ALMERIA, 5, Es:1 Pl:05 Pt:A;03503;1796102YH5619N0022KL;5;3;48.00;16/04/2018;-0.113194;38.537296
CV-VUT0464070-A;AV ALMERIA, 5, Es:1 Pl:05 Pt:B;03503;1796102YH5619N0023LB;2;1;48.00;23/02/2018;-0.113194;38.537296
CV-VUT0484481-A;AV ALMERIA, 5, Es:1 Pl:05 Pt:C;03503;1796102YH5619N0024BZ;2;1;48.00;14/12/2020;-0.113194;38.537296
CV-VUT0515108-A;AV ALMERIA, 5, Es:1 Pl:05 Pt:E;03503;1796102YH5619N0026XM;4;2;48.00;18/03/2025;-0.113194;38.537296
CV-VUT0322078-A;AV ALMERIA, 5, Es:1 Pl:06 Pt:A;03503;1796102YH5619N0027MQ;4;2;48.00;08/12/2016;-0.113194;38.537296
CV-VUT0467852-A;AV ALMERIA, 5, Es:1 Pl:06 Pt:D;03503;1796102YH5619N0030MQ;2;1;48.00;05/06/2018;-0.113194;38.537296
CV-VUT0515198-A;AV ALMERIA, 5, Es:1 Pl:07 Pt:A;03503;1796102YH5619N0032WE;4;2;48.00;21/03/2025;-0.113194;38.537296
CV-VUT0515200-A;AV ALMERIA, 5, Es:1 Pl:07 Pt:B;03503;1796102YH5619N0033ER;2;1;48.00;21/03/2025;-0.113194;38.537296
CV-VUT0039326-A;AV ALMERIA, 5, Es:1 Pl:07 Pt:C;03503;1796102YH5619N0034RT;2;1;47.00;27/10/1994;-0.113194;38.537296
CV-VUT0480578-A;AV ALMERIA, 5, Es:1 Pl:07 Pt:E;03503;1796102YH5619N0036YU;5;3;48.00;14/01/2020;-0.113194;38.537296
CV-VUT0472728-A;AV ALMERIA, 5, Es:1 Pl:08 Pt:A;03503;1796102YH5619N0037UI;6;3;48.00;19/12/2018;-0.113194;38.537296
CV-VUT0462495-A;AV ALMERIA, 5, Es:1 Pl:08 Pt:B;03503;1796102YH5619N0038IO;4;2;48.00;10/01/2018;-0.113194;38.537296
CV-VUT0515185-A;AV ALMERIA, 5, Es:1 Pl:08 Pt:C;03503;1796102YH5619N0039OP;2;1;48.00;21/03/2025;-0.113194;38.537296
CV-VUT0464071-A;AV ALMERIA, 5, Es:1 Pl:09 Pt:C;03503;1796102YH5619N0044AS;2;1;48.00;23/02/2018;-0.113194;38.537296
CV-VUT0458514-A;AV ALMERIA, 5, Es:1 Pl:11 Pt:E;03503;1796102YH5619N1062ZX;4;2;60.00;18/09/2017;-0.113194;38.537296
CV-VUT0493520-A;AV ALMIRALL BERNAT DE SARRIA, 6, Es:1 Pl:04 Pt:D;03503;1997621YH5619N0031SW;2;1;78.00;22/11/2022;-0.111399;38.540454
CV-VUT0476379-A;AV ALMIRALL BERNAT DE SARRIA, 6, Es:1 Pl:07 Pt:D;03503;1997621YH5619N0046QF;4;2;78.00;04/06/2019;-0.111399;38.540454
CV-VUT0511233-A;AV ALMIRALL BERNAT DE SARRIA, 6, Es:1 Pl:13 Pt:D;03503;1997621YH5619N0076XS;2;1;78.00;08/09/2024;-0.111399;38.540454
CV-VUT0509540-A;AV ALMIRALL BERNAT DE SARRIA, 6, Es:1 Pl:14 Pt:B;03503;1997621YH5619N0079WG;2;1;76.00;20/06/2024;-0.111399;38.540454
CV-VUT0323279-A;AV ALMIRALL BERNAT DE SARRIA, 6, Es:1 Pl:17 Pt:B;03503;1997621YH5619N0094AQ;2;1;76.00;22/01/2020;-0.111399;38.540454
CV-VUT0320719-A;AV ALMIRALL BERNAT DE SARRIA, 6, Es:1 Pl:17 Pt:E;03503;1997621YH5619N0097FR;4;2;119.00;17/01/2008;-0.111399;38.540454
CV-VUT0453322-A;AV ALMIRALL BERNAT DE SARRIA, 8 Bl:8 Pl:14 Pt:D;03503;2298711YH5719N0078HL;2;1;;01/03/2017;-0.110751;38.540485
CV-VUT0460465-A;AV ALMIRALL BERNAT DE SARRIA, 8, Es:1 Pl:02 Pt:B;03503;2298711YH5719N0004OS;4;2;63.00;27/11/2017;-0.110751;38.540485
CV-VUT0465598-A;AV ALMIRALL BERNAT DE SARRIA, 8, Es:1 Pl:03 Pt:E;03503;2298711YH5719N0013GK;2;1;63.00;17/04/2018;-0.110751;38.540485
CV-VUT0035480-A;AV ALMIRALL BERNAT DE SARRIA, 8, Es:1 Pl:05 Pt:F;03503;2298711YH5719N0026WT;2;1;64.00;07/04/1994;-0.110751;38.540485
CV-VUT0486492-A;AV ALMIRALL BERNAT DE SARRIA, 8, Es:1 Pl:06 Pt:D;03503;2298711YH5719N0030EY;4;2;63.00;10/06/2021;-0.110751;38.540485
CV-VUT0477630-A;AV ALMIRALL BERNAT DE SARRIA, 8, Es:1 Pl:07 Pt:C;03503;2298711YH5719N0035IA;2;1;63.00;18/07/2019;-0.110751;38.540485
CV-VUT0035520-A;AV ALMIRALL BERNAT DE SARRIA, 8, Es:1 Pl:10 Pt:C;03503;2298711YH5719N0053BM;2;1;63.00;07/04/1994;-0.110751;38.540485
CV-VUT0513004-A;AV ALMIRALL BERNAT DE SARRIA, 8, Es:1 Pl:10 Pt:D;03503;2298711YH5719N0054ZQ;2;1;63.00;25/11/2024;-0.110751;38.540485
CV-VUT0510507-A;AV ALMIRALL BERNAT DE SARRIA, 8, Es:1 Pl:10 Pt:F;03503;2298711YH5719N0056ME;2;1;64.00;24/07/2024;-0.110751;38.540485
CV-VUT0464343-A;AV ALMIRALL BERNAT DE SARRIA, 8, Es:1 Pl:11 Pt:C;03503;2298711YH5719N0059EY;2;1;63.00;05/03/2018;-0.110751;38.540485
CV-VUT0460431-A;AV ALMIRALL BERNAT DE SARRIA, 8, Es:1 Pl:14 Pt:A;03503;2298711YH5719N0075DH;4;2;64.00;27/11/2017;-0.110751;38.540485
CV-VUT0323440-A;AV ALMIRALL BERNAT DE SARRIA, 8, Es:1 Pl:14 Pt:F;03503;2298711YH5719N0080GK;2;1;64.00;07/11/2020;-0.110751;38.540485
CV-VUT0504946-A;AV ALMIRALL BERNAT DE SARRIA, 8, Es:1 Pl:16 Pt:B;03503;2298711YH5719N0088ME;2;1;63.00;31/01/2024;-0.110751;38.540485
CV-VUT0457659-A;AV ALMIRALL BERNAT DE SARRIA, 8, Es:1 Pl:16 Pt:C;03503;2298711YH5719N0089QR;2;1;63.00;31/07/2017;-0.110751;38.540485
CV-VUT0458478-A;AV ALMIRALL BERNAT DE SARRIA, 8, Es:1 Pl:17 Pt:B;03503;2298711YH5719N0094EY;4;2;63.00;14/09/2017;-0.110751;38.540485
CV-VUT0458477-A;AV ALMIRALL BERNAT DE SARRIA, 8, Es:1 Pl:18 Pt:D;03503;2298711YH5719N0102PD;4;2;63.00;14/09/2017;-0.110751;38.540485
CV-VUT0520961-A;AV ALMIRALL BERNAT DE SARRIA, 8, Es:1 Pl:20 Pt:F;03503;2298711YH5719N0116ZQ;2;1;64.00;23/02/2026;-0.110751;38.540485
CV-VUT0485417-A;AV ALMIRALL BERNAT DE SARRIA, 8, Es:1 Pl:21 Pt:D;03503;2298711YH5719N0120XW;2;1;63.00;18/03/2021;-0.110751;38.540485
CV-VUT0482873-A;AV ALMIRALL BERNAT DE SARRIA, 8, Es:1 Pl:22 Pt:B;03503;2298711YH5719N0124EY;2;1;63.00;06/08/2020;-0.110751;38.540485
CV-VUT0485418-A;AV ALMIRALL BERNAT DE SARRIA, 8, Es:1 Pl:23 Pt:B;03503;2298711YH5719N0130YO;2;1;63.00;18/03/2021;-0.110751;38.540485
CV-VUT0485419-A;AV ALMIRALL BERNAT DE SARRIA, 8, Es:1 Pl:23 Pt:F;03503;2298711YH5719N0134PD;2;1;64.00;18/03/2021;-0.110751;38.540485
CV-VUT0477633-A;AV ALMIRALL BERNAT DE SARRIA, 8, Es:1 Pl:24 Pt:A;03503;2298711YH5719N0135AF;2;1;64.00;18/07/2019;-0.110751;38.540485
CV-VUT0488352-A;AV AMETLLA DE MAR, 10, Es:2 Pl:02 Pt:06;03503;2394308YH5629S0006DZ;4;2;72.00;25/01/2022;-0.107069;38.535380
CV-VUT0491233-A;AV AMETLLA DE MAR, 13, Es:1 Pl:02 Pt:01;03503;2298719YH5629N0017XZ;5;3;96.00;06/07/2022;-0.106782;38.537598
CV-VUT0487730-A;AV AMETLLA DE MAR, 13, Es:1 Pl:02 Pt:04;03503;2298719YH5629N0019QM;2;1;32.00;28/10/2021;-0.106782;38.537598
CV-VUT0504777-A;AV AMETLLA DE MAR, 13, Es:1 Pl:02 Pt:05;03503;2298719YH5629N0020XZ;2;1;32.00;17/01/2024;-0.106782;38.537598
CV-VUT0463718-A;AV AMETLLA DE MAR, 13, Es:1 Pl:05 Pt:03;03503;2298719YH5629N0033OI;4;2;44.00;13/02/2018;-0.106782;38.537598
CV-VUT0031263-A;AV AMETLLA DE MAR, 13, Es:1 Pl:05 Pt:04;03503;2298719YH5629N0034PO;2;1;63.00;15/12/1993;-0.106782;38.537598
CV-VUT0031262-A;AV AMETLLA DE MAR, 13, Es:1 Pl:05 Pt:05;03503;2298719YH5629N3501KJ;2;1;20.00;15/12/1993;-0.106782;38.537598
CV-VUT0320748-A;AV AMETLLA DE MAR, 13, Es:1 Pl:05 Pt:06;03503;2298719YH5629N0035AP;2;1;44.00;23/06/2008;-0.106782;38.537598
CV-VUT0320747-A;AV AMETLLA DE MAR, 13, Es:1 Pl:06 Pt:04;03503;2298719YH5629N0040DS;2;1;32.00;23/06/2008;-0.106782;38.537598
CV-VUT0466135-A;AV AMETLLA DE MAR, 13, Es:1 Pl:06 Pt:08;03503;2298719YH5629N0060RE;4;2;43.00;27/04/2018;-0.106782;38.537598
CV-VUT0323192-A;AV AMETLLA DE MAR, 13, Es:1 Pl:07 Pt:01;03503;2298719YH5629N0044JH;4;2;96.00;28/10/2019;-0.106782;38.537598
CV-VUT0457696-A;AV AMETLLA DE MAR, 14, Es:1 Pl:03 Pt:A;03503;2394904YH5629N0009RH;4;2;70.00;31/07/2017;-0.106663;38.536350
CV-VUT0322619-A;AV AMETLLA DE MAR, 14, Es:1 Pl:04 Pt:A;03503;2394904YH5629N0012RH;4;2;70.00;31/05/2018;-0.106663;38.536350
CV-VUT0319881-A;AV AMETLLA DE MAR, 17, Es:1 Pl:01 Pt:B;03503;2298703YH5629N0028TY;2;1;64.00;21/08/2003;-0.106848;38.538777
CV-VUT0319882-A;AV AMETLLA DE MAR, 17, Es:1 Pl:01 Pt:C;03503;2298703YH5629N0029YU;2;1;62.00;21/08/2003;-0.106848;38.538777
CV-VUT0319883-A;AV AMETLLA DE MAR, 17, Es:1 Pl:01 Pt:D;03503;2298703YH5629N0030RT;2;1;62.00;21/08/2003;-0.106848;38.538777
CV-VUT0319884-A;AV AMETLLA DE MAR, 17, Es:1 Pl:01 Pt:E;03503;2298703YH5629N0031TY;2;1;64.00;21/08/2003;-0.106848;38.538777
CV-VUT0319826-A;AV AMETLLA DE MAR, 17, Es:1 Pl:01 Pt:F;03503;2298703YH5629N0032YU;4;2;107.00;21/08/2003;-0.106848;38.538777
CV-VUT0319827-A;AV AMETLLA DE MAR, 17, Es:1 Pl:02 Pt:A;03503;2298703YH5629N0033UI;4;2;107.00;21/08/2003;-0.106848;38.538777
CV-VUT0319885-A;AV AMETLLA DE MAR, 17, Es:1 Pl:02 Pt:B;03503;2298703YH5629N0034IO;2;1;64.00;21/08/2003;-0.106848;38.538777
CV-VUT0319886-A;AV AMETLLA DE MAR, 17, Es:1 Pl:02 Pt:C;03503;2298703YH5629N0035OP;2;1;62.00;21/08/2003;-0.106848;38.538777
CV-VUT0319887-A;AV AMETLLA DE MAR, 17, Es:1 Pl:02 Pt:D;03503;2298703YH5629N0036PA;2;1;62.00;21/08/2003;-0.106848;38.538777
CV-VUT0319888-A;AV AMETLLA DE MAR, 17, Es:1 Pl:02 Pt:E;03503;2298703YH5629N0037AS;2;1;64.00;21/08/2003;-0.106848;38.538777
CV-VUT0319828-A;AV AMETLLA DE MAR, 17, Es:1 Pl:02 Pt:F;03503;2298703YH5629N0038SD;4;2;107.00;21/08/2003;-0.106848;38.538777
CV-VUT0319829-A;AV AMETLLA DE MAR, 17, Es:1 Pl:03 Pt:A;03503;2298703YH5629N0039DF;4;2;107.00;21/08/2003;-0.106848;38.538777
CV-VUT0319889-A;AV AMETLLA DE MAR, 17, Es:1 Pl:03 Pt:B;03503;2298703YH5629N0040AS;2;1;64.00;21/08/2003;-0.106848;38.538777
CV-VUT0319890-A;AV AMETLLA DE MAR, 17, Es:1 Pl:03 Pt:C;03503;2298703YH5629N0041SD;2;1;62.00;21/08/2003;-0.106848;38.538777
CV-VUT0319891-A;AV AMETLLA DE MAR, 17, Es:1 Pl:03 Pt:D;03503;2298703YH5629N0042DF;2;1;62.00;21/08/2003;-0.106848;38.538777
CV-VUT0319892-A;AV AMETLLA DE MAR, 17, Es:1 Pl:03 Pt:E;03503;2298703YH5629N0043FG;2;1;64.00;21/08/2003;-0.106848;38.538777
CV-VUT0319830-A;AV AMETLLA DE MAR, 17, Es:1 Pl:03 Pt:F;03503;2298703YH5629N0044GH;4;2;107.00;21/08/2003;-0.106848;38.538777
CV-VUT0319831-A;AV AMETLLA DE MAR, 17, Es:1 Pl:04 Pt:A;03503;2298703YH5629N0045HJ;4;2;107.00;21/08/2003;-0.106848;38.538777
CV-VUT0319893-A;AV AMETLLA DE MAR, 17, Es:1 Pl:04 Pt:B;03503;2298703YH5629N0046JK;2;1;64.00;21/08/2003;-0.106848;38.538777
CV-VUT0319770-A;AV AMETLLA DE MAR, 17, Es:1 Pl:04 Pt:C;03503;2298703YH5629N0047KL;2;1;62.00;07/07/2003;-0.106848;38.538777
CV-VUT0319894-A;AV AMETLLA DE MAR, 17, Es:1 Pl:04 Pt:E;03503;2298703YH5629N0049BZ;2;1;64.00;21/08/2003;-0.106848;38.538777
CV-VUT0319832-A;AV AMETLLA DE MAR, 17, Es:1 Pl:04 Pt:F;03503;2298703YH5629N0050KL;4;2;107.00;21/08/2003;-0.106848;38.538777
CV-VUT0319896-A;AV AMETLLA DE MAR, 17, Es:1 Pl:05 Pt:C;03503;2298703YH5629N0053ZX;2;1;62.00;21/08/2003;-0.106848;38.538777
CV-VUT0319897-A;AV AMETLLA DE MAR, 17, Es:1 Pl:05 Pt:D;03503;2298703YH5629N0054XM;2;1;62.00;21/08/2003;-0.106848;38.538777
CV-VUT0490549-A;AV AMETLLA DE MAR, 17, Es:1 Pl:06 Pt:E;03503;2298703YH5629N0061ER;4;2;64.00;03/06/2022;-0.106848;38.538777
CV-VUT0511058-A;AV AMETLLA DE MAR, 17, Es:1 Pl:07 Pt:B;03503;2298703YH5629N0064YU;2;1;64.00;27/08/2024;-0.106848;38.538777
CV-VUT0511057-A;AV AMETLLA DE MAR, 17, Es:1 Pl:07 Pt:C;03503;2298703YH5629N0065UI;2;1;62.00;27/08/2024;-0.106848;38.538777
CV-VUT0511056-A;AV AMETLLA DE MAR, 17, Es:1 Pl:07 Pt:D;03503;2298703YH5629N0066IO;2;1;62.00;27/08/2024;-0.106848;38.538777
CV-VUT0511059-A;AV AMETLLA DE MAR, 17, Es:1 Pl:07 Pt:E;03503;2298703YH5629N0067OP;2;1;64.00;27/08/2024;-0.106848;38.538777
CV-VUT0319898-A;AV AMETLLA DE MAR, 17, Es:1 Pl:08 Pt:E;03503;2298703YH5629N0073SD;2;1;64.00;21/08/2003;-0.106848;38.538777
CV-VUT0319899-A;AV AMETLLA DE MAR, 17, Es:1 Pl:09 Pt:B;03503;2298703YH5629N0076GH;3;2;64.00;21/08/2003;-0.106848;38.538777
CV-VUT0319900-A;AV AMETLLA DE MAR, 17, Es:1 Pl:09 Pt:C;03503;2298703YH5629N0077HJ;2;1;62.00;21/08/2003;-0.106848;38.538777
CV-VUT0319901-A;AV AMETLLA DE MAR, 17, Es:1 Pl:09 Pt:D;03503;2298703YH5629N0078JK;2;1;62.00;21/08/2003;-0.106848;38.538777
CV-VUT0319902-A;AV AMETLLA DE MAR, 17, Es:1 Pl:09 Pt:E;03503;2298703YH5629N0079KL;2;1;64.00;21/08/2003;-0.106848;38.538777
CV-VUT0319903-A;AV AMETLLA DE MAR, 17, Es:1 Pl:10 Pt:B;03503;2298703YH5629N0082KL;2;1;64.00;21/08/2003;-0.106848;38.538777
CV-VUT0319904-A;AV AMETLLA DE MAR, 17, Es:1 Pl:10 Pt:C;03503;2298703YH5629N0083LB;2;1;62.00;21/08/2003;-0.106848;38.538777
CV-VUT0319905-A;AV AMETLLA DE MAR, 17, Es:1 Pl:10 Pt:D;03503;2298703YH5629N0084BZ;2;1;62.00;21/08/2003;-0.106848;38.538777
CV-VUT0319906-A;AV AMETLLA DE MAR, 17, Es:1 Pl:10 Pt:E;03503;2298703YH5629N0085ZX;2;1;64.00;21/08/2003;-0.106848;38.538777
CV-VUT0319907-A;AV AMETLLA DE MAR, 17, Es:1 Pl:11 Pt:B;03503;2298703YH5629N0088QW;2;1;64.00;21/08/2003;-0.106848;38.538777
CV-VUT0319908-A;AV AMETLLA DE MAR, 17, Es:1 Pl:11 Pt:C;03503;2298703YH5629N0089WE;2;1;62.00;21/08/2003;-0.106848;38.538777
CV-VUT0319909-A;AV AMETLLA DE MAR, 17, Es:1 Pl:11 Pt:D;03503;2298703YH5629N0090MQ;2;1;62.00;21/08/2003;-0.106848;38.538777
CV-VUT0319910-A;AV AMETLLA DE MAR, 17, Es:1 Pl:11 Pt:E;03503;2298703YH5629N0091QW;2;1;64.00;21/08/2003;-0.106848;38.538777
CV-VUT0321864-A;AV AMETLLA DE MAR, 17, Es:1 Pl:12 Pt:C;03503;2298703YH5629N0095TY;2;1;62.00;10/03/2016;-0.106848;38.538777
CV-VUT0320796-A;AV AMETLLA DE MAR, 17, Es:1 Pl:12 Pt:D;03503;2298703YH5629N0096YU;2;1;62.00;13/07/2008;-0.106848;38.538777
CV-VUT0319772-A;AV AMETLLA DE MAR, 17, Es:1 Pl:13 Pt:E;03503;2298703YH5629N0103SD;2;1;64.00;09/07/2003;-0.106848;38.538777
CV-VUT0320439-A;AV AMETLLA DE MAR, 17, Es:1 Pl:14 Pt:C;03503;2298703YH5629N0107HJ;4;2;62.00;03/07/2006;-0.106848;38.538777
CV-VUT0320440-A;AV AMETLLA DE MAR, 17, Es:1 Pl:14 Pt:D;03503;2298703YH5629N0108JK;2;1;62.00;03/07/2006;-0.106848;38.538777
CV-VUT0320841-A;AV AMETLLA DE MAR, 17, Es:1 Pl:15 Pt:B;03503;2298703YH5629N0112KL;2;1;64.00;03/02/2009;-0.106848;38.538777
CV-VUT0320795-A;AV AMETLLA DE MAR, 17, Es:1 Pl:15 Pt:C;03503;2298703YH5629N0113LB;2;1;62.00;13/07/2008;-0.106848;38.538777
CV-VUT0320794-A;AV AMETLLA DE MAR, 17, Es:1 Pl:17 Pt:D;03503;2298703YH5629N0126YU;2;1;62.00;13/07/2008;-0.106848;38.538777
CV-VUT0322015-A;AV AMETLLA DE MAR, 17, Es:1 Pl:18 Pt:A;03503;2298703YH5629N0129OP;6;4;107.00;09/08/2016;-0.106848;38.538777
CV-VUT0522743-A;AV AMETLLA DE MAR, 17, Es:1 Pl:18 Pt:E;03503;2298703YH5629N0133PA;2;1;64.00;14/09/2026;-0.106848;38.538777
CV-VUT0319603-A;AV AMETLLA DE MAR, 17, Es:1 Pl:21 Pt:B;03503;2298703YH5629N0148XM;2;1;64.00;12/05/2003;-0.106848;38.538777
CV-VUT0319605-A;AV AMETLLA DE MAR, 17, Es:1 Pl:21 Pt:C;03503;2298703YH5629N0149MQ;2;1;62.00;12/05/2003;-0.106848;38.538777
CV-VUT0319604-A;AV AMETLLA DE MAR, 17, Es:1 Pl:21 Pt:D;03503;2298703YH5629N0150ZX;2;1;62.00;12/05/2003;-0.106848;38.538777
CV-VUT0319606-A;AV AMETLLA DE MAR, 17, Es:1 Pl:21 Pt:E;03503;2298703YH5629N0151XM;2;1;64.00;12/05/2003;-0.106848;38.538777
CV-VUT0320793-A;AV AMETLLA DE MAR, 17, Es:1 Pl:22 Pt:C;03503;2298703YH5629N0155ER;2;1;62.00;13/07/2008;-0.106848;38.538777
CV-VUT0321077-A;AV AMETLLA DE MAR, 17, Es:1 Pl:22 Pt:D;03503;2298703YH5629N0156RT;2;1;62.00;29/03/2010;-0.106848;38.538777
CV-VUT0515858-A;AV AMETLLA DE MAR, 17, Es:1 Pl:23 Pt:D;03503;2298703YH5629N0162UI;2;1;62.00;10/04/2025;-0.106848;38.538777
CV-VUT0319567-A;AV AMETLLA DE MAR, 17, Es:1 Pl:23 Pt:E;03503;2298703YH5629N0163IO;2;1;64.00;27/03/2003;-0.106848;38.538777
CV-VUT0321867-A;AV AMETLLA DE MAR, 17, Es:1 Pl:27 Pt:M;03503;2298703YH5629N0182ZX;4;2;74.00;10/03/2016;-0.106848;38.538777
CV-VUT0324245-A;AV AMETLLA DE MAR, 17, Es:1 Pl:28 Pt:O;03503;2298703YH5629N0183XM;6;3;138.00;18/03/2024;-0.106848;38.538777
CV-VUT0319801-A;AV AMETLLA DE MAR, 17, Es:2 Pl:01 Pt:A;03503;2298703YH5629N0191RT;4;2;108.00;21/08/2003;-0.106848;38.538777
CV-VUT0319833-A;AV AMETLLA DE MAR, 17, Es:2 Pl:01 Pt:B;03503;2298703YH5629N0192TY;2;1;64.00;21/08/2003;-0.106848;38.538777
CV-VUT0319834-A;AV AMETLLA DE MAR, 17, Es:2 Pl:01 Pt:C;03503;2298703YH5629N0193YU;2;1;62.00;21/08/2003;-0.106848;38.538777
CV-VUT0319835-A;AV AMETLLA DE MAR, 17, Es:2 Pl:01 Pt:D;03503;2298703YH5629N0194UI;2;1;45.00;21/08/2003;-0.106848;38.538777
CV-VUT0319836-A;AV AMETLLA DE MAR, 17, Es:2 Pl:01 Pt:E;03503;2298703YH5629N0195IO;2;1;64.00;21/08/2003;-0.106848;38.538777
CV-VUT0319802-A;AV AMETLLA DE MAR, 17, Es:2 Pl:01 Pt:F;03503;2298703YH5629N0196OP;4;2;108.00;21/08/2003;-0.106848;38.538777
CV-VUT0319803-A;AV AMETLLA DE MAR, 17, Es:2 Pl:02 Pt:A;03503;2298703YH5629N0197PA;4;2;108.00;21/08/2003;-0.106848;38.538777
CV-VUT0319837-A;AV AMETLLA DE MAR, 17, Es:2 Pl:02 Pt:B;03503;2298703YH5629N0198AS;2;1;64.00;21/08/2003;-0.106848;38.538777
CV-VUT0319838-A;AV AMETLLA DE MAR, 17, Es:2 Pl:02 Pt:C;03503;2298703YH5629N0199SD;2;1;62.00;21/08/2003;-0.106848;38.538777
CV-VUT0319839-A;AV AMETLLA DE MAR, 17, Es:2 Pl:02 Pt:D;03503;2298703YH5629N0200SD;2;1;62.00;21/08/2003;-0.106848;38.538777
CV-VUT0319840-A;AV AMETLLA DE MAR, 17, Es:2 Pl:02 Pt:E;03503;2298703YH5629N0201DF;2;1;64.00;21/08/2003;-0.106848;38.538777
CV-VUT0319804-A;AV AMETLLA DE MAR, 17, Es:2 Pl:02 Pt:F;03503;2298703YH5629N0202FG;4;2;108.00;21/08/2003;-0.106848;38.538777
CV-VUT0319805-A;AV AMETLLA DE MAR, 17, Es:2 Pl:03 Pt:A;03503;2298703YH5629N0203GH;4;2;108.00;21/08/2003;-0.106848;38.538777
CV-VUT0319841-A;AV AMETLLA DE MAR, 17, Es:2 Pl:03 Pt:B;03503;2298703YH5629N0204HJ;2;1;64.00;21/08/2003;-0.106848;38.538777
CV-VUT0319842-A;AV AMETLLA DE MAR, 17, Es:2 Pl:03 Pt:C;03503;2298703YH5629N0205JK;2;1;62.00;21/08/2003;-0.106848;38.538777
CV-VUT0319843-A;AV AMETLLA DE MAR, 17, Es:2 Pl:03 Pt:D;03503;2298703YH5629N0206KL;2;1;62.00;21/08/2003;-0.106848;38.538777
CV-VUT0319844-A;AV AMETLLA DE MAR, 17, Es:2 Pl:03 Pt:E;03503;2298703YH5629N0207LB;2;1;64.00;21/08/2003;-0.106848;38.538777
CV-VUT0319806-A;AV AMETLLA DE MAR, 17, Es:2 Pl:03 Pt:F;03503;2298703YH5629N0208BZ;4;2;108.00;21/08/2003;-0.106848;38.538777
CV-VUT0319807-A;AV AMETLLA DE MAR, 17, Es:2 Pl:04 Pt:A;03503;2298703YH5629N0209ZX;4;2;108.00;21/08/2003;-0.106848;38.538777
CV-VUT0319845-A;AV AMETLLA DE MAR, 17, Es:2 Pl:04 Pt:B;03503;2298703YH5629N0210LB;2;1;64.00;21/08/2003;-0.106848;38.538777
CV-VUT0319846-A;AV AMETLLA DE MAR, 17, Es:2 Pl:04 Pt:C;03503;2298703YH5629N0211BZ;2;1;62.00;21/08/2003;-0.106848;38.538777
CV-VUT0319847-A;AV AMETLLA DE MAR, 17, Es:2 Pl:04 Pt:D;03503;2298703YH5629N0212ZX;2;1;62.00;21/08/2003;-0.106848;38.538777
CV-VUT0319848-A;AV AMETLLA DE MAR, 17, Es:2 Pl:04 Pt:E;03503;2298703YH5629N0213XM;2;1;64.00;21/08/2003;-0.106848;38.538777
CV-VUT0319808-A;AV AMETLLA DE MAR, 17, Es:2 Pl:04 Pt:F;03503;2298703YH5629N0214MQ;4;2;108.00;21/08/2003;-0.106848;38.538777
CV-VUT0319809-A;AV AMETLLA DE MAR, 17, Es:2 Pl:05 Pt:A;03503;2298703YH5629N0215QW;4;2;108.00;21/08/2003;-0.106848;38.538777
CV-VUT0319849-A;AV AMETLLA DE MAR, 17, Es:2 Pl:05 Pt:B;03503;2298703YH5629N0216WE;2;1;64.00;21/08/2003;-0.106848;38.538777
CV-VUT0319850-A;AV AMETLLA DE MAR, 17, Es:2 Pl:05 Pt:C;03503;2298703YH5629N0217ER;2;1;62.00;21/08/2003;-0.106848;38.538777
CV-VUT0319851-A;AV AMETLLA DE MAR, 17, Es:2 Pl:05 Pt:D;03503;2298703YH5629N0218RT;2;1;62.00;21/08/2003;-0.106848;38.538777
CV-VUT0319852-A;AV AMETLLA DE MAR, 17, Es:2 Pl:05 Pt:E;03503;2298703YH5629N0219TY;2;1;64.00;21/08/2003;-0.106848;38.538777
CV-VUT0319810-A;AV AMETLLA DE MAR, 17, Es:2 Pl:05 Pt:F;03503;2298703YH5629N0220ER;4;2;108.00;21/08/2003;-0.106848;38.538777
CV-VUT0319811-A;AV AMETLLA DE MAR, 17, Es:2 Pl:06 Pt:A;03503;2298703YH5629N0221RT;4;2;108.00;21/08/2003;-0.106848;38.538777
CV-VUT0319853-A;AV AMETLLA DE MAR, 17, Es:2 Pl:06 Pt:B;03503;2298703YH5629N0222TY;2;1;64.00;21/08/2003;-0.106848;38.538777
CV-VUT0319854-A;AV AMETLLA DE MAR, 17, Es:2 Pl:06 Pt:C;03503;2298703YH5629N0223YU;2;1;62.00;21/08/2003;-0.106848;38.538777
CV-VUT0319855-A;AV AMETLLA DE MAR, 17, Es:2 Pl:06 Pt:D;03503;2298703YH5629N0224UI;2;1;62.00;21/08/2003;-0.106848;38.538777
CV-VUT0319856-A;AV AMETLLA DE MAR, 17, Es:2 Pl:06 Pt:E;03503;2298703YH5629N0225IO;2;1;64.00;21/08/2003;-0.106848;38.538777
CV-VUT0319812-A;AV AMETLLA DE MAR, 17, Es:2 Pl:06 Pt:F;03503;2298703YH5629N0226OP;4;2;108.00;21/08/2003;-0.106848;38.538777
CV-VUT0319813-A;AV AMETLLA DE MAR, 17, Es:2 Pl:07 Pt:A;03503;2298703YH5629N0227PA;4;2;108.00;21/08/2003;-0.106848;38.538777
CV-VUT0319857-A;AV AMETLLA DE MAR, 17, Es:2 Pl:07 Pt:B;03503;2298703YH5629N0228AS;2;1;64.00;21/08/2003;-0.106848;38.538777
CV-VUT0319858-A;AV AMETLLA DE MAR, 17, Es:2 Pl:07 Pt:C;03503;2298703YH5629N0229SD;2;1;62.00;21/08/2003;-0.106848;38.538777
CV-VUT0319860-A;AV AMETLLA DE MAR, 17, Es:2 Pl:07 Pt:E;03503;2298703YH5629N0231AS;2;1;64.00;21/08/2003;-0.106848;38.538777
CV-VUT0319814-A;AV AMETLLA DE MAR, 17, Es:2 Pl:07 Pt:F;03503;2298703YH5629N0232SD;4;2;108.00;21/08/2003;-0.106848;38.538777
CV-VUT0319815-A;AV AMETLLA DE MAR, 17, Es:2 Pl:08 Pt:A;03503;2298703YH5629N0233DF;4;2;108.00;21/08/2003;-0.106848;38.538777
CV-VUT0319861-A;AV AMETLLA DE MAR, 17, Es:2 Pl:08 Pt:B;03503;2298703YH5629N0234FG;2;1;64.00;21/08/2003;-0.106848;38.538777
CV-VUT0319862-A;AV AMETLLA DE MAR, 17, Es:2 Pl:08 Pt:C;03503;2298703YH5629N0235GH;2;1;62.00;21/08/2003;-0.106848;38.538777
CV-VUT0319863-A;AV AMETLLA DE MAR, 17, Es:2 Pl:08 Pt:D;03503;2298703YH5629N0236HJ;2;1;62.00;21/08/2003;-0.106848;38.538777
CV-VUT0319864-A;AV AMETLLA DE MAR, 17, Es:2 Pl:08 Pt:E;03503;2298703YH5629N0237JK;2;1;64.00;21/08/2003;-0.106848;38.538777
CV-VUT0319816-A;AV AMETLLA DE MAR, 17, Es:2 Pl:08 Pt:F;03503;2298703YH5629N0238KL;4;2;108.00;21/08/2003;-0.106848;38.538777
CV-VUT0319817-A;AV AMETLLA DE MAR, 17, Es:2 Pl:09 Pt:A;03503;2298703YH5629N0239LB;4;2;108.00;21/08/2003;-0.106848;38.538777
CV-VUT0319865-A;AV AMETLLA DE MAR, 17, Es:2 Pl:09 Pt:B;03503;2298703YH5629N0240JK;2;1;64.00;21/08/2003;-0.106848;38.538777
CV-VUT0319866-A;AV AMETLLA DE MAR, 17, Es:2 Pl:09 Pt:C;03503;2298703YH5629N0241KL;2;1;62.00;21/08/2003;-0.106848;38.538777
CV-VUT0319867-A;AV AMETLLA DE MAR, 17, Es:2 Pl:09 Pt:D;03503;2298703YH5629N0242LB;2;1;62.00;21/08/2003;-0.106848;38.538777
CV-VUT0319868-A;AV AMETLLA DE MAR, 17, Es:2 Pl:09 Pt:E;03503;2298703YH5629N0243BZ;2;1;64.00;21/08/2003;-0.106848;38.538777
CV-VUT0319818-A;AV AMETLLA DE MAR, 17, Es:2 Pl:09 Pt:F;03503;2298703YH5629N0244ZX;4;2;108.00;21/08/2003;-0.106848;38.538777
CV-VUT0319819-A;AV AMETLLA DE MAR, 17, Es:2 Pl:10 Pt:A;03503;2298703YH5629N0245XM;4;2;108.00;21/08/2003;-0.106848;38.538777
CV-VUT0319869-A;AV AMETLLA DE MAR, 17, Es:2 Pl:10 Pt:B;03503;2298703YH5629N0246MQ;2;1;64.00;21/08/2003;-0.106848;38.538777
CV-VUT0319870-A;AV AMETLLA DE MAR, 17, Es:2 Pl:10 Pt:C;03503;2298703YH5629N0247QW;2;1;62.00;21/08/2003;-0.106848;38.538777
CV-VUT0319871-A;AV AMETLLA DE MAR, 17, Es:2 Pl:10 Pt:D;03503;2298703YH5629N0248WE;2;1;62.00;21/08/2003;-0.106848;38.538777
CV-VUT0319872-A;AV AMETLLA DE MAR, 17, Es:2 Pl:10 Pt:E;03503;2298703YH5629N0249ER;2;1;64.00;21/08/2003;-0.106848;38.538777
CV-VUT0319820-A;AV AMETLLA DE MAR, 17, Es:2 Pl:10 Pt:F;03503;2298703YH5629N0250QW;4;2;108.00;21/08/2003;-0.106848;38.538777
CV-VUT0319821-A;AV AMETLLA DE MAR, 17, Es:2 Pl:11 Pt:A;03503;2298703YH5629N0251WE;4;2;108.00;21/08/2003;-0.106848;38.538777
CV-VUT0319873-A;AV AMETLLA DE MAR, 17, Es:2 Pl:11 Pt:B;03503;2298703YH5629N0252ER;2;1;64.00;21/08/2003;-0.106848;38.538777
CV-VUT0319874-A;AV AMETLLA DE MAR, 17, Es:2 Pl:11 Pt:C;03503;2298703YH5629N0253RT;2;1;62.00;21/08/2003;-0.106848;38.538777
CV-VUT0319875-A;AV AMETLLA DE MAR, 17, Es:2 Pl:11 Pt:D;03503;2298703YH5629N0254TY;2;1;62.00;21/08/2003;-0.106848;38.538777
CV-VUT0319876-A;AV AMETLLA DE MAR, 17, Es:2 Pl:11 Pt:E;03503;2298703YH5629N0255YU;1;1;64.00;21/08/2003;-0.106848;38.538777
CV-VUT0319822-A;AV AMETLLA DE MAR, 17, Es:2 Pl:11 Pt:F;03503;2298703YH5629N0256UI;4;2;108.00;21/08/2003;-0.106848;38.538777
CV-VUT0319823-A;AV AMETLLA DE MAR, 17, Es:2 Pl:12 Pt:A;03503;2298703YH5629N0257IO;4;2;108.00;21/08/2003;-0.106848;38.538777
CV-VUT0319877-A;AV AMETLLA DE MAR, 17, Es:2 Pl:12 Pt:B;03503;2298703YH5629N0258OP;2;1;64.00;21/08/2003;-0.106848;38.538777
CV-VUT0319878-A;AV AMETLLA DE MAR, 17, Es:2 Pl:12 Pt:C;03503;2298703YH5629N0259PA;2;1;62.00;21/08/2003;-0.106848;38.538777
CV-VUT0319879-A;AV AMETLLA DE MAR, 17, Es:2 Pl:12 Pt:D;03503;2298703YH5629N0260IO;2;1;62.00;21/08/2003;-0.106848;38.538777
CV-VUT0319880-A;AV AMETLLA DE MAR, 17, Es:2 Pl:12 Pt:E;03503;2298703YH5629N0261OP;2;1;64.00;21/08/2003;-0.106848;38.538777
CV-VUT0319824-A;AV AMETLLA DE MAR, 17, Es:2 Pl:12 Pt:F;03503;2298703YH5629N0262PA;4;2;108.00;21/08/2003;-0.106848;38.538777
CV-VUT0319608-A;AV AMETLLA DE MAR, 17, Es:2 Pl:13 Pt:E;03503;2298703YH5629N0267GH;2;1;64.00;12/05/2003;-0.106848;38.538777
CV-VUT0321825-A;AV AMETLLA DE MAR, 17, Es:2 Pl:15 Pt:B;03503;2298703YH5629N0276ZX;2;1;62.00;28/09/2015;-0.106848;38.538777
CV-VUT0321027-A;AV AMETLLA DE MAR, 17, Es:2 Pl:15 Pt:D;03503;2298703YH5629N0278MQ;2;1;62.00;15/08/2009;-0.106848;38.538777
CV-VUT0323305-A;AV AMETLLA DE MAR, 17, Es:2 Pl:15 Pt:E;03503;2298703YH5629N0279QW;2;1;64.00;17/02/2020;-0.106848;38.538777
CV-VUT0522698-A;AV AMETLLA DE MAR, 17, Es:2 Pl:16 Pt:C;03503;2298703YH5629N0283WE;2;1;62.00;09/09/2026;-0.106848;38.538777
CV-VUT0459334-A;AV AMETLLA DE MAR, 17, Es:2 Pl:16 Pt:E;03503;2298703YH5629N0285RT;4;2;64.00;20/10/2017;-0.106848;38.538777
CV-VUT0319625-A;AV AMETLLA DE MAR, 17, Es:2 Pl:16 Pt:F;03503;2298703YH5629N0286TY;4;2;108.00;14/05/2003;-0.106848;38.538777
CV-VUT0323544-A;AV AMETLLA DE MAR, 17, Es:2 Pl:17 Pt:B;03503;2298703YH5629N0288UI;2;1;64.00;12/08/2021;-0.106848;38.538777
CV-VUT0518878-A;AV AMETLLA DE MAR, 17, Es:2 Pl:17 Pt:C;03503;2298703YH5629N0289IO;2;1;62.00;30/10/2025;-0.106848;38.538777
CV-VUT0518794-A;AV AMETLLA DE MAR, 17, Es:2 Pl:17 Pt:D;03503;2298703YH5629N0290YU;4;2;62.00;22/10/2025;-0.106848;38.538777
CV-VUT0321865-A;AV AMETLLA DE MAR, 17, Es:2 Pl:19 Pt:A;03503;2298703YH5629N0299GH;2;1;108.00;10/03/2016;-0.106848;38.538777
CV-VUT0520205-A;AV AMETLLA DE MAR, 17, Es:2 Pl:21 Pt:A;03503;2298703YH5629N0311MQ;4;2;108.00;03/02/2026;-0.106848;38.538777
CV-VUT0522656-A;AV AMETLLA DE MAR, 17, Es:2 Pl:21 Pt:F;03503;2298703YH5629N0316TY;4;2;108.00;03/09/2026;-0.106848;38.538777
CV-VUT0319771-A;AV AMETLLA DE MAR, 17, Es:2 Pl:22 Pt:D;03503;2298703YH5629N0320YU;2;1;62.00;09/07/2003;-0.106848;38.538777
CV-VUT0503638-A;AV AMETLLA DE MAR, 17, Es:2 Pl:23 Pt:B;03503;2298703YH5629N0324PA;2;1;64.00;04/12/2023;-0.106848;38.538777
CV-VUT0319609-A;AV AMETLLA DE MAR, 17, Es:2 Pl:24 Pt:B;03503;2298703YH5629N0330DF;2;1;64.00;12/05/2003;-0.106848;38.538777
CV-VUT0522945-A;AV AMETLLA DE MAR, 17, Es:2 Pl:25 Pt:A;03503;2298703YH5629N0335KL;4;2;108.00;30/09/2026;-0.106848;38.538777
CV-VUT0324188-A;AV AMETLLA DE MAR, 17, Es:2 Pl:25 Pt:D;03503;2298703YH5629N0338ZX;2;1;62.00;14/02/2024;-0.106848;38.538777
CV-VUT0517371-A;AV AMETLLA DE MAR, 17, Es:2 Pl:26 Pt:H;03503;2298703YH5629N0342XM;2;1;74.00;24/06/2025;-0.106848;38.538777
CV-VUT0505173-A;AV AMETLLA DE MAR, 17, Es:2 Pl:29 Pt:Q;03503;2298703YH5629N0349YU;6;3;138.00;07/02/2024;-0.106848;38.538777
CV-VUT0487678-A;AV AMETLLA DE MAR, 17, Es:2 Pl:31 Pt:T;03503;2298703YH5629N0354IO;2;1;189.00;22/10/2021;-0.106848;38.538777
CV-VUT0319615-A;AV JUAN FUSTER ZARAGOZA, 8, Es:3 Pl:03 Pt:B;03503;2298703YH5629N0364GH;2;1;69.00;20/08/2003;-0.106848;38.538777
CV-VUT0319616-A;AV JUAN FUSTER ZARAGOZA, 8, Es:3 Pl:03 Pt:C;03503;2298703YH5629N0365HJ;2;1;69.00;20/08/2003;-0.106848;38.538777
CV-VUT0319617-A;AV JUAN FUSTER ZARAGOZA, 8, Es:3 Pl:04 Pt:B;03503;2298703YH5629N0368LB;2;1;69.00;20/08/2003;-0.106848;38.538777
CV-VUT0322847-A;AV JUAN FUSTER ZARAGOZA, 8, Es:3 Pl:06 Pt:C;03503;2298703YH5629N0377WE;2;1;69.00;23/07/2018;-0.106848;38.538777
CV-VUT0322602-A;AV JUAN FUSTER ZARAGOZA, 8, Es:3 Pl:06 Pt:D;03503;2298703YH5629N0378ER;4;2;96.00;28/05/2018;-0.106848;38.538777
CV-VUT0319618-A;AV JUAN FUSTER ZARAGOZA, 8, Es:3 Pl:07 Pt:B;03503;2298703YH5629N0380WE;2;1;69.00;20/08/2003;-0.106848;38.538777
CV-VUT0319619-A;AV JUAN FUSTER ZARAGOZA, 8, Es:3 Pl:07 Pt:C;03503;2298703YH5629N0381ER;2;1;69.00;20/08/2003;-0.106848;38.538777
CV-VUT0321738-A;AV JUAN FUSTER ZARAGOZA, 8, Es:3 Pl:08 Pt:A;03503;2298703YH5629N0383TY;4;2;96.00;16/05/2015;-0.106848;38.538777
CV-VUT0319620-A;AV JUAN FUSTER ZARAGOZA, 8, Es:3 Pl:08 Pt:B;03503;2298703YH5629N0384YU;2;1;69.00;20/08/2003;-0.106848;38.538777
CV-VUT0319621-A;AV JUAN FUSTER ZARAGOZA, 8, Es:3 Pl:08 Pt:C;03503;2298703YH5629N0385UI;2;1;69.00;20/08/2003;-0.106848;38.538777
CV-VUT0324028-A;AV JUAN FUSTER ZARAGOZA, 8, Es:3 Pl:09 Pt:A;03503;2298703YH5629N0387OP;4;2;96.00;05/07/2023;-0.106848;38.538777
CV-VUT0324228-A;AV JUAN FUSTER ZARAGOZA, 8, Es:3 Pl:09 Pt:D;03503;2298703YH5629N0390OP;4;2;96.00;26/02/2024;-0.106848;38.538777
CV-VUT0521671-A;AV JUAN FUSTER ZARAGOZA, 8, Es:3 Pl:10 Pt:A;03503;2298703YH5629N0391PA;4;2;96.00;01/06/2026;-0.106848;38.538777
CV-VUT0319622-A;AV JUAN FUSTER ZARAGOZA, 8, Es:3 Pl:11 Pt:D;03503;2298703YH5629N0398JK;4;2;96.00;14/05/2003;-0.106848;38.538777
CV-VUT0322713-A;AV JUAN FUSTER ZARAGOZA, 8, Es:3 Pl:12 Pt:A;03503;2298703YH5629N0399KL;4;2;96.00;28/06/2018;-0.106848;38.538777
CV-VUT0442802-A;AV JUAN FUSTER ZARAGOZA, 8, Es:3 Pl:13 Pt:C;03503;2298703YH5629N0405MQ;4;2;69.00;29/04/2015;-0.106848;38.538777
CV-VUT0321868-A;AV JUAN FUSTER ZARAGOZA, 8, Es:3 Pl:14 Pt:D;03503;2298703YH5629N0410WE;4;2;96.00;10/03/2016;-0.106848;38.538777
CV-VUT0442803-A;AV JUAN FUSTER ZARAGOZA, 8, Es:3 Pl:15 Pt:C;03503;2298703YH5629N0413TY;4;2;69.00;29/04/2015;-0.106848;38.538777
CV-VUT0322155-A;AV JUAN FUSTER ZARAGOZA, 8, Es:3 Pl:18 Pt:B;03503;2298703YH5629N0424DF;2;1;69.00;05/05/2017;-0.106848;38.538777
CV-VUT0500662-A;AV JUAN FUSTER ZARAGOZA, 8, Es:3 Pl:19 Pt:B;03503;2298703YH5629N0428JK;2;1;69.00;04/08/2023;-0.106848;38.538777
CV-VUT0322269-A;AV JUAN FUSTER ZARAGOZA, 8, Es:3 Pl:19 Pt:C;03503;2298703YH5629N0429KL;2;1;69.00;08/08/2017;-0.106848;38.538777
CV-VUT0323516-A;AV JUAN FUSTER ZARAGOZA, 8, Es:3 Pl:21 Pt:D;03503;2298703YH5629N0438QW;4;2;96.00;08/06/2021;-0.106848;38.538777
CV-VUT0470478-A;AV AMETLLA DE MAR, 18, Es:1 Pl:03 Pt:F;03503;2495305YH5629N0031XY;6;4;96.00;30/08/2018;-0.106379;38.536906
CV-VUT0519285-A;AV AMETLLA DE MAR, 18, Es:1 Pl:09 Pt:A;03503;2495305YH5629N0062ZT;2;1;96.00;28/11/2025;-0.106379;38.536906
CV-VUT0456045-A;AV AMETLLA DE MAR, 18, Es:1 Pl:14 Pt:D;03503;2495305YH5629N0093BR;2;1;43.00;01/06/2017;-0.106379;38.536906
CV-VUT0485276-A;AV AMETLLA DE MAR, 18, Es:1 Pl:15 Pt:E;03503;2495305YH5629N0101RA;2;1;43.00;05/03/2021;-0.106379;38.536906
CV-VUT0323927-A;AV AMETLLA DE MAR, 20, Es:1 Pl:01 Pt:C;03503;2495306YH5629N0012KH;2;1;70.00;11/03/2023;-0.106110;38.537387
CV-VUT0323955-A;AV AMETLLA DE MAR, 20, Es:1 Pl:02 Pt:F;03503;2495306YH5629N0021QX;2;1;69.00;29/03/2023;-0.106110;38.537387
CV-VUT0472140-A;AV AMETLLA DE MAR, 20, Es:1 Pl:07 Pt:A;03503;2495306YH5629N0046BK;3;2;70.00;22/11/2018;-0.106110;38.537387
CV-VUT0319579-A;AV AMETLLA DE MAR, 20, Es:1 Pl:09 Pt:E;03503;2495306YH5629N0062UT;2;1;68.00;24/04/2003;-0.106110;38.537387
CV-VUT0506284-A;AV AMETLLA DE MAR, 20, Es:1 Pl:10 Pt:B;03503;2495306YH5629N0065PI;2;1;68.00;18/03/2024;-0.106110;38.537387
CV-VUT0322147-A;AV AMETLLA DE MAR, 20, Es:1 Pl:11 Pt:C;03503;2495306YH5629N0072FS;2;1;70.00;27/04/2017;-0.106110;38.537387
CV-VUT0322410-A;AV AMETLLA DE MAR, 20, Es:1 Pl:11 Pt:E;03503;2495306YH5629N0074HF;2;1;68.00;31/01/2018;-0.106110;38.537387
CV-VUT0489750-A;AV AMETLLA DE MAR, 24, Es:1 Pl:06 Pt:DR;03503;2497107YH5629N0012YH;6;3;89.00;03/05/2022;-0.105642;38.538006
CV-VUT0472152-A;AV AMETLLA DE MAR, 26, Es:1 Pl:07 Pt:DR;03503;2497108YH5629N0014JK;5;3;90.00;23/11/2018;-0.105523;38.538198
CV-VUT0490886-A;AV AMETLLA DE MAR, 30, Es:B Pl:04 Pt:B;03503;2497109YH5629N0026SR;4;2;50.00;17/06/2022;-0.105367;38.538694
CV-VUT0322499-A;AV AMETLLA DE MAR, 32, Es:1 Pl:01 Pt:01;03503;2497101YH5629N0002FO;4;2;58.00;12/04/2018;-0.105143;38.538886
CV-VUT0322739-A;AV AMETLLA DE MAR, 32, Es:1 Pl:01 Pt:02;03503;2497101YH5629N0003GP;4;2;50.00;05/07/2018;-0.105143;38.538886
CV-VUT0504530-A;AV AMETLLA DE MAR, 32, Es:1 Pl:01 Pt:04;03503;2497101YH5629N0005JS;4;2;50.00;17/01/2024;-0.105143;38.538886
CV-VUT0512370-A;AV AMETLLA DE MAR, 5, Es:1 Pl:01 Pt:01;03503;2194703YH5629S0019PI;4;2;109.00;24/10/2024;-0.107806;38.535171
CV-VUT0321844-A;AV AMETLLA DE MAR, 5, Es:1 Pl:01 Pt:04;03503;2194703YH5629S0020IY;2;1;43.00;15/02/2016;-0.107806;38.535171
CV-VUT0321849-A;AV AMETLLA DE MAR, 5, Es:1 Pl:02 Pt:06;03503;2194703YH5629S0030GD;2;1;42.00;15/02/2016;-0.107806;38.535171
CV-VUT0323225-A;AV AMETLLA DE MAR, 5, Es:1 Pl:02 Pt:07;03503;2194703YH5629S0031HF;2;1;42.00;04/12/2019;-0.107806;38.535171
CV-VUT0504709-A;AV AMETLLA DE MAR, 5, Es:1 Pl:06 Pt:01;03503;2194703YH5629S0048UT;6;3;109.00;24/01/2024;-0.107806;38.535171
CV-VUT0464060-A;AV AMETLLA DE MAR, 5, Es:1 Pl:07 Pt:06;03503;2194703YH5629S0057DA;0;4;37.00;23/02/2018;-0.107806;38.535171
CV-VUT0485487-A;AV AMETLLA DE MAR, 5, Es:1 Pl:08 Pt:04;03503;2194703YH5629S0061FS;6;3;109.00;29/03/2021;-0.107806;38.535171
CV-VUT0459495-A;AV AMETLLA DE MAR, 5, Es:1 Pl:11 Pt:05;03503;2194703YH5629S0081TE;2;1;43.00;26/10/2017;-0.107806;38.535171
CV-VUT0322875-A;AV AMETLLA DE MAR, 5, Es:1 Pl:12 Pt:08;03503;2194703YH5629S0087AO;2;1;37.00;08/08/2018;-0.107806;38.535171
CV-VUT0321823-A;AV AMETLLA DE MAR, 5, Es:1 Pl:13 Pt:01;03503;2194703YH5629S0091SP;2;1;44.00;28/09/2015;-0.107806;38.535171
CV-VUT0322116-A;AV AMETLLA DE MAR, 5, Es:1 Pl:13 Pt:07;03503;2194703YH5629S0097KH;2;1;42.00;07/03/2017;-0.107806;38.535171
CV-VUT0323221-A;AV AMETLLA DE MAR, 5, Es:1 Pl:14 Pt:10;03503;2194703YH5629S0113UT;2;1;43.00;25/11/2019;-0.107806;38.535171
CV-VUT0479661-A;AV AMETLLA DE MAR, 5, Es:1 Pl:14 Pt:12;03503;2194703YH5629S0115OU;4;2;44.00;12/11/2019;-0.107806;38.535171
CV-VUT0323658-A;AV AMETLLA DE MAR, 5, Es:1 Pl:15 Pt:05;03503;2194703YH5629S0119DA;2;1;37.00;01/04/2022;-0.107806;38.535171
CV-VUT0323659-A;AV AMETLLA DE MAR, 5, Es:1 Pl:15 Pt:06;03503;2194703YH5629S0120AO;2;1;42.00;01/04/2022;-0.107806;38.535171
CV-VUT0322989-A;AV AMETLLA DE MAR, 5, Es:1 Pl:17 Pt:05;03503;2194703YH5629S0138EQ;2;1;37.00;10/05/2019;-0.107806;38.535171
CV-VUT0462591-A;AV AMETLLA DE MAR, 5, Es:1 Pl:18 Pt:02;03503;2194703YH5629S0146IY;4;2;59.00;11/01/2018;-0.107806;38.535171
CV-VUT0323348-A;AV AMETLLA DE MAR, 5, Es:1 Pl:18 Pt:08;03503;2194703YH5629S0151PI;2;1;37.00;27/06/2020;-0.107806;38.535171
CV-VUT0494693-A;AV AMETLLA DE MAR, 6, Es:1 Pl:10 Pt:01;03503;2292502YH5629S0020LY;6;3;122.00;11/01/2023;-0.107095;38.534155
CV-VUT0518548-A;AV BILBAO, 1, Es:1 Pl:01 Pt:05;03503;0694402YH5609S0084DZ;6;3;113.00;24/09/2025;-0.125586;38.536514
CV-VUT0324216-A;AV BILBAO, 1, Es:1 Pl:03 Pt:04;03503;0694402YH5609S0093LR;4;2;144.00;26/02/2024;-0.125586;38.536514
CV-VUT0324321-A;AV BILBAO, 1, Es:1 Pl:08 Pt:02;03503;0694402YH5609S0115FX;4;2;76.00;22/05/2024;-0.125586;38.536514
CV-VUT0322694-A;AV BILBAO, 1, Es:1 Pl:13 Pt:03;03503;0694402YH5609S0135TD;5;3;76.00;22/06/2018;-0.125586;38.536514
CV-VUT0449598-A;AV BILBAO, 1, Es:1 Pl:16 Pt:01;03503;0694402YH5609S0145SB;4;2;120.00;11/08/2016;-0.125586;38.536514
CV-VUT0477750-A;AV BILBAO, 1, Es:1 Pl:19 Pt:06;03503;0694402YH5609S0166RS;4;2;113.00;23/07/2019;-0.125586;38.536514
CV-VUT0324319-A;AV BILBAO, 1, Es:1 Pl:21 Pt:05;03503;0694402YH5609S0177SB;6;3;113.00;22/05/2024;-0.125586;38.536514
CV-VUT0505664-A;AV BILBAO, 3, Es:1 Pl:01 Pt:IZ;03503;0694404YH5609S0009EH;4;2;45.00;15/02/2024;-0.124991;38.536503
CV-VUT0505045-A;AV BILBAO, 3, Es:1 Pl:02 Pt:DR;03503;0694404YH5609S0010QF;4;2;45.00;02/02/2024;-0.124991;38.536503
CV-VUT0451589-A;AV BILBAO, 3, Es:4 Pl:01 Pt:DR;03503;0694404YH5609S0028HY;4;2;45.00;29/11/2016;-0.124991;38.536503
CV-VUT0494408-A;AV BILBAO, 3, Es:5 Pl:01 Pt:IZ;03503;0694404YH5609S0049IZ;4;2;45.00;13/01/2023;-0.124991;38.536503
CV-VUT0492046-A;AV BILBAO, 3, Es:5 Pl:02 Pt:IZ;03503;0694404YH5609S0051UB;4;2;45.00;31/08/2022;-0.124991;38.536503
CV-VUT0521960-A;AV BILBAO, 3, Es:5 Pl:03 Pt:DR;03503;0694404YH5609S0052IZ;4;2;45.00;22/06/2026;-0.124991;38.536503
CV-VUT0504652-A;AV BILBAO, 3, Es:6 Pl:04 Pt:DR;03503;0694404YH5609S0064JU;4;2;45.00;22/01/2024;-0.124991;38.536503
CV-VUT0449209-A;AV BILBAO, 3, Es:7 Pl:01 Pt:IZ;03503;0694404YH5609S0069XS;4;2;45.00;26/07/2016;-0.124991;38.536503
CV-VUT0505685-A;AV BILBAO, 3, Es:7 Pl:03 Pt:DR;03503;0694404YH5609S0072XS;4;2;45.00;23/02/2024;-0.124991;38.536503
CV-VUT0480738-A;AV BILBAO, 3, Es:7 Pl:04 Pt:IZ;03503;0694404YH5609S0075WG;4;2;45.00;21/01/2020;-0.124991;38.536503
CV-VUT0517832-A;AV BILBAO, 3, Es:7 Pl:05 Pt:IZ;03503;0694404YH5609S0077RJ;4;2;45.00;23/07/2025;-0.124991;38.536503
CV-VUT0322037-A;AV BILBAO, 4, Es:1 Pl:07 Pt:B;03503;0794501YH5609S0030UT;4;2;100.00;19/10/2016;-0.124559;38.536831
CV-VUT0323030-A;AV BILBAO, 4, Es:1 Pl:11 Pt:A;03503;0794501YH5609S0037FS;4;2;100.00;03/06/2019;-0.124559;38.536831
CV-VUT0323029-A;AV BILBAO, 4, Es:1 Pl:13 Pt:A;03503;0794501YH5609S0041GD;4;2;100.00;03/06/2019;-0.124559;38.536831
CV-VUT0460303-A;AV BILBAO, 4, Es:1 Pl:18 Pt:A;03503;0794501YH5609S0051XB;4;2;100.00;24/11/2017;-0.124559;38.536831
CV-VUT0444454-A;AV CASTELLO, 4, Es:1 Pl:04 Pt:02;03503;2192301YH5629S0070XK;4;2;60.00;01/10/2015;-0.109831;38.535369
CV-VUT0323496-A;AV CASTELLO, 4, Es:1 Pl:11 Pt:03;03503;2192301YH5629S0099XK;3;2;60.00;14/05/2021;-0.109831;38.535369
CV-VUT0321762-A;AV CASTELLO, 4A, Es:1 Pl:07 Pt:03;03503;2192301YH5629S0083OT;6;3;60.00;18/06/2015;-0.109831;38.535369
CV-VUT0324141-A;AV COMUNITAT VALENCIANA, 22, Es:1 Pl:03 Pt:6B;03503;1203104YH5710S0033UW;1;1;34.00;29/11/2023;-0.118362;38.544965
CV-VUT0465355-A;AV COMUNITAT VALENCIANA, 22, Es:1 Pl:05 Pt:4A;03503;1203104YH5710S0054XJ;2;1;34.00;11/04/2018;-0.118362;38.544965
CV-VUT0324062-A;AV COMUNITAT VALENCIANA, 7, Bloque:1 Es:1 Pl:09 Pt:B;03503;0904507YH5700S0335BO;4;2;114.00;27/09/2023;-0.121827;38.543278
CV-VUT0480703-A;AV COMUNITAT VALENCIANA, 7, Bloque:2 Es:1 Pl:17 Pt:B;03503;0904507YH5700S0455FE;4;2;114.00;20/01/2020;-0.121827;38.543278
CV-VUT0037969-A;AV CUENCA, 10, Es:1 Pl:02 Pt:B;03503;1497403YH5619N0017BJ;2;1;49.00;11/08/1994;-0.117127;38.539024
CV-VUT0037973-A;AV CUENCA, 10, Es:1 Pl:02 Pt:C;03503;1497403YH5619N0018ZK;2;1;49.00;11/08/1994;-0.117127;38.539024
CV-VUT0323200-A;AV CUENCA, 10, Es:1 Pl:02 Pt:D;03503;1497403YH5619N0019XL;4;2;66.00;30/10/2019;-0.117127;38.539024
CV-VUT0475822-A;AV CUENCA, 10, Es:1 Pl:05 Pt:A;03503;1497403YH5619N0028TW;6;3;65.00;14/05/2019;-0.117127;38.539024
CV-VUT0520493-A;AV CUENCA, 10, Es:1 Pl:05 Pt:B;03503;1497403YH5619N0029YE;2;1;49.00;06/03/2026;-0.117127;38.539024
CV-VUT0037974-A;AV CUENCA, 10, Es:1 Pl:05 Pt:C;03503;1497403YH5619N0030RQ;2;1;49.00;11/08/1994;-0.117127;38.539024
CV-VUT0037966-A;AV CUENCA, 10, Es:1 Pl:05 Pt:D;03503;1497403YH5619N0031TW;4;2;66.00;11/08/1994;-0.117127;38.539024
CV-VUT0037964-A;AV CUENCA, 10, Es:1 Pl:06 Pt:A;03503;1497403YH5619N0032YE;4;2;65.00;11/08/1994;-0.117127;38.539024
CV-VUT0037971-A;AV CUENCA, 10, Es:1 Pl:06 Pt:B;03503;1497403YH5619N0033UR;2;1;49.00;11/08/1994;-0.117127;38.539024
CV-VUT0037975-A;AV CUENCA, 10, Es:1 Pl:06 Pt:C;03503;1497403YH5619N0034IT;2;1;49.00;11/08/1994;-0.117127;38.539024
CV-VUT0476437-A;AV CUENCA, 10, Es:1 Pl:06 Pt:D;03503;1497403YH5619N0035OY;4;2;66.00;05/06/2019;-0.117127;38.539024
CV-VUT0037965-A;AV CUENCA, 10, Es:1 Pl:07 Pt:A;03503;1497403YH5619N0036PU;4;2;65.00;11/08/1994;-0.117127;38.539024
CV-VUT0037972-A;AV CUENCA, 10, Es:1 Pl:07 Pt:B;03503;1497403YH5619N0037AI;2;1;49.00;11/08/1994;-0.117127;38.539024
CV-VUT0037976-A;AV CUENCA, 10, Es:1 Pl:07 Pt:C;03503;1497403YH5619N0038SO;2;1;49.00;11/08/1994;-0.117127;38.539024
CV-VUT0037968-A;AV CUENCA, 10, Es:1 Pl:07 Pt:D;03503;1497403YH5619N0039DP;4;2;66.00;11/08/1994;-0.117127;38.539024
CV-VUT0470959-A;AV CUENCA, 10, Es:1 Pl:10 Pt:A;03503;1497403YH5619N0048LH;4;2;65.00;03/10/2018;-0.117127;38.539024
CV-VUT0037962-A;AV CUENCA, 10, Es:1 Pl:13 Pt:E;03503;1497403YH5619N0060WX;4;2;94.00;11/08/1994;-0.117127;38.539024
CV-VUT0471664-A;AV CUENCA, 14, Es:1 Pl:02 Pt:C;03503;1498403YH5619N0066DT;4;2;61.00;07/11/2018;-0.116773;38.539820
CV-VUT0324291-A;AV CUENCA, 14, Es:1 Pl:05 Pt:A;03503;1498403YH5619N0076BS;2;1;62.00;30/04/2024;-0.116773;38.539820
CV-VUT0323683-A;AV CUENCA, 14, Es:1 Pl:07 Pt:A;03503;1498403YH5619N0084WJ;2;1;62.00;28/04/2022;-0.116773;38.539820
CV-VUT0462367-A;AV CUENCA, 14, Es:1 Pl:08 Pt:A;03503;1498403YH5619N0088YZ;2;1;62.00;08/01/2018;-0.116773;38.539820
CV-VUT0488395-A;AV CUENCA, 14, Es:1 Pl:09 Pt:D;03503;1498403YH5619N0095PW;4;2;77.00;28/01/2022;-0.116773;38.539820
CV-VUT0447867-A;AV CUENCA, 23, Es:1 Pl:14 Pt:A;03503;1302203YH5710S0096AQ;4;2;102.00;01/06/2016;-0.117061;38.543148
CV-VUT0494967-A;AV CUENCA, 24, Es:1 Pl:01 Pt:C;03503;1400404YH5710S0004FT;4;2;57.00;06/02/2023;-0.116813;38.542147
CV-VUT0323390-A;AV CUENCA, 24, Es:1 Pl:02 Pt:A;03503;1400404YH5710S0006HU;4;2;75.00;19/08/2020;-0.116813;38.542147
CV-VUT0458823-A;AV CUENCA, 24, Es:1 Pl:09 Pt:B;03503;1400404YH5710S0035DR;2;1;57.00;27/09/2017;-0.116813;38.542147
CV-VUT0321424-A;AV CUENCA, 26, Es:2 Pl:09 Pt:B;03503;1402801YH5710S0267KP;2;1;64.00;16/03/2012;-0.116264;38.542648
CV-VUT0321427-A;AV CUENCA, 26, Es:2 Pl:11 Pt:D;03503;1402801YH5710S0281EK;2;1;64.00;16/03/2012;-0.116264;38.542648
CV-VUT0319107-A;AV CUENCA, 26, Es:2 Pl:17 Pt:F;03503;1402801YH5710S0319AE;4;2;75.00;11/12/2001;-0.116264;38.542648
CV-VUT0321428-A;AV CUENCA, 26, Es:2 Pl:21 Pt:B;03503;1402801YH5710S0339WJ;2;1;64.00;16/03/2012;-0.116264;38.542648
CV-VUT0321429-A;AV CUENCA, 26, Es:2 Pl:23 Pt:D;03503;1402801YH5710S0353PW;2;1;64.00;16/03/2012;-0.116264;38.542648
CV-VUT0321430-A;AV CUENCA, 26, Es:2 Pl:23 Pt:E;03503;1402801YH5710S0354AE;2;1;64.00;16/03/2012;-0.116264;38.542648
CV-VUT0321432-A;AV CUENCA, 26, Es:2 Pl:24 Pt:C;03503;1402801YH5710S0358GU;2;1;64.00;16/03/2012;-0.116264;38.542648
CV-VUT0321433-A;AV CUENCA, 26, Es:2 Pl:26 Pt:B;03503;1402801YH5710S0369MG;2;1;64.00;16/03/2012;-0.116264;38.542648
CV-VUT0321434-A;AV CUENCA, 26, Es:2 Pl:26 Pt:C;03503;1402801YH5710S0370ZD;2;1;64.00;16/03/2012;-0.116264;38.542648
CV-VUT0320788-A;CL LERIDA, 7, Es:B Pl:06 Pt:0D;03503;1402801YH5710S0251TB;2;1;64.00;10/07/2008;-0.116264;38.542648
CV-VUT0321425-A;CL LERIDA, 7, Es:B Pl:09 Pt:0C;03503;1402801YH5710S0268LA;2;1;64.00;16/03/2012;-0.116264;38.542648
CV-VUT0321426-A;CL LERIDA, 7, Es:B Pl:09 Pt:0E;03503;1402801YH5710S0270KP;2;1;64.00;16/03/2012;-0.116264;38.542648
CV-VUT0322085-A;CL LERIDA, 7, Es:B Pl:14 Pt:0F;03503;1402801YH5710S0301LA;4;2;75.00;16/12/2016;-0.116264;38.542648
CV-VUT0516269-A;CL LERIDA, 7, Es:B Pl:20 Pt:0A;03503;1402801YH5710S0332KP;4;2;75.00;05/05/2025;-0.116264;38.542648
CV-VUT0321431-A;CL LERIDA, 7, Es:B Pl:23 Pt:0C;03503;1402801YH5710S0352OQ;2;1;64.00;16/03/2012;-0.116264;38.542648
CV-VUT0461130-A;CL LERIDA, 7, Es:B Pl:24 Pt:0B;03503;1402801YH5710S0357FY;2;1;64.00;07/12/2017;-0.116264;38.542648
CV-VUT0497854-A;AV CUENCA, 3, Es:1 Pl:00 Pt:B;03503;1295503YH5619N0002KT;8;4;91.00;10/05/2023;-0.117725;38.537066
CV-VUT0514405-A;AV CUENCA, 3, Es:1 Pl:00 Pt:E;03503;1295503YH5619N0004BU;4;2;86.00;21/02/2025;-0.117725;38.537066
CV-VUT0514409-A;AV CUENCA, 3, Es:1 Pl:00 Pt:F;03503;1295503YH5619N0005ZI;6;3;88.00;21/02/2025;-0.117725;38.537066
CV-VUT0479508-A;AV CUENCA, 3, Es:1 Pl:01 Pt:F;03503;1295503YH5619N0011QA;2;1;96.00;06/11/2019;-0.117725;38.537066
CV-VUT0471839-A;AV CUENCA, 3, Es:1 Pl:03 Pt:C;03503;1295503YH5619N0024AZ;6;3;72.00;14/11/2018;-0.117725;38.537066
CV-VUT0493740-A;AV CUENCA, 3, Es:1 Pl:03 Pt:E;03503;1295503YH5619N0021IK;8;4;94.00;14/03/2022;-0.117725;38.537066
CV-VUT0322978-A;AV CUENCA, 7, Es:1 Pl:02 Pt:A;03503;1396305YH5619N0010UP;2;1;60.00;23/04/2019;-0.117614;38.537814
CV-VUT0322641-A;AV CUENCA, 7, Es:1 Pl:03 Pt:A;03503;1396305YH5619N0012OS;2;1;60.00;07/06/2018;-0.117614;38.537814
CV-VUT0324085-A;AV CUENCA, 7, Es:1 Pl:03 Pt:B;03503;1396305YH5619N0013PD;2;1;60.00;11/10/2023;-0.117614;38.537814
CV-VUT0449950-A;AV CUENCA, 7, Es:1 Pl:05 Pt:A;03503;1396305YH5619N0016DH;2;1;60.00;25/08/2016;-0.117614;38.537814
CV-VUT0449949-A;AV CUENCA, 7, Es:1 Pl:05 Pt:B;03503;1396305YH5619N0017FJ;2;1;60.00;25/08/2016;-0.117614;38.537814
CV-VUT0476292-A;AV CUENCA, 7, Es:1 Pl:07 Pt:A;03503;1396305YH5619N0020FJ;2;1;60.00;31/05/2019;-0.117614;38.537814
CV-VUT0449951-A;AV CUENCA, 7, Es:1 Pl:08 Pt:B;03503;1396305YH5619N0023JB;2;1;60.00;25/08/2016;-0.117614;38.537814
CV-VUT0449952-A;AV CUENCA, 7, Es:1 Pl:09 Pt:B;03503;1396305YH5619N0025LX;2;1;60.00;25/08/2016;-0.117614;38.537814
CV-VUT0491635-A;AV CUENCA, 7, Es:1 Pl:10 Pt:B;03503;1396305YH5619N0027ZQ;2;1;60.00;28/07/2022;-0.117614;38.537814
CV-VUT0322389-A;AV CUENCA, 7, Es:1 Pl:11 Pt:A;03503;1396305YH5619N0028XW;2;1;60.00;31/12/2017;-0.117614;38.537814
CV-VUT0323376-A;AV CUENCA, 7, Es:1 Pl:12 Pt:A;03503;1396305YH5619N0030ZQ;2;1;60.00;28/07/2020;-0.117614;38.537814
CV-VUT0441051-A;AV DERRAMADOR, 10, Es:1 Pl:01 Pt:C;03503;1997604YH5619N0005AI;2;1;83.00;01/09/2014;-0.111239;38.538913
CV-VUT0322821-A;AV DERRAMADOR, 10, Es:1 Pl:02 Pt:A;03503;1997604YH5619N0008FA;2;1;119.00;13/07/2018;-0.111239;38.538913
CV-VUT0321839-A;AV DERRAMADOR, 10, Es:1 Pl:06 Pt:B;03503;1997604YH5619N0029YE;2;1;89.00;20/01/2016;-0.111239;38.538913
CV-VUT0519312-A;AV DERRAMADOR, 10, Es:1 Pl:06 Pt:E;03503;1997604YH5619N0032YE;6;4;119.00;01/12/2025;-0.111239;38.538913
CV-VUT0519689-A;AV DERRAMADOR, 10, Es:1 Pl:07 Pt:C;03503;1997604YH5619N0035OY;6;4;83.00;07/01/2026;-0.111239;38.538913
CV-VUT0322750-A;AV DERRAMADOR, 10, Es:1 Pl:07 Pt:E;03503;1997604YH5619N0037AI;4;2;119.00;10/07/2018;-0.111239;38.538913
CV-VUT0322054-A;AV DERRAMADOR, 10, Es:1 Pl:11 Pt:E;03503;1997604YH5619N0054XL;4;2;119.00;07/11/2016;-0.111239;38.538913
CV-VUT0323476-A;AV DERRAMADOR, 10, Es:1 Pl:12 Pt:B;03503;1997604YH5619N0056QZ;4;2;88.00;03/02/2021;-0.111239;38.538913
CV-VUT0322002-A;AV DERRAMADOR, 10, Es:1 Pl:14 Pt:B;03503;1997604YH5619N0066IT;2;1;89.00;29/07/2016;-0.111239;38.538913
CV-VUT0461993-A;AV DERRAMADOR, 10, Es:1 Pl:15 Pt:B;03503;1997604YH5619N0071PU;2;1;89.00;27/12/2017;-0.111239;38.538913
CV-VUT0322120-A;AV DERRAMADOR, 10, Es:1 Pl:16 Pt:A;03503;1997604YH5619N0075FA;4;2;119.00;10/03/2017;-0.111239;38.538913
CV-VUT0321038-A;AV DERRAMADOR, 10, Es:1 Pl:17 Pt:B;03503;1997604YH5619N0081JF;2;1;89.00;23/11/2009;-0.111239;38.538913
CV-VUT0322399-A;AV DERRAMADOR, 10, Es:1 Pl:17 Pt:C;03503;1997604YH5619N0082KG;4;2;83.00;18/01/2018;-0.111239;38.538913
CV-VUT0321037-A;AV DERRAMADOR, 10, Es:1 Pl:17 Pt:D;03503;1997604YH5619N0083LH;6;3;89.00;23/11/2009;-0.111239;38.538913
CV-VUT0321036-A;AV DERRAMADOR, 10, Es:1 Pl:18 Pt:B;03503;1997604YH5619N0086XL;2;1;89.00;23/11/2009;-0.111239;38.538913
CV-VUT0320886-A;AV DERRAMADOR, 10, Es:1 Pl:18 Pt:C;03503;1997604YH5619N0087MB;2;1;83.00;12/08/2009;-0.111239;38.538913
CV-VUT0321035-A;AV DERRAMADOR, 10, Es:1 Pl:18 Pt:D;03503;1997604YH5619N0088QZ;2;1;89.00;23/11/2009;-0.111239;38.538913
CV-VUT0323289-A;AV DERRAMADOR, 10, Es:1 Pl:19 Pt:B;03503;1997604YH5619N0091QZ;4;3;89.00;04/02/2020;-0.111239;38.538913
CV-VUT0321647-A;AV DERRAMADOR, 10, Es:1 Pl:19 Pt:D;03503;1997604YH5619N0093EM;2;1;89.00;29/04/2014;-0.111239;38.538913
CV-VUT0322402-A;AV DERRAMADOR, 10, Es:1 Pl:20 Pt:C;03503;1997604YH5619N0097UR;4;2;83.00;18/01/2018;-0.111239;38.538913
CV-VUT0322525-A;AV DERRAMADOR, 10, Es:1 Pl:21 Pt:E;03503;1997604YH5619N0104DP;4;2;119.00;02/05/2018;-0.111239;38.538913
CV-VUT0321719-A;AV DERRAMADOR, 10, Es:1 Pl:22 Pt:D;03503;1997604YH5619N0108JF;2;1;89.00;24/02/2015;-0.111239;38.538913
CV-VUT0322526-A;AV DERRAMADOR, 10, Es:1 Pl:25 Pt:C;03503;1997604YH5619N0119WX;2;1;83.00;02/05/2018;-0.111239;38.538913
CV-VUT0495094-A;AV DERRAMADOR, 10, Es:1 Pl:26 Pt:K;03503;1997604YH5619N0123EM;6;3;89.00;10/02/2023;-0.111239;38.538913
CV-VUT0322524-A;AV DERRAMADOR, 10, Es:1 Pl:28 Pt:C;03503;1997604YH5619N0128IT;2;1;83.00;02/05/2018;-0.111239;38.538913
CV-VUT0322286-A;AV DERRAMADOR, 10, Es:1 Pl:28 Pt:L;03503;1997604YH5619N0127UR;2;1;89.00;24/08/2017;-0.111239;38.538913
CV-VUT0322110-A;AV DERRAMADOR, 10, Es:1 Pl:28 Pt:LL;03503;1997604YH5619N0129OY;2;1;89.00;21/02/2017;-0.111239;38.538913
CV-VUT0453350-A;AV DERRAMADOR, 10, Es:1 Pl:29 Pt:N;03503;1997604YH5619N0131IT;4;2;130.00;02/03/2017;-0.111239;38.538913
CV-VUT0322012-A;AV DERRAMADOR, 10, Es:2 Pl:01 Pt:A;03503;1997604YH5619N0136DP;6;4;96.00;09/08/2016;-0.111239;38.538913
CV-VUT0448921-A;AV DERRAMADOR, 10, Es:2 Pl:01 Pt:D;03503;1997604YH5619N0139HD;4;2;92.00;14/07/2016;-0.111239;38.538913
CV-VUT0322403-A;AV DERRAMADOR, 10, Es:2 Pl:02 Pt:B;03503;1997604YH5619N0142HD;5;4;136.00;18/01/2018;-0.111239;38.538913
CV-VUT0484525-A;AV DERRAMADOR, 10, Es:2 Pl:05 Pt:C;03503;1997604YH5619N0155EM;2;1;86.00;16/12/2020;-0.111239;38.538913
CV-VUT0448922-A;AV DERRAMADOR, 10, Es:2 Pl:05 Pt:D;03503;1997604YH5619N0156RQ;4;2;92.00;14/07/2016;-0.111239;38.538913
CV-VUT0450135-A;AV DERRAMADOR, 10, Es:2 Pl:06 Pt:B;03503;1997604YH5619N0159UR;4;2;92.00;07/09/2016;-0.111239;38.538913
CV-VUT0322292-A;AV DERRAMADOR, 10, Es:2 Pl:06 Pt:C;03503;1997604YH5619N0160TW;2;1;86.00;04/09/2017;-0.111239;38.538913
CV-VUT0321790-A;AV DERRAMADOR, 10, Es:2 Pl:06 Pt:E;03503;1997604YH5619N0162UR;2;1;96.00;30/07/2015;-0.111239;38.538913
CV-VUT0323474-A;AV DERRAMADOR, 10, Es:2 Pl:07 Pt:D;03503;1997604YH5619N0166AI;4;2;92.00;03/02/2021;-0.111239;38.538913
CV-VUT0486517-A;AV DERRAMADOR, 10, Es:2 Pl:08 Pt:C;03503;1997604YH5619N0170SO;2;1;86.00;11/06/2021;-0.111239;38.538913
CV-VUT0483634-A;AV DERRAMADOR, 10, Es:2 Pl:08 Pt:E;03503;1997604YH5619N0172FA;4;2;96.00;15/10/2020;-0.111239;38.538913
CV-VUT0322951-A;AV DERRAMADOR, 10, Es:2 Pl:09 Pt:C;03503;1997604YH5619N0175JF;2;1;86.00;11/03/2019;-0.111239;38.538913
CV-VUT0522632-A;AV DERRAMADOR, 10, Es:2 Pl:10 Pt:A;03503;1997604YH5619N0178BJ;2;1;96.00;19/08/2026;-0.111239;38.538913
CV-VUT0448924-A;AV DERRAMADOR, 10, Es:2 Pl:10 Pt:C;03503;1997604YH5619N0180LH;4;2;86.00;14/07/2016;-0.111239;38.538913
CV-VUT0519865-A;AV DERRAMADOR, 10, Es:2 Pl:17 Pt:E;03503;1997604YH5619N0217EM;6;4;96.00;19/01/2026;-0.111239;38.538913
CV-VUT0323738-A;AV DERRAMADOR, 10, Es:2 Pl:19 Pt:C;03503;1997604YH5619N0225IT;2;1;86.00;12/07/2022;-0.111239;38.538913
CV-VUT0450138-A;AV DERRAMADOR, 10, Es:2 Pl:21 Pt:E;03503;1997604YH5619N0237JF;4;2;96.00;07/09/2016;-0.111239;38.538913
CV-VUT0442322-A;AV DERRAMADOR, 10, Es:2 Pl:22 Pt:D;03503;1997604YH5619N0241KG;4;2;54.34;24/03/2015;-0.111239;38.538913
CV-VUT0322387-A;AV DERRAMADOR, 10, Es:2 Pl:22 Pt:E;03503;1997604YH5619N0242LH;2;1;96.00;31/12/2017;-0.111239;38.538913
CV-VUT0323223-A;AV DERRAMADOR, 10, Es:2 Pl:23 Pt:E;03503;1997604YH5619N0247QZ;2;1;96.00;27/11/2019;-0.111239;38.538913
CV-VUT0322011-A;AV DERRAMADOR, 10, Es:2 Pl:26 Pt:K;03503;1997604YH5619N0256UR;2;1;94.00;09/08/2016;-0.111239;38.538913
CV-VUT0322873-A;AV DERRAMADOR, 10, Es:2 Pl:27 Pt:C;03503;1997604YH5619N0258OY;2;1;86.00;06/08/2018;-0.111239;38.538913
CV-VUT0321574-A;AV DERRAMADOR, 10, Es:2 Pl:27 Pt:LL;03503;1997604YH5619N0259PU;2;1;94.00;03/06/2013;-0.111239;38.538913
CV-VUT0322014-A;AV DERRAMADOR, 10, Es:2 Pl:30 Pt:P;03503;1997604YH5619N0266FA;6;3;135.00;09/08/2016;-0.111239;38.538913
CV-VUT0515600-A;AV DERRAMADOR, 12, Es:2 Pl:01 Pt:H;03503;1997617YH5619N0129UY;6;3;132.00;01/04/2025;-0.112604;38.539398
CV-VUT0482956-A;AV DERRAMADOR, 12, Es:2 Pl:06 Pt:G;03503;1997617YH5619N0168AP;4;2;87.00;14/08/2020;-0.112604;38.539398
CV-VUT0489847-A;AV DERRAMADOR, 12, Es:2 Pl:08 Pt:D;03503;1997617YH5619N0181KJ;4;2;102.00;05/05/2022;-0.112604;38.539398
CV-VUT0493117-A;AV DERRAMADOR, 12, Es:2 Pl:08 Pt:E;03503;1997617YH5619N0182LK;4;2;102.00;28/10/2022;-0.112604;38.539398
CV-VUT0322832-A;AV DERRAMADOR, 12, Es:2 Pl:11 Pt:D;03503;1997617YH5619N0205GF;4;2;102.00;16/07/2018;-0.112604;38.539398
CV-VUT0323742-A;AV DERRAMADOR, 12, Es:2 Pl:11 Pt:F;03503;1997617YH5619N0207JH;4;2;102.00;15/07/2022;-0.112604;38.539398
CV-VUT0319480-A;AV DERRAMADOR, 12, Es:2 Pl:12 Pt:H;03503;1997617YH5619N0217QM;6;3;132.00;19/12/2002;-0.112604;38.539398
CV-VUT0485707-A;AV DERRAMADOR, 12, Es:2 Pl:13 Pt:B;03503;1997617YH5619N0219EW;2;1;87.00;21/04/2021;-0.112604;38.539398
CV-VUT0518244-A;AV DERRAMADOR, 12, Es:2 Pl:14 Pt:G;03503;1997617YH5619N0229PO;4;2;87.00;26/08/2025;-0.112604;38.539398
CV-VUT0504995-A;AV DERRAMADOR, 14, Es:1 Pl:01 Pt:D;03503;1997617YH5619N0010AP;4;2;102.00;31/01/2024;-0.112604;38.539398
CV-VUT0484512-A;AV DERRAMADOR, 14, Es:1 Pl:02 Pt:F;03503;1997617YH5619N0020KJ;4;2;102.00;15/12/2020;-0.112604;38.539398
CV-VUT0513166-A;AV DERRAMADOR, 14, Es:1 Pl:03 Pt:B;03503;1997617YH5619N0024XZ;4;2;87.00;06/12/2024;-0.112604;38.539398
CV-VUT0323437-A;AV DERRAMADOR, 14, Es:1 Pl:03 Pt:E;03503;1997617YH5619N0027WQ;4;2;102.00;04/11/2020;-0.112604;38.539398
CV-VUT0514688-A;AV DERRAMADOR, 14, Es:1 Pl:08 Pt:B;03503;1997617YH5619N0064RE;4;2;87.00;05/03/2025;-0.112604;38.539398
CV-VUT0323275-A;AV DERRAMADOR, 3, Es:1 Pl:01 Pt:B;03503;1896101YH5619N0011HA;2;1;57.00;10/01/2020;-0.112680;38.537783
CV-VUT0503683-A;AV DERRAMADOR, 3, Es:1 Pl:02 Pt:F;03503;1896101YH5619N0022QL;2;1;57.00;07/12/2023;-0.112680;38.537783
CV-VUT0323169-A;AV DERRAMADOR, 3, Es:1 Pl:03 Pt:B;03503;1896101YH5619N0025RX;2;1;57.00;19/10/2019;-0.112680;38.537783
CV-VUT0457298-A;AV DERRAMADOR, 3, Es:1 Pl:07 Pt:A;03503;1896101YH5619N0052XJ;4;2;79.00;18/07/2017;-0.112680;38.537783
CV-VUT0518514-A;AV DERRAMADOR, 3, Es:1 Pl:07 Pt:D;03503;1896101YH5619N0055WB;2;1;57.00;22/09/2025;-0.112680;38.537783
CV-VUT0323284-A;AV DERRAMADOR, 3, Es:1 Pl:08 Pt:F;03503;1896101YH5619N0064IE;2;1;57.00;01/02/2020;-0.112680;38.537783
CV-VUT0321814-A;AV DERRAMADOR, 3, Es:1 Pl:09 Pt:D;03503;1896101YH5619N0069DI;2;1;57.00;12/08/2015;-0.112680;38.537783
CV-VUT0457300-A;AV DERRAMADOR, 3, Es:1 Pl:09 Pt:F;03503;1896101YH5619N0071SU;2;1;57.00;18/07/2017;-0.112680;38.537783
CV-VUT0323562-A;AV DERRAMADOR, 3, Es:1 Pl:14 Pt:B;03503;1896101YH5619N0102DI;2;1;57.00;06/11/2021;-0.112680;38.537783
CV-VUT0457301-A;AV DERRAMADOR, 3, Es:1 Pl:14 Pt:C;03503;1896101YH5619N0103FO;2;1;57.00;18/07/2017;-0.112680;38.537783
CV-VUT0322820-A;AV DERRAMADOR, 3, Es:1 Pl:16 Pt:F;03503;1896101YH5619N0120WB;2;1;57.00;13/07/2018;-0.112680;38.537783
CV-VUT0522754-A;AV DERRAMADOR, 3, Es:1 Pl:17 Pt:E;03503;1896101YH5619N0126IE;2;1;57.00;15/09/2026;-0.112680;38.537783
CV-VUT0322099-A;AV DERRAMADOR, 3, Es:1 Pl:20 Pt:D;03503;1896101YH5619N0146XJ;2;1;57.00;20/01/2017;-0.112680;38.537783
CV-VUT0506367-A;AV DERRAMADOR, 3, Es:1 Pl:20 Pt:E;03503;1896101YH5619N0147MK;2;1;57.00;18/03/2024;-0.112680;38.537783
CV-VUT0322626-A;AV DERRAMADOR, 3, Es:1 Pl:20 Pt:F;03503;1896101YH5619N0148QL;2;1;57.00;05/06/2018;-0.112680;38.537783
CV-VUT0472299-A;AV DERRAMADOR, 3, Es:1 Pl:20 Pt:G;03503;1896101YH5619N0149WB;3;2;77.00;28/11/2018;-0.112680;38.537783
CV-VUT0513558-A;AV DR ORTS LLORCA, 11, Es:1 Pl:01 Pt:0A;03503;0797778YH5721S0015LA;4;2;64.00;31/12/2024;-0.123682;38.538784
CV-VUT0480831-A;AV DR ORTS LLORCA, 11, Es:1 Pl:02 Pt:0C;03503;0797778YH5721S0020ZD;1;1;53.00;24/01/2020;-0.123682;38.538784
CV-VUT0501579-A;AV DR ORTS LLORCA, 11, Es:1 Pl:04 Pt:0A;03503;0797778YH5721S0024WJ;1;1;64.00;15/09/2023;-0.123682;38.538784
CV-VUT0477166-A;AV DR ORTS LLORCA, 11, Es:1 Pl:05 Pt:0B;03503;0797778YH5721S0028YZ;2;1;52.00;02/07/2019;-0.123682;38.538784
CV-VUT0323193-A;AV DR ORTS LLORCA, 11, Es:1 Pl:06 Pt:0C;03503;0797778YH5721S0032UX;2;1;53.00;29/10/2019;-0.123682;38.538784
CV-VUT0324119-A;AV DR ORTS LLORCA, 11, Es:1 Pl:11 Pt:0C;03503;0797778YH5721S0047LA;2;1;53.00;10/11/2023;-0.123682;38.538784
CV-VUT0521124-A;AV DR ORTS LLORCA, 11, Es:1 Pl:13 Pt:0B;03503;0797778YH5721S0052ZD;2;1;52.00;28/04/2026;-0.123682;38.538784
CV-VUT0324176-A;AV DR ORTS LLORCA, 11, Es:1 Pl:14 Pt:0C;03503;0797778YH5721S0056WJ;2;1;53.00;05/02/2024;-0.123682;38.538784
CV-VUT0323195-A;AV DR ORTS LLORCA, 11, Es:1 Pl:16 Pt:0B;03503;0797778YH5721S0061RL;2;1;52.00;29/10/2019;-0.123682;38.538784
CV-VUT0521066-A;AV DR ORTS LLORCA, 11, Es:1 Pl:16 Pt:0C;03503;0797778YH5721S0062TB;2;1;53.00;23/04/2026;-0.123682;38.538784
CV-VUT0491531-A;AV DR ORTS LLORCA, 14, Es:1 Pl:04 Pt:01;03503;0997105YH5609N0011DU;4;2;46.00;25/07/2022;-0.123158;38.538684
CV-VUT0518585-A;AV DR ORTS LLORCA, 14, Es:2 Pl:03 Pt:02;03503;0997105YH5609N0022ZG;2;1;46.00;26/09/2025;-0.123158;38.538684
CV-VUT0323452-A;AV DR ORTS LLORCA, 14, Es:3 Pl:02 Pt:02;03503;0997105YH5609N0031RZ;4;2;46.00;30/11/2020;-0.123158;38.538684
CV-VUT0484240-A;AV DR ORTS LLORCA, 15, Es:1 Pl:07 Pt:C;03503;0798803YH5609N0064DX;2;1;47.00;19/11/2020;-0.123506;38.539709
CV-VUT0442738-A;AV DR ORTS LLORCA, 15, Es:1 Pl:08 Pt:A;03503;0798803YH5609N0067HW;5;3;61.00;22/04/2015;-0.123506;38.539709
CV-VUT0443996-A;AV DR ORTS LLORCA, 15, Es:1 Pl:11 Pt:D;03503;0798803YH5609N0085TF;2;1;44.00;11/08/2015;-0.123506;38.539709
CV-VUT0487297-A;AV DR ORTS LLORCA, 15, Es:1 Pl:12 Pt:A;03503;0798803YH5609N0087UH;2;1;61.00;24/08/2021;-0.123506;38.539709
CV-VUT0487299-A;AV DR ORTS LLORCA, 15, Es:1 Pl:12 Pt:B;03503;0798803YH5609N0088IJ;2;1;44.00;24/08/2021;-0.123506;38.539709
CV-VUT0322157-A;AV DR ORTS LLORCA, 16, Es:1 Pl:03 Pt:C;03503;0997101YH5609N0073ZT;8;4;138.00;06/05/2017;-0.123160;38.538916
CV-VUT0322664-A;AV DR ORTS LLORCA, 16, Es:1 Pl:07 Pt:A;03503;0997101YH5609N0083TS;8;4;138.00;11/06/2018;-0.123160;38.538916
CV-VUT0495274-A;AV DR ORTS LLORCA, 16, Es:1 Pl:07 Pt:C;03503;0997101YH5609N0085UF;10;5;138.00;17/02/2023;-0.123160;38.538916
CV-VUT0493979-A;AV DR ORTS LLORCA, 16, Es:1 Pl:09 Pt:C;03503;0997101YH5609N0091PJ;8;4;138.00;15/12/2022;-0.123160;38.538916
CV-VUT0515790-A;AV DR ORTS LLORCA, 16, Es:1 Pl:14 Pt:B;03503;0997101YH5609N0105MU;6;3;114.00;08/04/2025;-0.123160;38.538916
CV-VUT0504711-A;AV DR ORTS LLORCA, 17, Es:1 Pl:04 Pt:A;03503;0798802YH5609N0018LF;4;2;72.00;24/01/2024;-0.123671;38.540040
CV-VUT0323463-A;AV DR ORTS LLORCA, 17, Es:1 Pl:10 Pt:D;03503;0798802YH5609N0045FO;4;2;72.00;23/01/2021;-0.123671;38.540040
CV-VUT0516202-A;AV DR ORTS LLORCA, 17, Es:1 Pl:11 Pt:D;03503;0798802YH5609N0049KD;6;3;72.00;30/04/2025;-0.123671;38.540040
CV-VUT0488307-A;AV DR ORTS LLORCA, 19, Es:1 Pl:17 Pt:C;03503;0798801YH5609N0099ZW;4;2;64.00;20/01/2022;-0.123546;38.540623
CV-VUT0323879-A;AV DR ORTS LLORCA, 20, Es:1 Pl:13 Pt:B;03503;0999305YH5609N0054HG;8;4;131.00;14/12/2022;-0.123070;38.540395
CV-VUT0318190-A;AV DR ORTS LLORCA, 22, Es:1 Pl:01 Pt:0B;03503;0999306YH5609N0082ZA;2;1;82.00;13/07/1999;-0.123009;38.541114
CV-VUT0318191-A;AV DR ORTS LLORCA, 22, Es:1 Pl:01 Pt:0C;03503;0999306YH5609N0083XS;2;1;82.00;13/07/1999;-0.123009;38.541114
CV-VUT0323591-A;AV DR ORTS LLORCA, 22, Es:1 Pl:02 Pt:0C;03503;0999306YH5609N0087EH;2;1;82.00;06/12/2021;-0.123009;38.541114
CV-VUT0513380-A;AV DR ORTS LLORCA, 22, Es:1 Pl:08 Pt:0A;03503;0999306YH5609N0109ZA;4;2;117.00;17/12/2024;-0.123009;38.541114
CV-VUT0318184-A;AV DR ORTS LLORCA, 22, Es:1 Pl:09 Pt:0C;03503;0999306YH5609N0115QF;2;1;82.00;13/07/1999;-0.123009;38.541114
CV-VUT0318185-A;AV DR ORTS LLORCA, 22, Es:1 Pl:09 Pt:0D;03503;0999306YH5609N0116WG;4;2;117.00;13/07/1999;-0.123009;38.541114
CV-VUT0318187-A;AV DR ORTS LLORCA, 22, Es:1 Pl:12 Pt:0C;03503;0999306YH5609N0127PM;2;1;82.00;13/07/1999;-0.123009;38.541114
CV-VUT0322404-A;AV DR ORTS LLORCA, 22, Es:1 Pl:18 Pt:0B;03503;0999306YH5609N0150QF;;1;145.00;19/01/2018;-0.123009;38.541114
CV-VUT0321809-A;AV DR SEVERO OCHOA, 29, Es:1 Pl:00 Pt:15;03503;2706227YH5720N0001FZ;8;4;178.00;07/08/2015;-0.102635;38.547624
CV-VUT0489013-A;AV DR SEVERO OCHOA, 29, Es:1 Pl:00 Pt:31;03503;2706210YH5720N0001EZ;12;6;440.00;15/03/2022;-0.100493;38.545695
CV-VUT0322683-A;AV DR SEVERO OCHOA, 37, Es:1 Pl:00 Pt:14;03503;2403103YH5720S0014TH;6;3;131.00;17/06/2018;-0.103509;38.543126
CV-VUT0443251-A;AV DR SEVERO OCHOA, 37, Es:1 Pl:00 Pt:16;03503;2403103YH5720S0016UK;6;3;131.00;29/05/2015;-0.103509;38.543126
CV-VUT0522853-A;AV ESTOCOLMO, 16, Es:1 Pl:00 Pt:16;03503;2594107YH5629S0008TM;12;6;161.00;25/09/2026;-0.104863;38.535799
CV-VUT0520601-A;AV ESTOCOLMO, 16, Es:1 Pl:00 Pt:3B;03503;2594107YH5629S0013UW;12;6;193.00;17/03/2026;-0.104863;38.535799
CV-VUT0445760-A;AV ESTOCOLMO, 17 Pl:2 Pt:1;03503;2495307YH5629N0023SQ;2;1;;17/02/2016;-0.105001;38.536554
CV-VUT0445762-A;AV ESTOCOLMO, 17 Pl:2 Pt:2;03503;2495307YH5629N0024DW;2;1;;17/02/2016;-0.105001;38.536554
CV-VUT0445757-A;AV ESTOCOLMO, 17, Es:1 Pl:01 Pt:03;03503;2495307YH5629N0013TJ;2;1;41.00;17/02/2016;-0.105001;38.536554
CV-VUT0484238-A;AV ESTOCOLMO, 17, Es:1 Pl:01 Pt:05;03503;2495307YH5629N0015UL;4;2;41.00;19/11/2020;-0.105001;38.536554
CV-VUT0321510-A;AV ESTOCOLMO, 17, Es:1 Pl:01 Pt:06;03503;2495307YH5629N0016IB;2;1;55.00;03/10/2012;-0.105001;38.536554
CV-VUT0321496-A;AV ESTOCOLMO, 17, Es:1 Pl:01 Pt:08;03503;2495307YH5629N0017OZ;2;1;55.00;02/10/2012;-0.105001;38.536554
CV-VUT0452337-A;AV ESTOCOLMO, 17, Es:1 Pl:01 Pt:12;03503;2495307YH5629N0020OZ;2;1;41.00;09/01/2017;-0.105001;38.536554
CV-VUT0321497-A;AV ESTOCOLMO, 17, Es:1 Pl:01 Pt:14;03503;2495307YH5629N0022AM;2;1;41.00;03/10/2012;-0.105001;38.536554
CV-VUT0462087-A;AV ESTOCOLMO, 17, Es:1 Pl:02 Pt:06;03503;2495307YH5629N0028JY;2;1;55.00;28/12/2017;-0.105001;38.536554
CV-VUT0322477-A;AV ESTOCOLMO, 17, Es:1 Pl:02 Pt:08;03503;2495307YH5629N0029KU;2;1;55.00;03/10/2012;-0.105001;38.536554
CV-VUT0321498-A;AV ESTOCOLMO, 17, Es:1 Pl:02 Pt:11;03503;2495307YH5629N0031JY;2;1;41.00;03/10/2012;-0.105001;38.536554
CV-VUT0457868-A;AV ESTOCOLMO, 17, Es:1 Pl:02 Pt:12;03503;2495307YH5629N0032KU;4;2;41.00;04/05/2017;-0.105001;38.536554
CV-VUT0321511-A;AV ESTOCOLMO, 17, Es:1 Pl:02 Pt:14;03503;2495307YH5629N0034BO;2;1;41.00;03/10/2012;-0.105001;38.536554
CV-VUT0445763-A;AV ESTOCOLMO, 17, Es:1 Pl:03 Pt:03;03503;2495307YH5629N0037MS;2;1;41.00;17/02/2016;-0.105001;38.536554
CV-VUT0321499-A;AV ESTOCOLMO, 17, Es:1 Pl:03 Pt:08;03503;2495307YH5629N0041QD;2;1;55.00;03/10/2012;-0.105001;38.536554
CV-VUT0445765-A;AV ESTOCOLMO, 17, Es:1 Pl:03 Pt:10;03503;2495307YH5629N0042WF;2;1;41.00;17/02/2016;-0.105001;38.536554
CV-VUT0445767-A;AV ESTOCOLMO, 17, Es:1 Pl:03 Pt:11;03503;2495307YH5629N0043EG;2;1;41.00;17/02/2016;-0.105001;38.536554
CV-VUT0445766-A;AV ESTOCOLMO, 17, Es:1 Pl:03 Pt:12;03503;2495307YH5629N0044RH;2;1;41.00;17/02/2016;-0.105001;38.536554
CV-VUT0322741-A;AV ESTOCOLMO, 17, Es:1 Pl:03 Pt:13;03503;2495307YH5629N0045TJ;2;1;41.00;05/07/2018;-0.105001;38.536554
CV-VUT0321500-A;AV ESTOCOLMO, 17, Es:1 Pl:03 Pt:14;03503;2495307YH5629N0046YK;2;1;41.00;03/10/2012;-0.105001;38.536554
CV-VUT0323517-A;AV ESTOCOLMO, 17, Es:1 Pl:04 Pt:01;03503;2495307YH5629N0047UL;2;1;41.00;09/06/2021;-0.105001;38.536554
CV-VUT0520985-A;AV ESTOCOLMO, 17, Es:1 Pl:04 Pt:02;03503;2495307YH5629N0048IB;3;2;41.00;20/04/2026;-0.105001;38.536554
CV-VUT0445768-A;AV ESTOCOLMO, 17, Es:1 Pl:04 Pt:05;03503;2495307YH5629N0051IB;2;1;41.00;17/02/2016;-0.105001;38.536554
CV-VUT0321501-A;AV ESTOCOLMO, 17, Es:1 Pl:04 Pt:06;03503;2495307YH5629N0052OZ;2;1;55.00;03/10/2012;-0.105001;38.536554
CV-VUT0321513-A;AV ESTOCOLMO, 17, Es:1 Pl:04 Pt:08;03503;2495307YH5629N0053PX;2;1;55.00;03/10/2012;-0.105001;38.536554
CV-VUT0477447-A;AV ESTOCOLMO, 17, Es:1 Pl:04 Pt:10;03503;2495307YH5629N0054AM;2;1;41.00;10/07/2019;-0.105001;38.536554
CV-VUT0506062-A;AV ESTOCOLMO, 17, Es:1 Pl:04 Pt:11;03503;2495307YH5629N0055SQ;2;1;41.00;08/03/2024;-0.105001;38.536554
CV-VUT0321515-A;AV ESTOCOLMO, 17, Es:1 Pl:04 Pt:12;03503;2495307YH5629N0056DW;2;1;41.00;03/10/2012;-0.105001;38.536554
CV-VUT0323340-A;AV ESTOCOLMO, 17, Es:1 Pl:04 Pt:13;03503;2495307YH5629N0057FE;2;1;41.00;18/06/2020;-0.105001;38.536554
CV-VUT0323145-A;AV ESTOCOLMO, 17, Es:1 Pl:04 Pt:14;03503;2495307YH5629N0058GR;2;1;41.00;16/10/2019;-0.105001;38.536554
CV-VUT0477446-A;AV ESTOCOLMO, 17, Es:1 Pl:05 Pt:01;03503;2495307YH5629N0059HT;2;1;41.00;10/07/2019;-0.105001;38.536554
CV-VUT0487117-A;AV ESTOCOLMO, 17, Es:1 Pl:05 Pt:03;03503;2495307YH5629N0061GR;2;1;41.00;05/08/2021;-0.105001;38.536554
CV-VUT0321517-A;AV ESTOCOLMO, 17, Es:1 Pl:05 Pt:06;03503;2495307YH5629N0064KU;2;1;55.00;03/10/2012;-0.105001;38.536554
CV-VUT0445771-A;AV ESTOCOLMO, 17, Es:1 Pl:05 Pt:10;03503;2495307YH5629N0066BO;2;1;41.00;17/02/2016;-0.105001;38.536554
CV-VUT0479460-A;AV ESTOCOLMO, 17, Es:1 Pl:05 Pt:11;03503;2495307YH5629N0067ZP;4;2;41.00;05/11/2019;-0.105001;38.536554
CV-VUT0321502-A;AV ESTOCOLMO, 17, Es:1 Pl:06 Pt:02;03503;2495307YH5629N0072MS;2;1;41.00;03/10/2012;-0.105001;38.536554
CV-VUT0458248-A;AV ESTOCOLMO, 17, Es:1 Pl:06 Pt:02;03503;2495307YH5629N0072MS;2;1;41.00;04/09/2017;-0.105001;38.536554
CV-VUT0321503-A;AV ESTOCOLMO, 17, Es:1 Pl:06 Pt:03;03503;2495307YH5629N0073QD;2;1;41.00;03/10/2012;-0.105001;38.536554
CV-VUT0321504-A;AV ESTOCOLMO, 17, Es:1 Pl:06 Pt:04;03503;2495307YH5629N0074WF;2;1;41.00;03/10/2012;-0.105001;38.536554
CV-VUT0464366-A;AV ESTOCOLMO, 17, Es:1 Pl:06 Pt:04;03503;2495307YH5629N0074WF;4;2;41.00;05/03/2018;-0.105001;38.536554
CV-VUT0321505-A;AV ESTOCOLMO, 17, Es:1 Pl:06 Pt:05;03503;2495307YH5629N0075EG;2;1;41.00;03/10/2012;-0.105001;38.536554
CV-VUT0321518-A;AV ESTOCOLMO, 17, Es:1 Pl:06 Pt:08;03503;2495307YH5629N0077TJ;2;1;55.00;03/10/2012;-0.105001;38.536554
CV-VUT0478547-A;AV ESTOCOLMO, 17, Es:1 Pl:06 Pt:14;03503;2495307YH5629N0082UL;2;1;41.00;12/09/2019;-0.105001;38.536554
CV-VUT0445775-A;AV ESTOCOLMO, 17, Es:1 Pl:07 Pt:02;03503;2495307YH5629N0118DW;2;1;32.00;17/02/2016;-0.105001;38.536554
CV-VUT0321519-A;AV ESTOCOLMO, 17, Es:1 Pl:07 Pt:03;03503;2495307YH5629N0084OZ;2;1;41.00;03/10/2012;-0.105001;38.536554
CV-VUT0321506-A;AV ESTOCOLMO, 17, Es:1 Pl:07 Pt:05;03503;2495307YH5629N0086AM;2;1;41.00;03/10/2012;-0.105001;38.536554
CV-VUT0321507-A;AV ESTOCOLMO, 17, Es:1 Pl:07 Pt:06;03503;2495307YH5629N0087SQ;2;1;55.00;03/10/2012;-0.105001;38.536554
CV-VUT0321520-A;AV ESTOCOLMO, 17, Es:1 Pl:07 Pt:12;03503;2495307YH5629N0091DW;2;1;41.00;03/10/2012;-0.105001;38.536554
CV-VUT0482701-A;AV ESTOCOLMO, 17, Es:1 Pl:07 Pt:14;03503;2495307YH5629N0093GR;2;1;41.00;24/07/2020;-0.105001;38.536554
CV-VUT0321521-A;AV ESTOCOLMO, 17, Es:1 Pl:08 Pt:05;03503;2495307YH5629N0098BO;2;1;41.00;03/10/2012;-0.105001;38.536554
CV-VUT0322390-A;AV ESTOCOLMO, 17, Es:1 Pl:08 Pt:08;03503;2495307YH5629N0100ZP;2;1;55.00;03/10/2012;-0.105001;38.536554
CV-VUT0321522-A;AV ESTOCOLMO, 17, Es:1 Pl:08 Pt:11;03503;2495307YH5629N0102MS;2;1;41.00;03/10/2012;-0.105001;38.536554
CV-VUT0321758-A;AV ESTOCOLMO, 17, Es:1 Pl:08 Pt:13;03503;2495307YH5629N0104WF;2;1;41.00;09/06/2015;-0.105001;38.536554
CV-VUT0321509-A;AV ESTOCOLMO, 17, Es:1 Pl:08 Pt:14;03503;2495307YH5629N0105EG;2;1;41.00;03/10/2012;-0.105001;38.536554
CV-VUT0486692-A;AV ESTOCOLMO, 17, Es:1 Pl:09 Pt:01;03503;2495307YH5629N0106RH;2;1;41.00;23/06/2021;-0.105001;38.536554
CV-VUT0470477-A;AV ESTOCOLMO, 17, Es:1 Pl:09 Pt:02;03503;2495307YH5629N0107TJ;5;3;41.00;30/08/2018;-0.105001;38.536554
CV-VUT0321524-A;AV ESTOCOLMO, 17, Es:1 Pl:09 Pt:05;03503;2495307YH5629N0110TJ;2;1;41.00;03/10/2012;-0.105001;38.536554
CV-VUT0321525-A;AV ESTOCOLMO, 17, Es:1 Pl:09 Pt:06;03503;2495307YH5629N0111YK;2;1;55.00;03/10/2012;-0.105001;38.536554
CV-VUT0491533-A;AV ESTOCOLMO, 17, Es:1 Pl:09 Pt:13;03503;2495307YH5629N0116AM;2;1;41.00;25/07/2022;-0.105001;38.536554
CV-VUT0491534-A;AV ESTOCOLMO, 17, Es:1 Pl:09 Pt:14;03503;2495307YH5629N0117SQ;2;1;41.00;25/07/2022;-0.105001;38.536554
CV-VUT0322930-A;AV ESTOCOLMO, 2, Es:1 Pl:03 Pt:D;03503;2389514YH5629S0019WI;6;3;112.00;15/02/2019;-0.107025;38.533517
CV-VUT0475100-A;AV ESTOCOLMO, 2, Es:1 Pl:04 Pt:B;03503;2389514YH5629S0021QU;2;1;62.00;10/04/2019;-0.107025;38.533517
CV-VUT0490601-A;AV ESTOCOLMO, 2, Es:1 Pl:06 Pt:B;03503;2389514YH5629S0029OG;2;1;62.00;06/06/2022;-0.107025;38.533517
CV-VUT0443542-A;AV ESTOCOLMO, 2, Es:1 Pl:07 Pt:A;03503;2389514YH5629S0032OG;4;2;112.00;26/06/2015;-0.107025;38.533517
CV-VUT0482467-A;AV ESTOCOLMO, 2, Es:1 Pl:12 Pt:A;03503;2389514YH5629S0052MY;6;3;112.00;02/07/2020;-0.107025;38.533517
CV-VUT0514014-A;AV ESTOCOLMO, 2, Es:1 Pl:12 Pt:B;03503;2389514YH5629S0053QU;2;1;62.00;30/01/2025;-0.107025;38.533517
CV-VUT0461767-A;AV ESTOCOLMO, 38, Es:1 Pl:03 Pt:C;03503;2595905YH5629N0010MF;4;2;121.00;21/12/2017;-0.104171;38.536377
CV-VUT0456155-A;AV ESTOCOLMO, 38, Es:1 Pl:11 Pt:B;03503;2595905YH5629N0033JI;2;1;95.00;06/06/2017;-0.104171;38.536377
CV-VUT0456160-A;AV ESTOCOLMO, 38, Es:1 Pl:14 Pt:B;03503;2595905YH5629N0042MF;2;1;95.00;06/06/2017;-0.104171;38.536377
CV-VUT0517577-A;CL LONDRES, 9, Es:2 Pl:12 Pt:A;03503;2595905YH5629N0286GY;2;1;96.00;07/07/2025;-0.104171;38.536377
CV-VUT0497305-A;CL LONDRES, 9, Es:2 Pl:12 Pt:B;03503;2595905YH5629N0287HU;2;1;93.00;15/03/2023;-0.104171;38.536377
CV-VUT0487574-A;AV ESTOCOLMO, 42, Es:1 Pl:16 Pt:A;03503;2595906YH5629N0032WU;2;1;53.00;04/10/2021;-0.104105;38.536800
CV-VUT0505126-A;AV ESTOCOLMO, 42, Es:1 Pl:17 Pt:A;03503;2595906YH5629N0033EI;2;1;53.00;05/02/2024;-0.104105;38.536800
CV-VUT0320159-A;AV ESTOCOLMO, 5, Es:1 Pl:RE Pt:00;03503;2394306YH5629S0001DH;2;1;1.528.00;06/10/2004;-0.106342;38.534500
CV-VUT0320161-A;AV ESTOCOLMO, 5, Es:1 Pl:RE Pt:00;03503;2394306YH5629S0001DH;2;1;1.528.00;06/10/2004;-0.106342;38.534500
CV-VUT0320162-A;AV ESTOCOLMO, 5, Es:1 Pl:RE Pt:00;03503;2394306YH5629S0001DH;2;1;1.528.00;06/10/2004;-0.106342;38.534500
CV-VUT0320163-A;AV ESTOCOLMO, 5, Es:1 Pl:RE Pt:00;03503;2394306YH5629S0001DH;2;1;1.528.00;06/10/2004;-0.106342;38.534500
CV-VUT0320164-A;AV ESTOCOLMO, 5, Es:1 Pl:RE Pt:00;03503;2394306YH5629S0001DH;2;1;1.528.00;06/10/2004;-0.106342;38.534500
CV-VUT0320165-A;AV ESTOCOLMO, 5, Es:1 Pl:RE Pt:00;03503;2394306YH5629S0001DH;2;1;1.528.00;06/10/2004;-0.106342;38.534500
CV-VUT0320166-A;AV ESTOCOLMO, 5, Es:1 Pl:RE Pt:00;03503;2394306YH5629S0001DH;2;1;1.528.00;06/10/2004;-0.106342;38.534500
CV-VUT0320167-A;AV ESTOCOLMO, 5, Es:1 Pl:RE Pt:00;03503;2394306YH5629S0001DH;2;1;1.528.00;06/10/2004;-0.106342;38.534500
CV-VUT0320168-A;AV ESTOCOLMO, 5, Es:1 Pl:RE Pt:00;03503;2394306YH5629S0001DH;2;1;1.528.00;06/10/2004;-0.106342;38.534500
CV-VUT0320169-A;AV ESTOCOLMO, 5, Es:1 Pl:RE Pt:00;03503;2394306YH5629S0001DH;2;1;1.528.00;06/10/2004;-0.106342;38.534500
CV-VUT0320170-A;AV ESTOCOLMO, 5, Es:1 Pl:RE Pt:00;03503;2394306YH5629S0001DH;2;1;1.528.00;06/10/2004;-0.106342;38.534500
CV-VUT0320171-A;AV ESTOCOLMO, 5, Es:1 Pl:RE Pt:00;03503;2394306YH5629S0001DH;2;1;1.528.00;06/10/2004;-0.106342;38.534500
CV-VUT0463136-A;AV ESTOCOLMO, 50, Es:A Pl:01 Pt:37;03503;2798601YH5629N0037KS;4;2;32.00;26/01/2018;-0.102606;38.538697
CV-VUT0472506-A;AV ESTOCOLMO, 50, Es:A Pl:01 Pt:38;03503;2798601YH5629N0038LD;4;2;32.00;14/12/2018;-0.102606;38.538697
CV-VUT0471494-A;AV ESTOCOLMO, 50, Es:B Pl:01 Pt:36;03503;2798601YH5629N0081QK;4;2;32.00;31/10/2018;-0.102606;38.538697
CV-VUT0465942-A;AV ESTOCOLMO, 50, Es:C Pl:00 Pt:07;03503;2798601YH5629N0094AT;4;2;41.00;24/04/2018;-0.102606;38.538697
CV-VUT0465736-A;AV ESTOCOLMO, 50, Es:C Pl:01 Pt:15;03503;2798601YH5629N0102KS;4;2;41.00;19/04/2018;-0.102606;38.538697
CV-VUT0443980-A;AV ESTOCOLMO, 50, Es:D Pl:00 Pt:09;03503;2798601YH5629N0117UQ;4;2;32.00;07/08/2015;-0.102606;38.538697
CV-VUT0457500-A;AV ESTOCOLMO, 50, Es:D Pl:00 Pt:23;03503;2798601YH5629N0131GO;2;1;32.00;25/07/2017;-0.102606;38.538697
CV-VUT0472741-A;AV ESTOCOLMO, 50, Es:D Pl:00 Pt:26;03503;2798601YH5629N0134KS;3;2;32.00;19/12/2018;-0.102606;38.538697
CV-VUT0322919-A;AV ESTOCOLMO, 50, Es:I Pl:00 Pt:14;03503;2798601YH5629N0246UQ;4;2;41.00;05/02/2019;-0.102606;38.538697
CV-VUT0511485-A;AV ESTOCOLMO, 6, Es:1 Pl:02 Pt:B;03503;2494104YH5629S0006UZ;4;2;62.00;17/09/2024;-0.105996;38.534420
CV-VUT0322551-A;AV ESTOCOLMO, 6, Es:1 Pl:06 Pt:A;03503;2494104YH5629S0013AW;6;3;62.00;13/05/2018;-0.105996;38.534420
CV-VUT0518527-A;AV ESTOCOLMO, 6, Es:1 Pl:08 Pt:A;03503;2494104YH5629S0017GY;4;2;62.00;23/09/2025;-0.105996;38.534420
CV-VUT0450463-A;AV ESTOCOLMO, 7, Es:1 Pl:+1 Pt:01;03503;2394305YH5629S0036UL;4;2;54.00;05/10/2016;-0.106099;38.534672
CV-VUT0506840-A;AV ESTOCOLMO, 7, Es:1 Pl:03 Pt:C;03503;2394305YH5629S0011AM;2;1;50.00;05/04/2024;-0.106099;38.534672
CV-VUT0322148-A;AV ESTOCOLMO, 7, Es:1 Pl:04 Pt:B;03503;2394305YH5629S0013DW;2;1;41.00;27/04/2017;-0.106099;38.534672
CV-VUT0322668-A;AV ESTOCOLMO, 7, Es:1 Pl:04 Pt:C;03503;2394305YH5629S0014FE;4;2;50.00;12/06/2018;-0.106099;38.534672
CV-VUT0491210-A;AV ESTOCOLMO, 7, Es:1 Pl:05 Pt:A;03503;2394305YH5629S0015GR;4;2;43.00;06/07/2022;-0.106099;38.534672
CV-VUT0466136-A;AV ESTOCOLMO, 7, Es:1 Pl:11 Pt:C;03503;2394305YH5629S0035YK;4;2;50.00;27/04/2018;-0.106099;38.534672
CV-VUT0324210-A;AV ESTOCOLMO, 9, Es:1 Pl:04 Pt:B;03503;2394304YH5629S0010QX;4;2;55.00;17/02/2024;-0.105949;38.534861
CV-VUT0483263-A;AV ESTOCOLMO, 9, Es:1 Pl:08 Pt:A;03503;2394304YH5629S0017IY;4;2;55.00;17/09/2020;-0.105949;38.534861
CV-VUT0323409-A;AV EUROPA, 10, Es:1 Pl:11 Pt:01;03503;1196501YH5619N0023TB;4;2;98.00;31/08/2020;-0.119854;38.538783
CV-VUT0483193-A;AV EUROPA, 10, Es:1 Pl:14 Pt:01;03503;1196501YH5619N0029AE;4;2;98.00;08/09/2020;-0.119854;38.538783
CV-VUT0513802-A;AV EUROPA, 13, Es:A Pl:08 Pt:02;03503;1098801YH5619N0131BT;8;4;162.00;19/01/2025;-0.120730;38.539736
CV-VUT0323313-A;AV EUROPA, 19, Es:1 Pl:08 Pt:IZ;03503;1099202YH5619N0017XJ;6;3;104.00;27/02/2020;-0.120577;38.540279
CV-VUT0485421-A;AV EUROPA, 20, Es:1 Pl:06 Pt:B;03503;1203109YH5710S0027EX;4;2;97.00;18/03/2021;-0.119995;38.543073
CV-VUT0323245-A;AV EUROPA, 21, Es:1 Pl:01 Pt:B;03503;1099201YH5609N0004EE;2;1;65.00;13/12/2019;-0.121121;38.540441
CV-VUT0458150-A;AV EUROPA, 21, Es:1 Pl:01 Pt:D;03503;1099201YH5609N0006TT;5;3;65.00;07/07/2017;-0.121121;38.540441
CV-VUT0322996-A;CL IBIZA, 3, Es:2 Pl:01 Pt:A;03503;1099201YH5609N0090HH;4;2;101.00;13/05/2019;-0.121121;38.540441
CV-VUT0324201-A;CL IBIZA, 3, Es:2 Pl:09 Pt:A;03503;1099201YH5609N0130MM;4;2;101.00;14/02/2024;-0.121121;38.540441
CV-VUT0322687-A;CL IBIZA, 3, Es:2 Pl:14 Pt:D;03503;1099201YH5609N0158XX;2;1;65.00;19/06/2018;-0.121121;38.540441
CV-VUT0031061-A;AV EUROPA, 22, Es:1 Pl:01 Pt:03;03503;1203110YH5710S0005GY;4;2;84.00;30/11/1993;-0.119890;38.543604
CV-VUT0031062-A;AV EUROPA, 22, Es:1 Pl:01 Pt:04;03503;1203110YH5710S0006HU;2;1;63.00;30/11/1993;-0.119890;38.543604
CV-VUT0031063-A;AV EUROPA, 22, Es:1 Pl:01 Pt:05;03503;1203110YH5710S0007JI;2;1;63.00;30/11/1993;-0.119890;38.543604
CV-VUT0031064-A;AV EUROPA, 22, Es:1 Pl:01 Pt:06;03503;1203110YH5710S0008KO;2;1;63.00;30/11/1993;-0.119890;38.543604
CV-VUT0031065-A;AV EUROPA, 22, Es:1 Pl:01 Pt:07;03503;1203110YH5710S0009LP;2;1;68.00;30/11/1993;-0.119890;38.543604
CV-VUT0031066-A;AV EUROPA, 22, Es:1 Pl:02 Pt:08;03503;1203110YH5710S0010JI;4;2;84.00;30/11/1993;-0.119890;38.543604
CV-VUT0031067-A;AV EUROPA, 22, Es:1 Pl:02 Pt:09;03503;1203110YH5710S0011KO;2;1;63.00;30/11/1993;-0.119890;38.543604
CV-VUT0031068-A;AV EUROPA, 22, Es:1 Pl:02 Pt:10;03503;1203110YH5710S0012LP;2;1;63.00;30/11/1993;-0.119890;38.543604
CV-VUT0031069-A;AV EUROPA, 22, Es:1 Pl:02 Pt:11;03503;1203110YH5710S0013BA;2;1;63.00;30/11/1993;-0.119890;38.543604
CV-VUT0031070-A;AV EUROPA, 22, Es:1 Pl:02 Pt:12;03503;1203110YH5710S0014ZS;2;1;68.00;30/11/1993;-0.119890;38.543604
CV-VUT0031071-A;AV EUROPA, 22, Es:1 Pl:03 Pt:13;03503;1203110YH5710S0015XD;4;2;84.00;30/11/1993;-0.119890;38.543604
CV-VUT0031072-A;AV EUROPA, 22, Es:1 Pl:03 Pt:14;03503;1203110YH5710S0016MF;2;1;63.00;30/11/1993;-0.119890;38.543604
CV-VUT0031073-A;AV EUROPA, 22, Es:1 Pl:03 Pt:15;03503;1203110YH5710S0017QG;2;1;63.00;30/11/1993;-0.119890;38.543604
CV-VUT0031074-A;AV EUROPA, 22, Es:1 Pl:03 Pt:16;03503;1203110YH5710S0018WH;2;1;63.00;30/11/1993;-0.119890;38.543604
CV-VUT0031075-A;AV EUROPA, 22, Es:1 Pl:03 Pt:17;03503;1203110YH5710S0019EJ;2;1;68.00;30/11/1993;-0.119890;38.543604
CV-VUT0031076-A;AV EUROPA, 22, Es:1 Pl:04 Pt:18;03503;1203110YH5710S0020QG;4;2;84.00;30/11/1993;-0.119890;38.543604
CV-VUT0031077-A;AV EUROPA, 22, Es:1 Pl:04 Pt:19;03503;1203110YH5710S0021WH;2;1;63.00;30/11/1993;-0.119890;38.543604
CV-VUT0031078-A;AV EUROPA, 22, Es:1 Pl:04 Pt:20;03503;1203110YH5710S0022EJ;2;1;63.00;30/11/1993;-0.119890;38.543604
CV-VUT0031079-A;AV EUROPA, 22, Es:1 Pl:04 Pt:21;03503;1203110YH5710S0023RK;2;1;63.00;30/11/1993;-0.119890;38.543604
CV-VUT0031080-A;AV EUROPA, 22, Es:1 Pl:04 Pt:22;03503;1203110YH5710S0024TL;2;1;68.00;30/11/1993;-0.119890;38.543604
CV-VUT0031081-A;AV EUROPA, 22, Es:1 Pl:05 Pt:23;03503;1203110YH5710S0025YB;4;2;84.00;30/11/1993;-0.119890;38.543604
CV-VUT0031082-A;AV EUROPA, 22, Es:1 Pl:05 Pt:24;03503;1203110YH5710S0026UZ;2;1;63.00;30/11/1993;-0.119890;38.543604
CV-VUT0031083-A;AV EUROPA, 22, Es:1 Pl:05 Pt:25;03503;1203110YH5710S0027IX;2;1;63.00;30/11/1993;-0.119890;38.543604
CV-VUT0031084-A;AV EUROPA, 22, Es:1 Pl:05 Pt:26;03503;1203110YH5710S0028OM;2;1;63.00;30/11/1993;-0.119890;38.543604
CV-VUT0031085-A;AV EUROPA, 22, Es:1 Pl:05 Pt:27;03503;1203110YH5710S0029PQ;2;1;68.00;30/11/1993;-0.119890;38.543604
CV-VUT0031086-A;AV EUROPA, 22, Es:1 Pl:06 Pt:28;03503;1203110YH5710S0030IX;4;2;84.00;30/11/1993;-0.119890;38.543604
CV-VUT0031087-A;AV EUROPA, 22, Es:1 Pl:06 Pt:29;03503;1203110YH5710S0031OM;2;1;63.00;30/11/1993;-0.119890;38.543604
CV-VUT0031088-A;AV EUROPA, 22, Es:1 Pl:06 Pt:30;03503;1203110YH5710S0032PQ;2;1;63.00;30/11/1993;-0.119890;38.543604
CV-VUT0031089-A;AV EUROPA, 22, Es:1 Pl:06 Pt:31;03503;1203110YH5710S0033AW;2;1;63.00;30/11/1993;-0.119890;38.543604
CV-VUT0031090-A;AV EUROPA, 22, Es:1 Pl:06 Pt:32;03503;1203110YH5710S0034SE;2;1;68.00;30/11/1993;-0.119890;38.543604
CV-VUT0031091-A;AV EUROPA, 22, Es:1 Pl:07 Pt:33;03503;1203110YH5710S0035DR;4;2;84.00;30/11/1993;-0.119890;38.543604
CV-VUT0031092-A;AV EUROPA, 22, Es:1 Pl:07 Pt:34;03503;1203110YH5710S0036FT;2;1;63.00;30/11/1993;-0.119890;38.543604
CV-VUT0031093-A;AV EUROPA, 22, Es:1 Pl:07 Pt:35;03503;1203110YH5710S0037GY;2;1;63.00;30/11/1993;-0.119890;38.543604
CV-VUT0031094-A;AV EUROPA, 22, Es:1 Pl:07 Pt:36;03503;1203110YH5710S0038HU;2;1;63.00;30/11/1993;-0.119890;38.543604
CV-VUT0031095-A;AV EUROPA, 22, Es:1 Pl:07 Pt:37;03503;1203110YH5710S0039JI;2;1;68.00;30/11/1993;-0.119890;38.543604
CV-VUT0031096-A;AV EUROPA, 22, Es:1 Pl:08 Pt:38;03503;1203110YH5710S0040GY;4;2;84.00;30/11/1993;-0.119890;38.543604
CV-VUT0031097-A;AV EUROPA, 22, Es:1 Pl:08 Pt:39;03503;1203110YH5710S0041HU;2;1;63.00;30/11/1993;-0.119890;38.543604
CV-VUT0031098-A;AV EUROPA, 22, Es:1 Pl:08 Pt:40;03503;1203110YH5710S0042JI;2;1;63.00;30/11/1993;-0.119890;38.543604
CV-VUT0031099-A;AV EUROPA, 22, Es:1 Pl:08 Pt:41;03503;1203110YH5710S0043KO;2;1;63.00;30/11/1993;-0.119890;38.543604
CV-VUT0031100-A;AV EUROPA, 22, Es:1 Pl:08 Pt:42;03503;1203110YH5710S0044LP;2;1;68.00;30/11/1993;-0.119890;38.543604
CV-VUT0031101-A;AV EUROPA, 22, Es:1 Pl:09 Pt:43;03503;1203110YH5710S0045BA;4;2;84.00;30/11/1993;-0.119890;38.543604
CV-VUT0031102-A;AV EUROPA, 22, Es:1 Pl:09 Pt:44;03503;1203110YH5710S0046ZS;2;1;63.00;30/11/1993;-0.119890;38.543604
CV-VUT0031103-A;AV EUROPA, 22, Es:1 Pl:09 Pt:45;03503;1203110YH5710S0047XD;2;1;63.00;30/11/1993;-0.119890;38.543604
CV-VUT0031104-A;AV EUROPA, 22, Es:1 Pl:09 Pt:46;03503;1203110YH5710S0048MF;2;1;63.00;30/11/1993;-0.119890;38.543604
CV-VUT0031105-A;AV EUROPA, 22, Es:1 Pl:09 Pt:47;03503;1203110YH5710S0049QG;2;1;68.00;30/11/1993;-0.119890;38.543604
CV-VUT0031106-A;AV EUROPA, 22, Es:1 Pl:10 Pt:48;03503;1203110YH5710S0050XD;4;2;84.00;30/11/1993;-0.119890;38.543604
CV-VUT0031107-A;AV EUROPA, 22, Es:1 Pl:10 Pt:49;03503;1203110YH5710S0051MF;2;1;63.00;30/11/1993;-0.119890;38.543604
CV-VUT0031108-A;AV EUROPA, 22, Es:1 Pl:10 Pt:50;03503;1203110YH5710S0052QG;2;1;63.00;30/11/1993;-0.119890;38.543604
CV-VUT0031109-A;AV EUROPA, 22, Es:1 Pl:10 Pt:51;03503;1203110YH5710S0053WH;2;1;63.00;30/11/1993;-0.119890;38.543604
CV-VUT0031110-A;AV EUROPA, 22, Es:1 Pl:10 Pt:52;03503;1203110YH5710S0054EJ;2;1;68.00;30/11/1993;-0.119890;38.543604
CV-VUT0031116-A;AV EUROPA, 22, Es:1 Pl:10 Pt:53;03503;1203110YH5710S0055RK;4;2;84.00;30/11/1993;-0.119890;38.543604
CV-VUT0031117-A;AV EUROPA, 22, Es:1 Pl:10 Pt:54;03503;1203110YH5710S0056TL;2;1;63.00;30/11/1993;-0.119890;38.543604
CV-VUT0031118-A;AV EUROPA, 22, Es:1 Pl:10 Pt:55;03503;1203110YH5710S0057YB;2;1;63.00;30/11/1993;-0.119890;38.543604
CV-VUT0031119-A;AV EUROPA, 22, Es:1 Pl:10 Pt:56;03503;1203110YH5710S0058UZ;2;1;63.00;30/11/1993;-0.119890;38.543604
CV-VUT0031111-A;AV EUROPA, 22, Es:1 Pl:11 Pt:57;03503;1203110YH5710S0059IX;4;2;68.00;30/11/1993;-0.119890;38.543604
CV-VUT0031112-A;AV EUROPA, 22, Es:1 Pl:11 Pt:58;03503;1203110YH5710S0060YB;2;1;84.00;30/11/1993;-0.119890;38.543604
CV-VUT0031113-A;AV EUROPA, 22, Es:1 Pl:11 Pt:59;03503;1203110YH5710S0061UZ;2;1;63.00;30/11/1993;-0.119890;38.543604
CV-VUT0031114-A;AV EUROPA, 22, Es:1 Pl:11 Pt:60;03503;1203110YH5710S0062IX;2;1;63.00;30/11/1993;-0.119890;38.543604
CV-VUT0031115-A;AV EUROPA, 22, Es:1 Pl:11 Pt:61;03503;1203110YH5710S0063OM;2;1;63.00;30/11/1993;-0.119890;38.543604
CV-VUT0031120-A;AV EUROPA, 22, Es:1 Pl:12 Pt:62;03503;1203110YH5710S0064PQ;2;1;68.00;30/11/1993;-0.119890;38.543604
CV-VUT0031121-A;AV EUROPA, 22, Es:1 Pl:13 Pt:63;03503;1203110YH5710S0065AW;4;2;84.00;30/11/1993;-0.119890;38.543604
CV-VUT0031122-A;AV EUROPA, 22, Es:1 Pl:13 Pt:64;03503;1203110YH5710S0066SE;2;1;63.00;30/11/1993;-0.119890;38.543604
CV-VUT0031123-A;AV EUROPA, 22, Es:1 Pl:13 Pt:65;03503;1203110YH5710S0067DR;2;1;63.00;30/11/1993;-0.119890;38.543604
CV-VUT0031124-A;AV EUROPA, 22, Es:1 Pl:13 Pt:66;03503;1203110YH5710S0068FT;2;1;63.00;30/11/1993;-0.119890;38.543604
CV-VUT0031125-A;AV EUROPA, 22, Es:1 Pl:13 Pt:67;03503;1203110YH5710S0069GY;2;1;68.00;30/11/1993;-0.119890;38.543604
CV-VUT0031126-A;AV EUROPA, 22, Es:1 Pl:14 Pt:68;03503;1203110YH5710S0070DR;4;2;84.00;30/11/1993;-0.119890;38.543604
CV-VUT0031127-A;AV EUROPA, 22, Es:1 Pl:14 Pt:69;03503;1203110YH5710S0071FT;2;1;63.00;30/11/1993;-0.119890;38.543604
CV-VUT0031128-A;AV EUROPA, 22, Es:1 Pl:14 Pt:70;03503;1203110YH5710S0072GY;2;1;63.00;30/11/1993;-0.119890;38.543604
CV-VUT0031129-A;AV EUROPA, 22, Es:1 Pl:14 Pt:71;03503;1203110YH5710S0073HU;2;1;63.00;30/11/1993;-0.119890;38.543604
CV-VUT0031130-A;AV EUROPA, 22, Es:1 Pl:14 Pt:72;03503;1203110YH5710S0074JI;2;1;68.00;30/11/1993;-0.119890;38.543604
CV-VUT0031131-A;AV EUROPA, 22, Es:1 Pl:15 Pt:73;03503;1203110YH5710S0075KO;4;2;84.00;30/11/1993;-0.119890;38.543604
CV-VUT0031132-A;AV EUROPA, 22, Es:1 Pl:15 Pt:74;03503;1203110YH5710S0076LP;2;1;63.00;30/11/1993;-0.119890;38.543604
CV-VUT0031133-A;AV EUROPA, 22, Es:1 Pl:15 Pt:75;03503;1203110YH5710S0077BA;2;1;63.00;30/11/1993;-0.119890;38.543604
CV-VUT0031134-A;AV EUROPA, 22, Es:1 Pl:15 Pt:76;03503;1203110YH5710S0078ZS;2;1;63.00;30/11/1993;-0.119890;38.543604
CV-VUT0031135-A;AV EUROPA, 22, Es:1 Pl:15 Pt:77;03503;1203110YH5710S0079XD;2;1;68.00;30/11/1993;-0.119890;38.543604
CV-VUT0031136-A;AV EUROPA, 22, Es:1 Pl:16 Pt:78;03503;1203110YH5710S0080BA;4;2;84.00;30/11/1993;-0.119890;38.543604
CV-VUT0031137-A;AV EUROPA, 22, Es:1 Pl:16 Pt:79;03503;1203110YH5710S0081ZS;2;1;63.00;30/11/1993;-0.119890;38.543604
CV-VUT0031138-A;AV EUROPA, 22, Es:1 Pl:16 Pt:80;03503;1203110YH5710S0082XD;2;1;63.00;30/11/1993;-0.119890;38.543604
CV-VUT0031139-A;AV EUROPA, 22, Es:1 Pl:16 Pt:81;03503;1203110YH5710S0083MF;2;1;63.00;30/11/1993;-0.119890;38.543604
CV-VUT0031140-A;AV EUROPA, 22, Es:1 Pl:16 Pt:82;03503;1203110YH5710S0084QG;2;1;68.00;30/11/1993;-0.119890;38.543604
CV-VUT0031141-A;AV EUROPA, 22, Es:1 Pl:17 Pt:83;03503;1203110YH5710S0085WH;4;2;84.00;30/11/1993;-0.119890;38.543604
CV-VUT0031142-A;AV EUROPA, 22, Es:1 Pl:17 Pt:84;03503;1203110YH5710S0086EJ;2;1;63.00;30/11/1993;-0.119890;38.543604
CV-VUT0031143-A;AV EUROPA, 22, Es:1 Pl:17 Pt:85;03503;1203110YH5710S0087RK;2;1;63.00;30/11/1993;-0.119890;38.543604
CV-VUT0031144-A;AV EUROPA, 22, Es:1 Pl:17 Pt:86;03503;1203110YH5710S0088TL;2;1;63.00;30/11/1993;-0.119890;38.543604
CV-VUT0031145-A;AV EUROPA, 22, Es:1 Pl:17 Pt:87;03503;1203110YH5710S0089YB;2;1;68.00;30/11/1993;-0.119890;38.543604
CV-VUT0031146-A;AV EUROPA, 22, Es:1 Pl:18 Pt:88;03503;1203110YH5710S0090RK;4;2;84.00;30/11/1993;-0.119890;38.543604
CV-VUT0031147-A;AV EUROPA, 22, Es:1 Pl:18 Pt:89;03503;1203110YH5710S0091TL;2;1;63.00;30/11/1993;-0.119890;38.543604
CV-VUT0031148-A;AV EUROPA, 22, Es:1 Pl:18 Pt:90;03503;1203110YH5710S0092YB;2;1;63.00;30/11/1993;-0.119890;38.543604
CV-VUT0031149-A;AV EUROPA, 22, Es:1 Pl:18 Pt:91;03503;1203110YH5710S0093UZ;2;1;63.00;30/11/1993;-0.119890;38.543604
CV-VUT0031150-A;AV EUROPA, 22, Es:1 Pl:18 Pt:92;03503;1203110YH5710S0094IX;2;1;68.00;30/11/1993;-0.119890;38.543604
CV-VUT0031151-A;AV EUROPA, 22, Es:1 Pl:19 Pt:93;03503;1203110YH5710S0095OM;4;2;84.00;30/11/1993;-0.119890;38.543604
CV-VUT0031152-A;AV EUROPA, 22, Es:1 Pl:19 Pt:94;03503;1203110YH5710S0096PQ;2;1;63.00;30/11/1993;-0.119890;38.543604
CV-VUT0031153-A;AV EUROPA, 22, Es:1 Pl:19 Pt:95;03503;1203110YH5710S0097AW;2;1;63.00;30/11/1993;-0.119890;38.543604
CV-VUT0031154-A;AV EUROPA, 22, Es:1 Pl:19 Pt:96;03503;1203110YH5710S0098SE;2;1;63.00;30/11/1993;-0.119890;38.543604
CV-VUT0031155-A;AV EUROPA, 22, Es:1 Pl:19 Pt:97;03503;1203110YH5710S0099DR;2;1;68.00;30/11/1993;-0.119890;38.543604
CV-VUT0031156-A;AV EUROPA, 22, Es:1 Pl:20 Pt:98;03503;1203110YH5710S0100DR;2;1;104.00;30/11/1993;-0.119890;38.543604
CV-VUT0031157-A;AV EUROPA, 22, Es:1 Pl:20 Pt:99;03503;1203110YH5710S0101FT;2;1;62.00;30/11/1993;-0.119890;38.543604
CV-VUT0031158-A;AV EUROPA, 22, Es:1 Pl:20 Pt:A0;03503;1203110YH5710S0102GY;2;1;104.00;30/11/1993;-0.119890;38.543604
CV-VUT0472298-A;AV EUROPA, 25, Es:1 Pl:03 Pt:05;03503;0999301YH5710S0028OM;10;5;117.00;28/11/2018;-0.120770;38.542763
CV-VUT0504437-A;AV EUROPA, 27, Es:2 Pl:06 Pt:11;03503;0999301YH5710S0050XD;6;3;118.00;02/01/2024;-0.120770;38.542763
CV-VUT0322576-A;AV EUROPA, 8, Es:1 Pl:03 Pt:B;03503;1196502YH5619N0141YS;4;2;64.00;20/05/2018;-0.119925;38.538263
CV-VUT0462120-A;AV EUROPA, 8, Es:1 Pl:06 Pt:B;03503;1196502YH5619N0150SK;2;1;64.00;28/12/2017;-0.119925;38.538263
CV-VUT0448822-A;AV EUROPA, 8, Es:1 Pl:09 Pt:B;03503;1196502YH5619N0159ZR;2;1;64.00;08/07/2016;-0.119925;38.538263
CV-VUT0514568-A;AV EUROPA, 8, Es:1 Pl:09 Pt:C;03503;1196502YH5619N0160LW;4;2;92.00;28/02/2025;-0.119925;38.538263
CV-VUT0479411-A;AV EUROPA, 8, Es:1 Pl:15 Pt:A;03503;1196502YH5619N0176OG;6;3;92.00;04/11/2019;-0.119925;38.538263
CV-VUT0459087-A;AV EUROPA, 8, Es:1 Pl:21 Pt:C;03503;1196502YH5619N0196MY;4;2;92.00;06/10/2017;-0.119925;38.538263
CV-VUT0472590-A;AV EUROPA, 9, Es:1 Pl:01 Pt:D;03503;1097802YH5619N0094BQ;4;2;50.00;17/12/2018;-0.120752;38.538215
CV-VUT0443729-A;AV EUROPA, 9, Es:1 Pl:03 Pt:B;03503;1097802YH5619N0102RI;3;2;50.00;21/07/2015;-0.120752;38.538215
CV-VUT0318628-A;AV EUROPA, 9, Es:1 Pl:03 Pt:D;03503;1097802YH5619N0104YP;2;1;50.00;03/08/2000;-0.120752;38.538215
CV-VUT0324295-A;AV EUROPA, 9, Es:1 Pl:04 Pt:B;03503;1097802YH5619N0107OD;2;1;50.00;06/05/2024;-0.120752;38.538215
CV-VUT0443726-A;AV EUROPA, 9, Es:1 Pl:09 Pt:B;03503;1097802YH5619N0130MR;3;2;50.00;21/07/2015;-0.120752;38.538215
CV-VUT0323461-A;AV EUROPA, 9, Es:1 Pl:10 Pt:C;03503;1097802YH5619N0136YP;2;1;50.00;21/01/2021;-0.120752;38.538215
CV-VUT0443728-A;AV EUROPA, 9, Es:1 Pl:11 Pt:B;03503;1097802YH5619N0140UA;3;2;50.00;21/07/2015;-0.120752;38.538215
CV-VUT0505439-A;AV EUROPA, 9, Es:1 Pl:15 Pt:C;03503;1097802YH5619N0161XE;2;1;50.00;02/02/2024;-0.120752;38.538215
CV-VUT0472982-A;AV FILIPINAS, 2, Es:1 Pl:01 Pt:01;03503;1693501YH5619S0011PL;6;3;93.00;07/01/2019;-0.114348;38.535661
CV-VUT0482170-A;AV FILIPINAS, 2, Es:1 Pl:01 Pt:02;03503;1693501YH5619S0012AB;3;2;98.00;04/06/2020;-0.114348;38.535661
CV-VUT0320755-A;AV FILIPINAS, 2, Es:1 Pl:02 Pt:01;03503;1693501YH5619S0015FM;5;3;93.00;26/06/2008;-0.114348;38.535661
CV-VUT0320757-A;AV FILIPINAS, 2, Es:1 Pl:02 Pt:02;03503;1693501YH5619S0016GQ;5;3;196.00;26/06/2008;-0.114348;38.535661
CV-VUT0320758-A;AV FILIPINAS, 2, Es:1 Pl:02 Pt:04;03503;1693501YH5619S0017HW;5;3;93.00;26/06/2008;-0.114348;38.535661
CV-VUT0320759-A;AV FILIPINAS, 2, Es:1 Pl:03 Pt:01;03503;1693501YH5619S0018JE;5;3;93.00;26/06/2008;-0.114348;38.535661
CV-VUT0320760-A;AV FILIPINAS, 2, Es:1 Pl:03 Pt:02;03503;1693501YH5619S0019KR;5;3;98.00;26/06/2008;-0.114348;38.535661
CV-VUT0320761-A;AV FILIPINAS, 2, Es:1 Pl:03 Pt:03;03503;1693501YH5619S0020HW;5;3;98.00;26/06/2008;-0.114348;38.535661
CV-VUT0320762-A;AV FILIPINAS, 2, Es:1 Pl:03 Pt:04;03503;1693501YH5619S0021JE;5;3;93.00;26/06/2008;-0.114348;38.535661
CV-VUT0320763-A;AV FILIPINAS, 2, Es:1 Pl:04 Pt:01;03503;1693501YH5619S0022KR;5;3;93.00;26/06/2008;-0.114348;38.535661
CV-VUT0320764-A;AV FILIPINAS, 2, Es:1 Pl:04 Pt:02;03503;1693501YH5619S0023LT;5;3;98.00;26/06/2008;-0.114348;38.535661
CV-VUT0320765-A;AV FILIPINAS, 2, Es:1 Pl:04 Pt:03;03503;1693501YH5619S0024BY;5;3;98.00;26/06/2008;-0.114348;38.535661
CV-VUT0320766-A;AV FILIPINAS, 2, Es:1 Pl:04 Pt:04;03503;1693501YH5619S0025ZU;5;3;93.00;26/06/2008;-0.114348;38.535661
CV-VUT0320767-A;AV FILIPINAS, 2, Es:1 Pl:05 Pt:01;03503;1693501YH5619S0026XI;5;3;93.00;26/06/2008;-0.114348;38.535661
CV-VUT0320768-A;AV FILIPINAS, 2, Es:1 Pl:05 Pt:02;03503;1693501YH5619S0027MO;5;3;98.00;26/06/2008;-0.114348;38.535661
CV-VUT0320769-A;AV FILIPINAS, 2, Es:1 Pl:05 Pt:03;03503;1693501YH5619S0028QP;5;3;98.00;26/06/2008;-0.114348;38.535661
CV-VUT0320770-A;AV FILIPINAS, 2, Es:1 Pl:05 Pt:04;03503;1693501YH5619S0029WA;5;3;93.00;26/06/2008;-0.114348;38.535661
CV-VUT0320771-A;AV FILIPINAS, 2, Es:1 Pl:06 Pt:01;03503;1693501YH5619S0030MO;5;3;93.00;26/06/2008;-0.114348;38.535661
CV-VUT0320772-A;AV FILIPINAS, 2, Es:1 Pl:06 Pt:02;03503;1693501YH5619S0031QP;5;3;98.00;26/06/2008;-0.114348;38.535661
CV-VUT0320773-A;AV FILIPINAS, 2, Es:1 Pl:06 Pt:03;03503;1693501YH5619S0032WA;5;3;98.00;26/06/2008;-0.114348;38.535661
CV-VUT0320774-A;AV FILIPINAS, 2, Es:1 Pl:06 Pt:04;03503;1693501YH5619S0033ES;5;3;93.00;26/06/2008;-0.114348;38.535661
CV-VUT0515677-A;AV FILIPINAS, 2, Es:1 Pl:07 Pt:02;03503;1693501YH5619S0035TF;6;3;98.00;03/04/2025;-0.114348;38.535661
CV-VUT0441311-A;AV FILIPINAS, 2, Es:1 Pl:08 Pt:02;03503;1693501YH5619S0039OK;4;2;98.00;23/10/2014;-0.114348;38.535661
CV-VUT0441313-A;AV FILIPINAS, 2, Es:1 Pl:10 Pt:03;03503;1693501YH5619S0048GQ;4;2;98.00;23/10/2014;-0.114348;38.535661
CV-VUT0451378-A;AV FILIPINAS, 2, Es:1 Pl:11 Pt:02;03503;1693501YH5619S0051GQ;6;3;98.00;18/11/2016;-0.114348;38.535661
CV-VUT0494264-A;AV FILIPINAS, 2, Es:1 Pl:12 Pt:03;03503;1693501YH5619S0056BY;8;4;98.00;19/12/2022;-0.114348;38.535661
CV-VUT0324207-A;AV FILIPINAS, 2, Es:1 Pl:14 Pt:03;03503;1693501YH5619S0064WA;6;3;98.00;15/02/2024;-0.114348;38.535661
CV-VUT0441314-A;AV FILIPINAS, 2, Es:1 Pl:15 Pt:02;03503;1693501YH5619S0067TF;4;2;98.00;23/10/2014;-0.114348;38.535661
CV-VUT0515303-A;AV FILIPINAS, 2, Es:1 Pl:15 Pt:03;03503;1693501YH5619S0068YG;5;3;98.00;25/03/2025;-0.114348;38.535661
CV-VUT0323748-A;AV FILIPINAS, 2, Es:1 Pl:16 Pt:04;03503;1693501YH5619S0073IJ;6;3;93.00;21/07/2022;-0.114348;38.535661
CV-VUT0460791-A;AV FILIPINAS, 3, Es:1 Pl:03 Pt:B;03503;1595906YH5619N0011BA;2;1;50.00;30/11/2017;-0.114857;38.536457
CV-VUT0458247-A;AV FILIPINAS, 3, Es:1 Pl:03 Pt:C;03503;1595906YH5619N0012ZS;2;1;52.00;15/06/2017;-0.114857;38.536457
CV-VUT0455018-A;AV FILIPINAS, 3, Es:1 Pl:05 Pt:A;03503;1595906YH5619N0016WH;2;1;52.00;04/05/2017;-0.114857;38.536457
CV-VUT0494417-A;AV FILIPINAS, 7, Es:1 Pl:06 Pt:B;03503;1596904YH5619N0018FK;4;2;75.00;16/01/2023;-0.114537;38.537472
CV-VUT0507577-A;AV FILIPINAS, 7, Es:1 Pl:12 Pt:A;03503;1596904YH5619N0029XE;4;2;75.00;29/04/2024;-0.114537;38.537472
CV-VUT0441668-A;AV FILIPINAS, 8, Es:1 Pl:01 Pt:B;03503;1796103YH5619N0004GU;6; ;64.00;23/12/2014;-0.114007;38.537268
CV-VUT0323999-A;AV FILIPINAS, 8, Es:1 Pl:04 Pt:C;03503;1796103YH5619N0014XF;6;3;64.00;27/05/2023;-0.114007;38.537268
CV-VUT0500534-A;AV FILIPINAS, 8, Es:1 Pl:10 Pt:B;03503;1796103YH5619N0031PW;6;3;64.00;31/07/2023;-0.114007;38.537268
CV-VUT0482152-A;AV FILIPINAS, 8, Es:1 Pl:11 Pt:B;03503;1796103YH5619N0034DT;6;3;78.00;04/06/2020;-0.114007;38.537268
CV-VUT0320775-A;AV FILIPINAS, 9, Es:1 Pl:01 Pt:A;03503;1596903YH5619N0002GT;2;1;67.00;08/07/2008;-0.114642;38.537762
CV-VUT0032934-A;AV FILIPINAS, 9, Es:1 Pl:01 Pt:B;03503;1596903YH5619N0003HY;4;3;66.00;05/11/1993;-0.114642;38.537762
CV-VUT0032935-A;AV FILIPINAS, 9, Es:1 Pl:01 Pt:C;03503;1596903YH5619N0004JU;4;3;65.00;05/11/1993;-0.114642;38.537762
CV-VUT0322922-A;AV FILIPINAS, 9, Es:1 Pl:01 Pt:D;03503;1596903YH5619N0005KI;2;1;66.00;06/02/2019;-0.114642;38.537762
CV-VUT0032937-A;AV FILIPINAS, 9, Es:1 Pl:02 Pt:A;03503;1596903YH5619N0006LO;4;3;67.00;05/11/1993;-0.114642;38.537762
CV-VUT0032938-A;AV FILIPINAS, 9, Es:1 Pl:02 Pt:B;03503;1596903YH5619N0007BP;4;3;66.00;05/11/1993;-0.114642;38.537762
CV-VUT0323231-A;AV FILIPINAS, 9, Es:1 Pl:02 Pt:C;03503;1596903YH5619N0008ZA;4;3;65.00;10/12/2019;-0.114642;38.537762
CV-VUT0032940-A;AV FILIPINAS, 9, Es:1 Pl:02 Pt:D;03503;1596903YH5619N0009XS;4;3;66.00;05/11/1993;-0.114642;38.537762
CV-VUT0032941-A;AV FILIPINAS, 9, Es:1 Pl:03 Pt:A;03503;1596903YH5619N0010BP;4;3;67.00;05/11/1993;-0.114642;38.537762
CV-VUT0032942-A;AV FILIPINAS, 9, Es:1 Pl:03 Pt:B;03503;1596903YH5619N0011ZA;4;3;66.00;05/11/1993;-0.114642;38.537762
CV-VUT0032943-A;AV FILIPINAS, 9, Es:1 Pl:03 Pt:C;03503;1596903YH5619N0012XS;4;3;65.00;05/11/1993;-0.114642;38.537762
CV-VUT0032944-A;AV FILIPINAS, 9, Es:1 Pl:03 Pt:D;03503;1596903YH5619N0013MD;4;3;66.00;05/11/1993;-0.114642;38.537762
CV-VUT0032945-A;AV FILIPINAS, 9, Es:1 Pl:04 Pt:A;03503;1596903YH5619N0014QF;4;3;67.00;05/11/1993;-0.114642;38.537762
CV-VUT0032946-A;AV FILIPINAS, 9, Es:1 Pl:04 Pt:B;03503;1596903YH5619N0015WG;4;3;66.00;05/11/1993;-0.114642;38.537762
CV-VUT0032947-A;AV FILIPINAS, 9, Es:1 Pl:04 Pt:C;03503;1596903YH5619N0016EH;4;3;65.00;05/11/1993;-0.114642;38.537762
CV-VUT0032948-A;AV FILIPINAS, 9, Es:1 Pl:04 Pt:D;03503;1596903YH5619N0017RJ;4;3;66.00;05/11/1993;-0.114642;38.537762
CV-VUT0322923-A;AV FILIPINAS, 9, Es:1 Pl:05 Pt:A;03503;1596903YH5619N0018TK;4;2;67.00;06/02/2019;-0.114642;38.537762
CV-VUT0032950-A;AV FILIPINAS, 9, Es:1 Pl:05 Pt:B;03503;1596903YH5619N0019YL;4;3;66.00;05/11/1993;-0.114642;38.537762
CV-VUT0032933-A;AV FILIPINAS, 9, Es:1 Pl:05 Pt:C;03503;1596903YH5619N0020RJ;4;3;65.00;05/11/1993;-0.114642;38.537762
CV-VUT0032914-A;AV FILIPINAS, 9, Es:1 Pl:05 Pt:D;03503;1596903YH5619N0021TK;4;3;66.00;05/11/1993;-0.114642;38.537762
CV-VUT0032915-A;AV FILIPINAS, 9, Es:1 Pl:06 Pt:A;03503;1596903YH5619N0022YL;4;3;67.00;05/11/1993;-0.114642;38.537762
CV-VUT0032916-A;AV FILIPINAS, 9, Es:1 Pl:06 Pt:B;03503;1596903YH5619N0023UB;4;3;66.00;05/11/1993;-0.114642;38.537762
CV-VUT0032917-A;AV FILIPINAS, 9, Es:1 Pl:06 Pt:C;03503;1596903YH5619N0024IZ;4;3;65.00;05/11/1993;-0.114642;38.537762
CV-VUT0032918-A;AV FILIPINAS, 9, Es:1 Pl:06 Pt:D;03503;1596903YH5619N0025OX;4;3;66.00;05/11/1993;-0.114642;38.537762
CV-VUT0032919-A;AV FILIPINAS, 9, Es:1 Pl:07 Pt:A;03503;1596903YH5619N0026PM;4;3;67.00;05/11/1993;-0.114642;38.537762
CV-VUT0032920-A;AV FILIPINAS, 9, Es:1 Pl:07 Pt:B;03503;1596903YH5619N0027AQ;4;3;66.00;05/11/1993;-0.114642;38.537762
CV-VUT0032921-A;AV FILIPINAS, 9, Es:1 Pl:07 Pt:C;03503;1596903YH5619N0028SW;4;3;65.00;05/11/1993;-0.114642;38.537762
CV-VUT0032922-A;AV FILIPINAS, 9, Es:1 Pl:07 Pt:D;03503;1596903YH5619N0029DE;4;3;66.00;05/11/1993;-0.114642;38.537762
CV-VUT0032923-A;AV FILIPINAS, 9, Es:1 Pl:08 Pt:A;03503;1596903YH5619N0030AQ;4;3;67.00;05/11/1993;-0.114642;38.537762
CV-VUT0032924-A;AV FILIPINAS, 9, Es:1 Pl:08 Pt:B;03503;1596903YH5619N0031SW;4;3;66.00;05/11/1993;-0.114642;38.537762
CV-VUT0032925-A;AV FILIPINAS, 9, Es:1 Pl:08 Pt:C;03503;1596903YH5619N0032DE;4;3;65.00;05/11/1993;-0.114642;38.537762
CV-VUT0032926-A;AV FILIPINAS, 9, Es:1 Pl:08 Pt:D;03503;1596903YH5619N0033FR;4;3;66.00;05/11/1993;-0.114642;38.537762
CV-VUT0032927-A;AV FILIPINAS, 9, Es:1 Pl:09 Pt:A;03503;1596903YH5619N0034GT;4;3;67.00;05/11/1993;-0.114642;38.537762
CV-VUT0032928-A;AV FILIPINAS, 9, Es:1 Pl:09 Pt:B;03503;1596903YH5619N0035HY;4;3;66.00;05/11/1993;-0.114642;38.537762
CV-VUT0032929-A;AV FILIPINAS, 9, Es:1 Pl:09 Pt:C;03503;1596903YH5619N0036JU;4;3;65.00;05/11/1993;-0.114642;38.537762
CV-VUT0032930-A;AV FILIPINAS, 9, Es:1 Pl:09 Pt:D;03503;1596903YH5619N0037KI;4;3;66.00;05/11/1993;-0.114642;38.537762
CV-VUT0032931-A;AV FILIPINAS, 9, Es:1 Pl:10 Pt:A;03503;1596903YH5619N0038LO;4;3;67.00;05/11/1993;-0.114642;38.537762
CV-VUT0032932-A;AV FILIPINAS, 9, Es:1 Pl:10 Pt:B;03503;1596903YH5619N0039BP;4;3;66.00;05/11/1993;-0.114642;38.537762
CV-VUT0032895-A;AV FILIPINAS, 9, Es:1 Pl:10 Pt:C;03503;1596903YH5619N0040KI;4;3;65.00;05/11/1993;-0.114642;38.537762
CV-VUT0032896-A;AV FILIPINAS, 9, Es:1 Pl:10 Pt:D;03503;1596903YH5619N0041LO;4;3;66.00;05/11/1993;-0.114642;38.537762
CV-VUT0032897-A;AV FILIPINAS, 9, Es:1 Pl:11 Pt:A;03503;1596903YH5619N0042BP;4;3;67.00;05/11/1993;-0.114642;38.537762
CV-VUT0032898-A;AV FILIPINAS, 9, Es:1 Pl:11 Pt:B;03503;1596903YH5619N0043ZA;4;3;66.00;05/11/1993;-0.114642;38.537762
CV-VUT0032899-A;AV FILIPINAS, 9, Es:1 Pl:11 Pt:C;03503;1596903YH5619N0044XS;4;3;65.00;05/11/1993;-0.114642;38.537762
CV-VUT0032900-A;AV FILIPINAS, 9, Es:1 Pl:11 Pt:D;03503;1596903YH5619N0045MD;4;3;66.00;05/11/1993;-0.114642;38.537762
CV-VUT0032901-A;AV FILIPINAS, 9, Es:1 Pl:12 Pt:A;03503;1596903YH5619N0046QF;4;3;67.00;05/11/1993;-0.114642;38.537762
CV-VUT0032902-A;AV FILIPINAS, 9, Es:1 Pl:12 Pt:B;03503;1596903YH5619N0047WG;4;3;66.00;05/11/1993;-0.114642;38.537762
CV-VUT0032903-A;AV FILIPINAS, 9, Es:1 Pl:12 Pt:C;03503;1596903YH5619N0048EH;4;3;65.00;05/11/1993;-0.114642;38.537762
CV-VUT0032904-A;AV FILIPINAS, 9, Es:1 Pl:12 Pt:D;03503;1596903YH5619N0049RJ;4;3;66.00;05/11/1993;-0.114642;38.537762
CV-VUT0032905-A;AV FILIPINAS, 9, Es:1 Pl:13 Pt:A;03503;1596903YH5619N0050WG;4;3;67.00;05/11/1993;-0.114642;38.537762
CV-VUT0032906-A;AV FILIPINAS, 9, Es:1 Pl:13 Pt:B;03503;1596903YH5619N0051EH;4;3;66.00;05/11/1993;-0.114642;38.537762
CV-VUT0032907-A;AV FILIPINAS, 9, Es:1 Pl:13 Pt:C;03503;1596903YH5619N0052RJ;4;3;65.00;05/11/1993;-0.114642;38.537762
CV-VUT0032908-A;AV FILIPINAS, 9, Es:1 Pl:13 Pt:D;03503;1596903YH5619N0053TK;4;3;66.00;05/11/1993;-0.114642;38.537762
CV-VUT0032909-A;AV FILIPINAS, 9, Es:1 Pl:14 Pt:A;03503;1596903YH5619N0054YL;4;3;67.00;05/11/1993;-0.114642;38.537762
CV-VUT0032910-A;AV FILIPINAS, 9, Es:1 Pl:14 Pt:B;03503;1596903YH5619N0055UB;4;3;66.00;05/11/1993;-0.114642;38.537762
CV-VUT0032911-A;AV FILIPINAS, 9, Es:1 Pl:14 Pt:C;03503;1596903YH5619N0056IZ;4;3;65.00;05/11/1993;-0.114642;38.537762
CV-VUT0032912-A;AV FILIPINAS, 9, Es:1 Pl:14 Pt:D;03503;1596903YH5619N0057OX;4;3;66.00;05/11/1993;-0.114642;38.537762
CV-VUT0032913-A;AV FILIPINAS, 9, Es:1 Pl:15 Pt:A;03503;1596903YH5619N0058PM;4;3;67.00;05/11/1993;-0.114642;38.537762
CV-VUT0032893-A;AV FILIPINAS, 9, Es:1 Pl:15 Pt:B;03503;1596903YH5619N0059AQ;4;3;66.00;05/11/1993;-0.114642;38.537762
CV-VUT0032894-A;AV FILIPINAS, 9, Es:1 Pl:15 Pt:C;03503;1596903YH5619N0060OX;4;3;65.00;05/11/1993;-0.114642;38.537762
CV-VUT0320776-A;AV FILIPINAS, 9, Es:1 Pl:15 Pt:D;03503;1596903YH5619N0061PM;2;1;66.00;08/07/2008;-0.114642;38.537762
CV-VUT0447116-A;AV FUSTER ZARAGOZA, 17 Pl:12 Pt:B;03503;1997618YH5619N0037KI;2;1;;25/04/2016;-0.110990;38.540069
CV-VUT0477419-A;AV JUAN FUSTER ZARAGOZA, 17, Es:1 Pl:09 Pt:A;03503;1997618YH5619N0027AQ;2;1;58.00;09/07/2019;-0.110990;38.540069
CV-VUT0470712-A;AV JUAN FUSTER ZARAGOZA, 1, Es:1 Pl:01 Pt:E;03503;1896109YH5629N0083QB;4;2;47.00;19/09/2018;-0.107705;38.537429
CV-VUT0323495-A;AV JUAN FUSTER ZARAGOZA, 1, Es:1 Pl:02 Pt:F;03503;1896109YH5629N0095PY;2;1;47.00;13/05/2021;-0.107705;38.537429
CV-VUT0489261-A;AV JUAN FUSTER ZARAGOZA, 1, Es:1 Pl:03 Pt:G;03503;1896109YH5629N0107ZJ;1;1;47.00;28/03/2022;-0.107705;38.537429
CV-VUT0324223-A;AV JUAN FUSTER ZARAGOZA, 1, Es:1 Pl:06 Pt:H;03503;1896109YH5629N0134HS;2;1;47.00;26/02/2024;-0.107705;38.537429
CV-VUT0324222-A;AV JUAN FUSTER ZARAGOZA, 1, Es:1 Pl:06 Pt:I;03503;1896109YH5629N0304QB;2;1;47.00;26/02/2024;-0.107705;38.537429
CV-VUT0320749-A;AV JUAN FUSTER ZARAGOZA, 1, Es:1 Pl:07 Pt:D;03503;1896109YH5629N0147EX;2;1;31.00;23/06/2008;-0.107705;38.537429
CV-VUT0485925-A;AV JUAN FUSTER ZARAGOZA, 1, Es:1 Pl:08 Pt:C;03503;1896109YH5629N0156OT;2;1;47.00;05/05/2021;-0.107705;38.537429
CV-VUT0320436-A;AV JUAN FUSTER ZARAGOZA, 1, Es:1 Pl:10 Pt:E;03503;1896109YH5629N0178WZ;2;1;47.00;03/07/2006;-0.107705;38.537429
CV-VUT0320437-A;AV JUAN FUSTER ZARAGOZA, 1, Es:1 Pl:10 Pt:F;03503;1896109YH5629N0179EX;2;1;47.00;03/07/2006;-0.107705;38.537429
CV-VUT0457049-A;AV JUAN FUSTER ZARAGOZA, 1, Es:1 Pl:17 Pt:A;03503;1896109YH5629N0240XK;2;1;48.00;07/07/2017;-0.107705;38.537429
CV-VUT0003227-A;AV JUAN FUSTER ZARAGOZA, 1, Es:1 Pl:17 Pt:H;03503;1896109YH5629N0247YW;2;1;47.00;05/10/1993;-0.107705;38.537429
CV-VUT0323830-A;AV JUAN FUSTER ZARAGOZA, 1, Es:1 Pl:19 Pt:A;03503;1896109YH5629N0263HS;2;1;48.00;08/11/2022;-0.107705;38.537429
CV-VUT0487682-A;AV JUAN FUSTER ZARAGOZA, 1, Es:1 Pl:19 Pt:D;03503;1896109YH5629N0266LG;2;1;31.00;22/10/2021;-0.107705;38.537429
CV-VUT0322240-A;AV JUAN FUSTER ZARAGOZA, 1, Es:1 Pl:19 Pt:E;03503;1896109YH5629N0267BH;4;2;47.00;21/07/2017;-0.107705;38.537429
CV-VUT0515747-A;AV JUAN FUSTER ZARAGOZA, 1, Es:1 Pl:20 Pt:HI;03503;1896109YH5629N0273ML;7;4;93.00;07/04/2025;-0.107705;38.537429
CV-VUT0514646-A;AV JUAN FUSTER ZARAGOZA, 1, Es:1 Pl:22 Pt:CD;03503;1896109YH5629N0292DO;4;2;78.00;04/03/2025;-0.107705;38.537429
CV-VUT0457266-A;AV JUAN FUSTER ZARAGOZA, 10 Pt:25;03503;2298717YH5629N0027AT;4;2;;18/07/2017;-0.108622;38.538771
CV-VUT0448793-A;AV JUAN FUSTER ZARAGOZA, 10A, Es:1 Pl:00 Pt:06;03503;2298717YH5629N0008ZG;4;2;72.00;06/07/2016;-0.108622;38.538771
CV-VUT0035700-A;AV JUAN FUSTER ZARAGOZA, 10A, Es:1 Pl:00 Pt:07;03503;2298717YH5629N0009XH;4;2;72.00;08/04/1994;-0.108622;38.538771
CV-VUT0035701-A;AV JUAN FUSTER ZARAGOZA, 10A, Es:1 Pl:00 Pt:11;03503;2298717YH5629N0013MJ;4;2;72.00;08/04/1994;-0.108622;38.538771
CV-VUT0476373-A;AV JUAN FUSTER ZARAGOZA, 10A, Es:1 Pl:00 Pt:30;03503;2298717YH5629N0032DU;4;2;72.00;04/06/2019;-0.108622;38.538771
CV-VUT0321958-A;AV JUAN FUSTER ZARAGOZA, 10A, Es:1 Pl:00 Pt:32;03503;2298717YH5629N0034GO;4;2;72.00;29/06/2016;-0.108622;38.538771
CV-VUT0322672-A;AV JUAN FUSTER ZARAGOZA, 10A, Es:1 Pl:00 Pt:38;03503;2298717YH5629N0040KS;4;2;72.00;14/06/2018;-0.108622;38.538771
CV-VUT0323589-A;AV JUAN FUSTER ZARAGOZA, 10, Es:1 Pl:00 Pt:14;03503;2298700YH5629N0022KM;4;2;72.00;01/12/2021;-0.108990;38.538884
CV-VUT0497439-A;AV JUAN FUSTER ZARAGOZA, 10, Es:1 Pl:00 Pt:49;03503;2298700YH5629N0044AH;4;2;67.00;27/04/2023;-0.108990;38.538884
CV-VUT0491617-A;AV JUAN FUSTER ZARAGOZA, 10, Es:1 Pl:00 Pt:56;03503;2298700YH5629N0055LQ;4;2;67.00;27/07/2022;-0.108990;38.538884
CV-VUT0035712-A;AV JUAN FUSTER ZARAGOZA, 10, Es:1 Pl:00 Pt:58;03503;2298700YH5629N0059MT;4;2;67.00;08/04/1994;-0.108990;38.538884
CV-VUT0035713-A;AV JUAN FUSTER ZARAGOZA, 10, Es:1 Pl:00 Pt:59;03503;2298700YH5629N0062MT;4;2;67.00;08/04/1994;-0.108990;38.538884
CV-VUT0322055-A;AV JUAN FUSTER ZARAGOZA, 10, Es:1 Pl:00 Pt:60;03503;2298700YH5629N0064WU;4;2;67.00;07/11/2016;-0.108990;38.538884
CV-VUT0464387-A;AV JUAN FUSTER ZARAGOZA, 10, Es:1 Pl:00 Pt:61;03503;2298700YH5629N0066RO;4;2;67.00;06/03/2018;-0.108990;38.538884
CV-VUT0324238-A;AV JUAN FUSTER ZARAGOZA, 10, Es:1 Pl:00 Pt:62;03503;2298700YH5629N0068YA;4;2;67.00;01/03/2024;-0.108990;38.538884
CV-VUT0003608-A;AV JUAN FUSTER ZARAGOZA, 10, Es:1 Pl:00 Pt:62;03503;2298700YH5629N0067TP;4;2;67.00;28/10/1993;-0.108990;38.538884
CV-VUT0476035-A;AV JUAN FUSTER ZARAGOZA, 10, Es:1 Pl:00 Pt:86;03503;2298700YH5629N0104OF;6;3;69.00;21/05/2019;-0.108990;38.538884
CV-VUT0321646-A;AV JUAN FUSTER ZARAGOZA, 10, Es:1 Pl:00 Pt:90;03503;2298700YH5629N0108DK;5;3;69.00;29/04/2014;-0.108990;38.538884
CV-VUT0462894-A;AV JUAN FUSTER ZARAGOZA, 10, Es:1 Pl:00 Pt:98;03503;2298700YH5629N0116KM;4;2;67.00;24/01/2018;-0.108990;38.538884
CV-VUT0321313-A;AV JUAN FUSTER ZARAGOZA, 10, Es:1 Pl:01 Pt:I;03503;2298700YH5629N0118BW;2;1;52.00;26/04/2011;-0.108990;38.538884
CV-VUT0476300-A;AV JUAN FUSTER ZARAGOZA, 10, Es:1 Pl:02 Pt:I;03503;2298700YH5629N0130EI;2;1;52.00;31/05/2019;-0.108990;38.538884
CV-VUT0322289-A;AV JUAN FUSTER ZARAGOZA, 10, Es:1 Pl:00 Pt:79;03503;2298716YH5629N0057ME;4;2;86.00;01/09/2017;-0.107546;38.539913
CV-VUT0322207-A;AV JUAN FUSTER ZARAGOZA, 10, Es:1 Pl:00 Pt:86;03503;2298716YH5629N0064RU;4;2;64.00;17/06/2017;-0.107546;38.539913
CV-VUT0478955-A;AV JUAN FUSTER ZARAGOZA, 10, Es:1 Pl:00 Pt:88;03503;2298716YH5629N0066YO;4;2;64.00;03/10/2019;-0.107546;38.539913
CV-VUT0471433-A;AV JUAN FUSTER ZARAGOZA, 10, Es:1 Pl:00 Pt:A5;03503;2298716YH5629N0007AF;4;2;64.00;26/10/2018;-0.107546;38.539913
CV-VUT0475325-A;AV JUAN FUSTER ZARAGOZA, 10, Es:1 Pl:00 Pt:A8;03503;2298716YH5629N0010AF;4;2;64.00;23/04/2019;-0.107546;38.539913
CV-VUT0320308-A;AV JUAN FUSTER ZARAGOZA, 10, Es:1 Pl:00 Pt:B6;03503;2298716YH5629N0017KZ;4;4;64.00;14/06/2005;-0.107546;38.539913
CV-VUT0322023-A;AV JUAN FUSTER ZARAGOZA, 10, Es:1 Pl:00 Pt:C8;03503;2298716YH5629N0028EY;4;2;64.00;01/09/2016;-0.107546;38.539913
CV-VUT0485981-A;AV JUAN FUSTER ZARAGOZA, 10, Es:1 Pl:00 Pt:D3;03503;2298716YH5629N0032RU;4;2;64.00;10/05/2021;-0.107546;38.539913
CV-VUT0035708-A;AV JUAN FUSTER ZARAGOZA, 10, Es:1 Pl:00 Pt:E1;03503;2298716YH5629N0039AF;4;2;64.00;08/04/1994;-0.107546;38.539913
CV-VUT0035709-A;AV JUAN FUSTER ZARAGOZA, 10, Es:1 Pl:00 Pt:E2;03503;2298716YH5629N0040OS;4;2;64.00;08/04/1994;-0.107546;38.539913
CV-VUT0320524-A;AV JUAN FUSTER ZARAGOZA, 14, Es:1 Pl:+1 Pt:A;03503;2298703YH5619N0073SO;4;2;72.00;21/08/2006;-0.110244;38.539898
CV-VUT0324296-A;AV JUAN FUSTER ZARAGOZA, 15, Es:1 Pl:00 Pt:A;03503;1997603YH5619N0002XT;2;1;49.00;06/05/2024;-0.110966;38.539923
CV-VUT0479518-A;AV JUAN FUSTER ZARAGOZA, 15, Es:1 Pl:01 Pt:C;03503;1997603YH5619N0005WI;2;1;51.00;06/11/2019;-0.110966;38.539923
CV-VUT0517726-A;AV JUAN FUSTER ZARAGOZA, 15, Es:1 Pl:02 Pt:B;03503;1997603YH5619N0010RP;2;1;51.00;08/07/2025;-0.110966;38.539923
CV-VUT0467331-A;AV JUAN FUSTER ZARAGOZA, 15, Es:1 Pl:05 Pt:B;03503;1997603YH5619N0028LW;2;1;51.00;25/05/2018;-0.110966;38.539923
CV-VUT0490924-A;AV JUAN FUSTER ZARAGOZA, 15, Es:1 Pl:06 Pt:B;03503;1997603YH5619N0034XT;4;2;51.00;17/06/2022;-0.110966;38.539923
CV-VUT0477001-A;AV JUAN FUSTER ZARAGOZA, 15, Es:1 Pl:06 Pt:D;03503;1997603YH5619N0036QU;2;1;51.00;27/06/2019;-0.110966;38.539923
CV-VUT0478454-A;AV JUAN FUSTER ZARAGOZA, 15, Es:1 Pl:07 Pt:E;03503;1997603YH5619N0043TA;1;1;51.00;05/09/2019;-0.110966;38.539923
CV-VUT0455312-A;AV JUAN FUSTER ZARAGOZA, 15, Es:1 Pl:11 Pt:F;03503;1997603YH5619N0068QU;2;1;51.00;12/05/2017;-0.110966;38.539923
CV-VUT0486540-A;AV JUAN FUSTER ZARAGOZA, 15, Es:1 Pl:15 Pt:D;03503;1997603YH5619N0090FB;2;1;51.00;14/06/2021;-0.110966;38.539923
CV-VUT0455314-A;AV JUAN FUSTER ZARAGOZA, 15, Es:1 Pl:17 Pt:F;03503;1997603YH5619N0104RP;2;1;51.00;12/05/2017;-0.110966;38.539923
CV-VUT0323831-A;AV JUAN FUSTER ZARAGOZA, 15, Es:1 Pl:19 Pt:C;03503;1997603YH5619N0113PH;2;1;51.00;08/11/2022;-0.110966;38.539923
CV-VUT0322929-A;AV JUAN FUSTER ZARAGOZA, 15, Es:1 Pl:19 Pt:F;03503;1997603YH5619N0116DL;2;1;51.00;15/02/2019;-0.110966;38.539923
CV-VUT0480414-A;AV JUAN FUSTER ZARAGOZA, 15, Es:1 Pl:20 Pt:E;03503;1997603YH5619N0121GZ;4;2;51.00;26/12/2019;-0.110966;38.539923
CV-VUT0502088-A;AV JUAN FUSTER ZARAGOZA, 16, Es:1 Pl:02 Pt:A;03503;2298710YH5629N0006WD;6;3;87.00;04/10/2023;-0.110523;38.540184
CV-VUT0323837-A;AV JUAN FUSTER ZARAGOZA, 16, Es:1 Pl:08 Pt:B;03503;2298710YH5629N0025GE;2;1;50.00;23/11/2022;-0.110523;38.540184
CV-VUT0502097-A;AV JUAN FUSTER ZARAGOZA, 16, Es:1 Pl:09 Pt:C;03503;2298710YH5629N0029LU;6;3;87.00;04/10/2023;-0.110523;38.540184
CV-VUT0003973-A;AV JUAN FUSTER ZARAGOZA, 3, Es:1 Pl:01 Pt:0E;03503;1896119YH5629N0005PS;2;1;20.00;25/11/1993;-0.108352;38.537847
CV-VUT0003995-A;AV JUAN FUSTER ZARAGOZA, 3, Es:1 Pl:01 Pt:0F;03503;1896119YH5629N0006AD;2;1;30.00;25/11/1993;-0.108352;38.537847
CV-VUT0031017-A;AV JUAN FUSTER ZARAGOZA, 3, Es:1 Pl:01 Pt:0G;03503;1896119YH5629N0007SF;2;1;34.00;25/11/1993;-0.108352;38.537847
CV-VUT0317153-A;AV JUAN FUSTER ZARAGOZA, 3, Es:1 Pl:01 Pt:0H;03503;1896119YH5629N0008DG;2;1;31.00;21/07/1998;-0.108352;38.537847
CV-VUT0003968-A;AV JUAN FUSTER ZARAGOZA, 3, Es:1 Pl:02 Pt:0D;03503;1896119YH5629N0012FH;2;1;20.00;25/11/1993;-0.108352;38.537847
CV-VUT0003974-A;AV JUAN FUSTER ZARAGOZA, 3, Es:1 Pl:02 Pt:0E;03503;1896119YH5629N0013GJ;2;1;20.00;25/11/1993;-0.108352;38.537847
CV-VUT0003996-A;AV JUAN FUSTER ZARAGOZA, 3, Es:1 Pl:02 Pt:0F;03503;1896119YH5629N0014HK;2;1;30.00;25/11/1993;-0.108352;38.537847
CV-VUT0031018-A;AV JUAN FUSTER ZARAGOZA, 3, Es:1 Pl:02 Pt:0G;03503;1896119YH5629N0015JL;2;1;34.00;25/11/1993;-0.108352;38.537847
CV-VUT0031040-A;AV JUAN FUSTER ZARAGOZA, 3, Es:1 Pl:02 Pt:0H;03503;1896119YH5629N0016KB;2;1;31.00;25/11/1993;-0.108352;38.537847
CV-VUT0003975-A;AV JUAN FUSTER ZARAGOZA, 3, Es:1 Pl:03 Pt:0E;03503;1896119YH5629N0021BX;2;1;20.00;25/11/1993;-0.108352;38.537847
CV-VUT0003997-A;AV JUAN FUSTER ZARAGOZA, 3, Es:1 Pl:03 Pt:0F;03503;1896119YH5629N0022ZM;2;1;30.00;25/11/1993;-0.108352;38.537847
CV-VUT0031019-A;AV JUAN FUSTER ZARAGOZA, 3, Es:1 Pl:03 Pt:0G;03503;1896119YH5629N0023XQ;2;1;34.00;25/11/1993;-0.108352;38.537847
CV-VUT0031041-A;AV JUAN FUSTER ZARAGOZA, 3, Es:1 Pl:03 Pt:0H;03503;1896119YH5629N0024MW;2;1;31.00;25/11/1993;-0.108352;38.537847
CV-VUT0003962-A;AV JUAN FUSTER ZARAGOZA, 3, Es:1 Pl:04 Pt:0A;03503;1896119YH5629N0025QE;2;1;31.00;25/11/1993;-0.108352;38.537847
CV-VUT0003966-A;AV JUAN FUSTER ZARAGOZA, 3, Es:1 Pl:04 Pt:0C;03503;1896119YH5629N0027ET;2;1;30.00;25/11/1993;-0.108352;38.537847
CV-VUT0003969-A;AV JUAN FUSTER ZARAGOZA, 3, Es:1 Pl:04 Pt:0D;03503;1896119YH5629N0028RY;2;1;20.00;25/11/1993;-0.108352;38.537847
CV-VUT0003976-A;AV JUAN FUSTER ZARAGOZA, 3, Es:1 Pl:04 Pt:0E;03503;1896119YH5629N0029TU;2;1;20.00;25/11/1993;-0.108352;38.537847
CV-VUT0003998-A;AV JUAN FUSTER ZARAGOZA, 3, Es:1 Pl:04 Pt:0F;03503;1896119YH5629N0030ET;2;1;30.00;25/11/1993;-0.108352;38.537847
CV-VUT0031020-A;AV JUAN FUSTER ZARAGOZA, 3, Es:1 Pl:04 Pt:0G;03503;1896119YH5629N0031RY;2;1;34.00;25/11/1993;-0.108352;38.537847
CV-VUT0319332-A;AV JUAN FUSTER ZARAGOZA, 3, Es:1 Pl:04 Pt:0H;03503;1896119YH5629N0032TU;2;1;31.00;01/07/2002;-0.108352;38.537847
CV-VUT0517805-A;AV JUAN FUSTER ZARAGOZA, 3, Es:1 Pl:05 Pt:0B;03503;1896119YH5629N0034UO;3;2;34.00;22/07/2025;-0.108352;38.537847
CV-VUT0461131-A;AV JUAN FUSTER ZARAGOZA, 3, Es:1 Pl:05 Pt:0C;03503;1896119YH5629N0035IP;2;1;30.00;07/12/2017;-0.108352;38.537847
CV-VUT0003970-A;AV JUAN FUSTER ZARAGOZA, 3, Es:1 Pl:05 Pt:0D;03503;1896119YH5629N0036OA;2;1;20.00;25/11/1993;-0.108352;38.537847
CV-VUT0003977-A;AV JUAN FUSTER ZARAGOZA, 3, Es:1 Pl:05 Pt:0E;03503;1896119YH5629N0037PS;2;1;20.00;25/11/1993;-0.108352;38.537847
CV-VUT0003999-A;AV JUAN FUSTER ZARAGOZA, 3, Es:1 Pl:05 Pt:0F;03503;1896119YH5629N0038AD;2;1;30.00;25/11/1993;-0.108352;38.537847
CV-VUT0031021-A;AV JUAN FUSTER ZARAGOZA, 3, Es:1 Pl:05 Pt:0G;03503;1896119YH5629N0039SF;2;1;34.00;25/11/1993;-0.108352;38.537847
CV-VUT0317154-A;AV JUAN FUSTER ZARAGOZA, 3, Es:1 Pl:05 Pt:0H;03503;1896119YH5629N0040PS;2;1;31.00;21/07/1998;-0.108352;38.537847
CV-VUT0003978-A;AV JUAN FUSTER ZARAGOZA, 3, Es:1 Pl:06 Pt:0E;03503;1896119YH5629N0045GJ;2;1;20.00;25/11/1993;-0.108352;38.537847
CV-VUT0031000-A;AV JUAN FUSTER ZARAGOZA, 3, Es:1 Pl:06 Pt:0F;03503;1896119YH5629N0046HK;2;1;30.00;25/11/1993;-0.108352;38.537847
CV-VUT0031022-A;AV JUAN FUSTER ZARAGOZA, 3, Es:1 Pl:06 Pt:0G;03503;1896119YH5629N0047JL;2;1;34.00;25/11/1993;-0.108352;38.537847
CV-VUT0031044-A;AV JUAN FUSTER ZARAGOZA, 3, Es:1 Pl:06 Pt:0H;03503;1896119YH5629N0048KB;2;1;31.00;25/11/1993;-0.108352;38.537847
CV-VUT0031001-A;AV JUAN FUSTER ZARAGOZA, 3, Es:1 Pl:07 Pt:0F;03503;1896119YH5629N0054ZM;2;1;30.00;25/11/1993;-0.108352;38.537847
CV-VUT0031023-A;AV JUAN FUSTER ZARAGOZA, 3, Es:1 Pl:07 Pt:0G;03503;1896119YH5629N0055XQ;2;1;34.00;25/11/1993;-0.108352;38.537847
CV-VUT0317155-A;AV JUAN FUSTER ZARAGOZA, 3, Es:1 Pl:07 Pt:0H;03503;1896119YH5629N0056MW;2;1;31.00;21/07/1998;-0.108352;38.537847
CV-VUT0486917-A;AV JUAN FUSTER ZARAGOZA, 3, Es:1 Pl:08 Pt:0B;03503;1896119YH5629N0058WR;2;1;34.00;07/07/2021;-0.108352;38.537847
CV-VUT0003980-A;AV JUAN FUSTER ZARAGOZA, 3, Es:1 Pl:08 Pt:0E;03503;1896119YH5629N0061WR;2;1;20.00;25/11/1993;-0.108352;38.537847
CV-VUT0031002-A;AV JUAN FUSTER ZARAGOZA, 3, Es:1 Pl:08 Pt:0F;03503;1896119YH5629N0062ET;2;1;30.00;25/11/1993;-0.108352;38.537847
CV-VUT0031024-A;AV JUAN FUSTER ZARAGOZA, 3, Es:1 Pl:08 Pt:0G;03503;1896119YH5629N0063RY;2;1;34.00;25/11/1993;-0.108352;38.537847
CV-VUT0317156-A;AV JUAN FUSTER ZARAGOZA, 3, Es:1 Pl:08 Pt:0H;03503;1896119YH5629N0064TU;2;1;31.00;21/07/1998;-0.108352;38.537847
CV-VUT0003981-A;AV JUAN FUSTER ZARAGOZA, 3, Es:1 Pl:09 Pt:0E;03503;1896119YH5629N0069PS;2;1;20.00;25/11/1993;-0.108352;38.537847
CV-VUT0031003-A;AV JUAN FUSTER ZARAGOZA, 3, Es:1 Pl:09 Pt:0F;03503;1896119YH5629N0070IP;2;1;30.00;25/11/1993;-0.108352;38.537847
CV-VUT0031025-A;AV JUAN FUSTER ZARAGOZA, 3, Es:1 Pl:09 Pt:0G;03503;1896119YH5629N0071OA;2;1;34.00;25/11/1993;-0.108352;38.537847
CV-VUT0317157-A;AV JUAN FUSTER ZARAGOZA, 3, Es:1 Pl:09 Pt:0H;03503;1896119YH5629N0072PS;2;1;31.00;21/07/1998;-0.108352;38.537847
CV-VUT0003982-A;AV JUAN FUSTER ZARAGOZA, 3, Es:1 Pl:10 Pt:0E;03503;1896119YH5629N0077GJ;2;1;20.00;25/11/1993;-0.108352;38.537847
CV-VUT0031004-A;AV JUAN FUSTER ZARAGOZA, 3, Es:1 Pl:10 Pt:0F;03503;1896119YH5629N0078HK;2;1;30.00;25/11/1993;-0.108352;38.537847
CV-VUT0031026-A;AV JUAN FUSTER ZARAGOZA, 3, Es:1 Pl:10 Pt:0G;03503;1896119YH5629N0079JL;2;1;34.00;25/11/1993;-0.108352;38.537847
CV-VUT0317158-A;AV JUAN FUSTER ZARAGOZA, 3, Es:1 Pl:10 Pt:0H;03503;1896119YH5629N0080GJ;2;1;31.00;21/07/1998;-0.108352;38.537847
CV-VUT0003983-A;AV JUAN FUSTER ZARAGOZA, 3, Es:1 Pl:11 Pt:0E;03503;1896119YH5629N0085BX;2;1;20.00;25/11/1993;-0.108352;38.537847
CV-VUT0031005-A;AV JUAN FUSTER ZARAGOZA, 3, Es:1 Pl:11 Pt:0F;03503;1896119YH5629N0086ZM;2;1;30.00;25/11/1993;-0.108352;38.537847
CV-VUT0031027-A;AV JUAN FUSTER ZARAGOZA, 3, Es:1 Pl:11 Pt:0G;03503;1896119YH5629N0087XQ;2;1;34.00;25/11/1993;-0.108352;38.537847
CV-VUT0317159-A;AV JUAN FUSTER ZARAGOZA, 3, Es:1 Pl:11 Pt:0H;03503;1896119YH5629N0088MW;2;1;31.00;21/07/1998;-0.108352;38.537847
CV-VUT0003984-A;AV JUAN FUSTER ZARAGOZA, 3, Es:1 Pl:12 Pt:0E;03503;1896119YH5629N0093WR;2;1;20.00;25/11/1993;-0.108352;38.537847
CV-VUT0031006-A;AV JUAN FUSTER ZARAGOZA, 3, Es:1 Pl:12 Pt:0F;03503;1896119YH5629N0094ET;2;1;30.00;25/11/1993;-0.108352;38.537847
CV-VUT0031028-A;AV JUAN FUSTER ZARAGOZA, 3, Es:1 Pl:12 Pt:0G;03503;1896119YH5629N0095RY;2;1;34.00;25/11/1993;-0.108352;38.537847
CV-VUT0317160-A;AV JUAN FUSTER ZARAGOZA, 3, Es:1 Pl:12 Pt:0H;03503;1896119YH5629N0096TU;2;1;31.00;21/07/1998;-0.108352;38.537847
CV-VUT0003985-A;AV JUAN FUSTER ZARAGOZA, 3, Es:1 Pl:13 Pt:0E;03503;1896119YH5629N0101OA;2;1;20.00;25/11/1993;-0.108352;38.537847
CV-VUT0031007-A;AV JUAN FUSTER ZARAGOZA, 3, Es:1 Pl:13 Pt:0F;03503;1896119YH5629N0102PS;2;1;30.00;25/11/1993;-0.108352;38.537847
CV-VUT0031029-A;AV JUAN FUSTER ZARAGOZA, 3, Es:1 Pl:13 Pt:0G;03503;1896119YH5629N0103AD;2;1;34.00;25/11/1993;-0.108352;38.537847
CV-VUT0317161-A;AV JUAN FUSTER ZARAGOZA, 3, Es:1 Pl:13 Pt:0H;03503;1896119YH5629N0104SF;2;1;31.00;21/07/1998;-0.108352;38.537847
CV-VUT0324014-A;AV JUAN FUSTER ZARAGOZA, 3, Es:1 Pl:14 Pt:0C;03503;1896119YH5629N0107GJ;2;1;30.00;25/06/2023;-0.108352;38.537847
CV-VUT0031008-A;AV JUAN FUSTER ZARAGOZA, 3, Es:1 Pl:14 Pt:0F;03503;1896119YH5629N0110GJ;2;1;30.00;25/11/1993;-0.108352;38.537847
CV-VUT0031030-A;AV JUAN FUSTER ZARAGOZA, 3, Es:1 Pl:14 Pt:0G;03503;1896119YH5629N0111HK;2;1;34.00;25/11/1993;-0.108352;38.537847
CV-VUT0031052-A;AV JUAN FUSTER ZARAGOZA, 3, Es:1 Pl:14 Pt:0H;03503;1896119YH5629N0112JL;2;1;31.00;25/11/1993;-0.108352;38.537847
CV-VUT0467853-A;AV JUAN FUSTER ZARAGOZA, 3, Es:1 Pl:15 Pt:0C;03503;1896119YH5629N0115BX;4;2;30.00;05/06/2018;-0.108352;38.537847
CV-VUT0003987-A;AV JUAN FUSTER ZARAGOZA, 3, Es:1 Pl:15 Pt:0E;03503;1896119YH5629N0117XQ;2;1;20.00;25/11/1993;-0.108352;38.537847
CV-VUT0031009-A;AV JUAN FUSTER ZARAGOZA, 3, Es:1 Pl:15 Pt:0F;03503;1896119YH5629N0118MW;2;1;30.00;25/11/1993;-0.108352;38.537847
CV-VUT0031031-A;AV JUAN FUSTER ZARAGOZA, 3, Es:1 Pl:15 Pt:0G;03503;1896119YH5629N0119QE;2;1;34.00;25/11/1993;-0.108352;38.537847
CV-VUT0031053-A;AV JUAN FUSTER ZARAGOZA, 3, Es:1 Pl:15 Pt:0H;03503;1896119YH5629N0120XQ;2;1;31.00;25/11/1993;-0.108352;38.537847
CV-VUT0323829-A;AV JUAN FUSTER ZARAGOZA, 3, Es:1 Pl:16 Pt:0B;03503;1896119YH5629N0122QE;2;1;34.00;08/11/2022;-0.108352;38.537847
CV-VUT0003988-A;AV JUAN FUSTER ZARAGOZA, 3, Es:1 Pl:16 Pt:0E;03503;1896119YH5629N0125RY;2;1;20.00;25/11/1993;-0.108352;38.537847
CV-VUT0031010-A;AV JUAN FUSTER ZARAGOZA, 3, Es:1 Pl:16 Pt:0F;03503;1896119YH5629N0126TU;2;1;30.00;25/11/1993;-0.108352;38.537847
CV-VUT0031032-A;AV JUAN FUSTER ZARAGOZA, 3, Es:1 Pl:16 Pt:0G;03503;1896119YH5629N0127YI;2;1;34.00;25/11/1993;-0.108352;38.537847
CV-VUT0031054-A;AV JUAN FUSTER ZARAGOZA, 3, Es:1 Pl:16 Pt:0H;03503;1896119YH5629N0128UO;2;1;31.00;25/11/1993;-0.108352;38.537847
CV-VUT0323930-A;AV JUAN FUSTER ZARAGOZA, 3, Es:1 Pl:16 Pt:C;03503;1896119YH5629N0123WR;2;1;30.00;12/03/2023;-0.108352;38.537847
CV-VUT0003989-A;AV JUAN FUSTER ZARAGOZA, 3, Es:1 Pl:17 Pt:0E;03503;1896119YH5629N0133OA;2;1;20.00;25/11/1993;-0.108352;38.537847
CV-VUT0031011-A;AV JUAN FUSTER ZARAGOZA, 3, Es:1 Pl:17 Pt:0F;03503;1896119YH5629N0134PS;2;1;30.00;25/11/1993;-0.108352;38.537847
CV-VUT0031033-A;AV JUAN FUSTER ZARAGOZA, 3, Es:1 Pl:17 Pt:0G;03503;1896119YH5629N0135AD;2;1;34.00;25/11/1993;-0.108352;38.537847
CV-VUT0031055-A;AV JUAN FUSTER ZARAGOZA, 3, Es:1 Pl:17 Pt:0H;03503;1896119YH5629N0136SF;2;1;31.00;25/11/1993;-0.108352;38.537847
CV-VUT0466610-A;AV JUAN FUSTER ZARAGOZA, 3, Es:1 Pl:18 Pt:0A;03503;1896119YH5629N0137DG;2;1;31.00;11/05/2018;-0.108352;38.537847
CV-VUT0319333-A;AV JUAN FUSTER ZARAGOZA, 3, Es:1 Pl:18 Pt:0C;03503;1896119YH5629N0139GJ;2;1;30.00;01/07/2002;-0.108352;38.537847
CV-VUT0037025-A;AV JUAN FUSTER ZARAGOZA, 3, Es:1 Pl:18 Pt:0D;03503;1896119YH5629N0140DG;2;1;20.00;14/06/1994;-0.108352;38.537847
CV-VUT0003990-A;AV JUAN FUSTER ZARAGOZA, 3, Es:1 Pl:18 Pt:0E;03503;1896119YH5629N0141FH;2;1;20.00;25/11/1993;-0.108352;38.537847
CV-VUT0031012-A;AV JUAN FUSTER ZARAGOZA, 3, Es:1 Pl:18 Pt:0F;03503;1896119YH5629N0142GJ;2;1;30.00;25/11/1993;-0.108352;38.537847
CV-VUT0031034-A;AV JUAN FUSTER ZARAGOZA, 3, Es:1 Pl:18 Pt:0G;03503;1896119YH5629N0143HK;2;1;34.00;25/11/1993;-0.108352;38.537847
CV-VUT0031056-A;AV JUAN FUSTER ZARAGOZA, 3, Es:1 Pl:18 Pt:0H;03503;1896119YH5629N0144JL;2;1;31.00;25/11/1993;-0.108352;38.537847
CV-VUT0003991-A;AV JUAN FUSTER ZARAGOZA, 3, Es:1 Pl:19 Pt:0E;03503;1896119YH5629N0149XQ;2;1;20.00;25/11/1993;-0.108352;38.537847
CV-VUT0031013-A;AV JUAN FUSTER ZARAGOZA, 3, Es:1 Pl:19 Pt:0F;03503;1896119YH5629N0150BX;2;1;30.00;25/11/1993;-0.108352;38.537847
CV-VUT0031035-A;AV JUAN FUSTER ZARAGOZA, 3, Es:1 Pl:19 Pt:0G;03503;1896119YH5629N0151ZM;2;1;34.00;25/11/1993;-0.108352;38.537847
CV-VUT0031057-A;AV JUAN FUSTER ZARAGOZA, 3, Es:1 Pl:19 Pt:0H;03503;1896119YH5629N0152XQ;2;1;31.00;25/11/1993;-0.108352;38.537847
CV-VUT0003992-A;AV JUAN FUSTER ZARAGOZA, 3, Es:1 Pl:20 Pt:0E;03503;1896119YH5629N0157RY;2;1;20.00;25/11/1993;-0.108352;38.537847
CV-VUT0031014-A;AV JUAN FUSTER ZARAGOZA, 3, Es:1 Pl:20 Pt:0F;03503;1896119YH5629N0158TU;2;1;30.00;25/11/1993;-0.108352;38.537847
CV-VUT0031036-A;AV JUAN FUSTER ZARAGOZA, 3, Es:1 Pl:20 Pt:0G;03503;1896119YH5629N0159YI;2;1;34.00;25/11/1993;-0.108352;38.537847
CV-VUT0031058-A;AV JUAN FUSTER ZARAGOZA, 3, Es:1 Pl:20 Pt:0H;03503;1896119YH5629N0160RY;2;1;31.00;25/11/1993;-0.108352;38.537847
CV-VUT0324078-A;AV JUAN FUSTER ZARAGOZA, 3, Es:1 Pl:20 Pt:C;03503;1896119YH5629N0155WR;2;1;30.00;05/10/2023;-0.108352;38.537847
CV-VUT0034653-A;AV JUAN FUSTER ZARAGOZA, 3, Es:1 Pl:21 Pt:0E;03503;1896119YH5629N0165OA;2;1;20.00;25/11/1993;-0.108352;38.537847
CV-VUT0031015-A;AV JUAN FUSTER ZARAGOZA, 3, Es:1 Pl:21 Pt:0F;03503;1896119YH5629N0166PS;2;1;30.00;25/11/1993;-0.108352;38.537847
CV-VUT0031037-A;AV JUAN FUSTER ZARAGOZA, 3, Es:1 Pl:21 Pt:0G;03503;1896119YH5629N0167AD;2;1;34.00;25/11/1993;-0.108352;38.537847
CV-VUT0031059-A;AV JUAN FUSTER ZARAGOZA, 3, Es:1 Pl:21 Pt:0H;03503;1896119YH5629N0168SF;2;1;31.00;25/11/1993;-0.108352;38.537847
CV-VUT0003994-A;AV JUAN FUSTER ZARAGOZA, 3, Es:1 Pl:22 Pt:0E;03503;1896119YH5629N0173FH;2;1;20.00;25/11/1993;-0.108352;38.537847
CV-VUT0031016-A;AV JUAN FUSTER ZARAGOZA, 3, Es:1 Pl:22 Pt:0F;03503;1896119YH5629N0174GJ;2;1;30.00;25/11/1993;-0.108352;38.537847
CV-VUT0031038-A;AV JUAN FUSTER ZARAGOZA, 3, Es:1 Pl:22 Pt:0G;03503;1896119YH5629N0175HK;2;1;34.00;25/11/1993;-0.108352;38.537847
CV-VUT0031060-A;AV JUAN FUSTER ZARAGOZA, 3, Es:1 Pl:22 Pt:0H;03503;1896119YH5629N0176JL;2;1;31.00;25/11/1993;-0.108352;38.537847
CV-VUT0502205-A;AV JUAN FUSTER ZARAGOZA, 6, Es:1 Pl:02 Pt:I;03503;2298718YH5629N0032XU;2;1;51.00;06/10/2023;-0.107847;38.538145
CV-VUT0485777-A;AV JUAN FUSTER ZARAGOZA, 6, Es:1 Pl:04 Pt:A;03503;2298718YH5629N0044IH;4;2;59.00;23/04/2021;-0.107847;38.538145
CV-VUT0323438-A;AV JUAN FUSTER ZARAGOZA, 6, Es:1 Pl:04 Pt:I;03503;2298718YH5629N0052DZ;2;1;51.00;04/11/2020;-0.107847;38.538145
CV-VUT0323691-A;AV JUAN FUSTER ZARAGOZA, 6, Es:1 Pl:04 Pt:J;03503;2298718YH5629N0053FX;4;2;59.00;17/05/2022;-0.107847;38.538145
CV-VUT0491707-A;AV JUAN FUSTER ZARAGOZA, 6, Es:1 Pl:08 Pt:H;03503;2298718YH5629N0091JW;2;1;51.00;02/08/2022;-0.107847;38.538145
CV-VUT0476073-A;AV JUAN FUSTER ZARAGOZA, 6, Es:1 Pl:08 Pt:I;03503;2298718YH5629N0092KE;2;1;51.00;22/05/2019;-0.107847;38.538145
CV-VUT0463892-A;AV JUAN FUSTER ZARAGOZA, 6, Es:1 Pl:14 Pt:D;03503;2298718YH5629N0147FX;4;3;70.00;19/02/2018;-0.107847;38.538145
CV-VUT0322616-A;AV JUAN FUSTER ZARAGOZA, 7, Es:1 Pl:06 Pt:D;03503;1896107YH5629N0011QG;6;3;129.00;29/05/2018;-0.109640;38.538488
CV-VUT0454562-A;AV JUAN FUSTER ZARAGOZA, 7, Es:4 Pl:01 Pt:D;03503;1896107YH5629N0055PQ;6;3;129.00;20/04/2017;-0.109640;38.538488
CV-VUT0501225-A;AV MADRID 22 Es:1 Pl:09 Pt:B;03503;1893506YH5619S0079BM;4;2;;31/08/2023;-0.111370;38.534808
CV-VUT0479190-A;AV MADRID, 22, Es:1 Pl:01 Pt:C;03503;1893506YH5619S0043HL;2;1;51.00;21/10/2019;-0.111370;38.534808
CV-VUT0458824-A;AV MADRID, 22, Es:1 Pl:03 Pt:B;03503;1893506YH5619S0051ZQ;2;1;51.00;27/09/2017;-0.111370;38.534808
CV-VUT0500863-A;AV MADRID, 22, Es:1 Pl:08 Pt:B;03503;1893506YH5619S0074GK;4;2;51.00;16/08/2023;-0.111370;38.534808
CV-VUT0322312-A;AV MADRID, 22, Es:1 Pl:08 Pt:E;03503;1893506YH5619S0077KZ;4;2;68.00;19/09/2017;-0.111370;38.534808
CV-VUT0324257-A;AV MADRID, 22, Es:1 Pl:09 Pt:C;03503;1893506YH5619S0080KZ;4;2;51.00;09/04/2024;-0.111370;38.534808
CV-VUT0461887-A;AV MADRID, 22, Es:1 Pl:11 Pt:C;03503;1893506YH5619S0088EY;2;1;51.00;26/12/2017;-0.111370;38.534808
CV-VUT0322310-A;AV MADRID, 22, Es:1 Pl:11 Pt:D;03503;1893506YH5619S0089RU;2;1;51.00;19/09/2017;-0.111370;38.534808
CV-VUT0322309-A;AV MADRID, 22, Es:1 Pl:12 Pt:B;03503;1893506YH5619S0092RU;2;1;51.00;19/09/2017;-0.111370;38.534808
CV-VUT0471388-A;AV MADRID, 22, Es:1 Pl:13 Pt:A2;03503;1893506YH5619S0100AF;4;2;48.00;25/10/2018;-0.111370;38.534808
CV-VUT0323095-A;AV MADRID, 1, Es:1 Pl:02 Pt:L;03503;1194503YH5619S0014UX;4;2;112.00;29/07/2019;-0.120003;38.535953
CV-VUT0323355-A;AV MADRID, 1, Es:1 Pl:03 Pt:CL;03503;1194503YH5619S0016OQ;2;1;66.00;06/07/2020;-0.120003;38.535953
CV-VUT0323091-A;AV MADRID, 1, Es:1 Pl:04 Pt:C;03503;1194503YH5619S0020PW;2;1;80.00;18/07/2019;-0.120003;38.535953
CV-VUT0520252-A;AV MADRID, 1, Es:1 Pl:04 Pt:P;03503;1194503YH5619S0023DT;5;3;98.00;18/02/2026;-0.120003;38.535953
CV-VUT0462601-A;AV MADRID, 1, Es:1 Pl:07 Pt:L;03503;1194503YH5619S0028KP;6;3;179.00;11/01/2018;-0.120003;38.535953
CV-VUT0516397-A;AV MADRID, 1, Es:1 Pl:08 Pt:P;03503;1194503YH5619S0031KP;6;3;179.00;10/04/2025;-0.120003;38.535953
CV-VUT0322590-A;AV MADRID, 1, Es:1 Pl:09 Pt:P;03503;1194503YH5619S0033BS;6;3;179.00;22/05/2018;-0.120003;38.535953
CV-VUT0492058-A;AV MADRID, 1, Es:1 Pl:10 Pt:P;03503;1194503YH5619S0035XF;6;3;179.00;31/08/2022;-0.120003;38.535953
CV-VUT0465961-A;AV MADRID, 1, Es:1 Pl:11 Pt:CP;03503;1194503YH5619S0037QH;2;1;80.00;24/04/2018;-0.120003;38.535953
CV-VUT0323566-A;AV MADRID, 1, Es:1 Pl:13 Pt:CP;03503;1194503YH5619S0045YZ;2;1;66.00;10/11/2021;-0.120003;38.535953
CV-VUT0471903-A;AV MADRID, 10, Es:1 Pl:04 Pt:A;03503;1594805YH5619S0014TX;5;3;126.00;16/11/2018;-0.116103;38.535486
CV-VUT0322126-A;AV MADRID, 10, Es:1 Pl:15 Pt:A;03503;1594805YH5619S0054PR;2;1;126.00;23/03/2017;-0.116103;38.535486
CV-VUT0483782-A;AV MADRID, 11, Es:A Pl:00 Pt:DR;03503;1594804YH5619S0001OS;5;3;74.00;20/10/2020;-0.115803;38.535417
CV-VUT0324156-A;AV MADRID, 12, Es:1 Pl:02 Pt:N;03503;1594803YH5619S0006TJ;8;4;99.00;18/01/2024;-0.115557;38.535381
CV-VUT0322657-A;AV MADRID, 12, Es:1 Pl:04 Pt:N;03503;1594803YH5619S0010YK;8;4;106.00;08/06/2018;-0.115557;38.535381
CV-VUT0322500-A;AV MADRID, 12, Es:1 Pl:04 Pt:S;03503;1594803YH5619S0011UL;8;4;127.00;12/04/2018;-0.115557;38.535381
CV-VUT0324169-A;AV MADRID, 12, Es:1 Pl:05 Pt:S;03503;1594803YH5619S0013OZ;6;3;127.00;27/01/2024;-0.115557;38.535381
CV-VUT0456968-A;AV MADRID, 15 Pl:4 Pt:B;03503;1693502YH5619S0025UU;2;1;;06/07/2017;-0.113917;38.535311
CV-VUT0496357-A;AV MADRID, 15, Es:1 Pl:02 Pt:B;03503;1693502YH5619S0013ZZ;2;1;42.00;21/03/2023;-0.113917;38.535311
CV-VUT0494515-A;AV MADRID, 15, Es:1 Pl:03 Pt:B;03503;1693502YH5619S0019RR;2;1;42.00;18/01/2023;-0.113917;38.535311
CV-VUT0442447-A;AV MADRID, 15, Es:1 Pl:03 Pt:C;03503;1693502YH5619S0020WW;2;1;42.00;07/04/2015;-0.113917;38.535311
CV-VUT0504154-A;AV MADRID, 15, Es:1 Pl:05 Pt:C;03503;1693502YH5619S0032AA;2;1;42.00;02/01/2024;-0.113917;38.535311
CV-VUT0461878-A;AV MADRID, 15, Es:1 Pl:05 Pt:D;03503;1693502YH5619S0033SS;2;1;42.00;26/12/2017;-0.113917;38.535311
CV-VUT0320172-A;AV MADRID, 15, Es:1 Pl:05 Pt:E;03503;1693502YH5619S0034DD;2;1;42.00;06/10/2004;-0.113917;38.535311
CV-VUT0483148-A;AV MADRID, 15, Es:1 Pl:06 Pt:D;03503;1693502YH5619S0039KK;2;1;42.00;03/09/2020;-0.113917;38.535311
CV-VUT0450164-A;AV MADRID, 15, Es:1 Pl:08 Pt:A;03503;1693502YH5619S0048QQ;2;1;61.00;07/09/2016;-0.113917;38.535311
CV-VUT0483209-A;AV MADRID, 15, Es:1 Pl:08 Pt:C;03503;1693502YH5619S0050MM;2;1;42.00;09/09/2020;-0.113917;38.535311
CV-VUT0313008-A;AV MADRID, 15, Es:1 Pl:08 Pt:D;03503;1693502YH5619S0051QQ;3;2;42.00;20/03/1996;-0.113917;38.535311
CV-VUT0320272-A;AV MADRID, 15, Es:1 Pl:09 Pt:F;03503;1693502YH5619S0059OO;5;3;61.00;29/03/2005;-0.113917;38.535311
CV-VUT0489739-A;AV MADRID, 15, Es:1 Pl:10 Pt:B;03503;1693502YH5619S0061II;2;1;42.00;03/05/2022;-0.113917;38.535311
CV-VUT0476395-A;AV MADRID, 15, Es:1 Pl:10 Pt:C;03503;1693502YH5619S0062OO;4;2;42.00;04/06/2019;-0.113917;38.535311
CV-VUT0463795-A;AV MADRID, 15, Es:1 Pl:10 Pt:F;03503;1693502YH5619S0065SS;5;3;61.00;15/02/2018;-0.113917;38.535311
CV-VUT0319994-A;AV MADRID, 15, Es:1 Pl:11 Pt:D;03503;1693502YH5619S0069HH;2;1;42.00;28/04/2004;-0.113917;38.535311
CV-VUT0319995-A;AV MADRID, 15, Es:1 Pl:11 Pt:E;03503;1693502YH5619S0070FF;2;1;42.00;28/04/2004;-0.113917;38.535311
CV-VUT0319996-A;AV MADRID, 15, Es:1 Pl:11 Pt:F;03503;1693502YH5619S0071GG;2;1;61.00;28/04/2004;-0.113917;38.535311
CV-VUT0324107-A;AV MADRID, 15, Es:1 Pl:12 Pt:E;03503;1693502YH5619S0076BB;2;1;42.00;29/10/2023;-0.113917;38.535311
CV-VUT0459048-A;AV MADRID, 15, Es:1 Pl:12 Pt:F;03503;1693502YH5619S0077ZZ;2;1;61.00;05/10/2017;-0.113917;38.535311
CV-VUT0460085-A;AV MADRID, 15, Es:1 Pl:13 Pt:C;03503;1693502YH5619S0080ZZ;2;1;42.00;22/11/2017;-0.113917;38.535311
CV-VUT0317955-A;AV MADRID, 15, Es:1 Pl:13 Pt:E;03503;1693502YH5619S0082MM;2;1;42.00;09/12/1998;-0.113917;38.535311
CV-VUT0453676-A;AV MADRID, 15, Es:1 Pl:14 Pt:A;03503;1693502YH5619S0084WW;4;2;61.00;17/03/2017;-0.113917;38.535311
CV-VUT0321787-A;AV MADRID, 15, Es:1 Pl:14 Pt:B;03503;1693502YH5619S0085EE;2;1;42.00;28/07/2015;-0.113917;38.535311
CV-VUT0468287-A;AV MADRID, 15, Es:1 Pl:14 Pt:D;03503;1693502YH5619S0087TT;4;2;42.00;13/06/2018;-0.113917;38.535311
CV-VUT0450163-A;AV MADRID, 15, Es:1 Pl:16 Pt:A;03503;1693502YH5619S0096AA;2;1;61.00;07/09/2016;-0.113917;38.535311
CV-VUT0450433-A;AV MADRID, 15, Es:1 Pl:17 Pt:B;03503;1693502YH5619S0103JJ;2;0;42.00;04/10/2016;-0.113917;38.535311
CV-VUT0322729-A;AV MADRID, 15, Es:1 Pl:18 Pt:E;03503;1693502YH5619S0112MM;2;1;42.00;03/07/2018;-0.113917;38.535311
CV-VUT0323060-A;AV MADRID, 15, Es:1 Pl:18 Pt:F;03503;1693502YH5619S0113QQ;2;1;61.00;28/06/2019;-0.113917;38.535311
CV-VUT0317956-A;AV MADRID, 15, Es:1 Pl:20 Pt:B;03503;1693502YH5619S0121YY;2;1;42.00;09/12/1998;-0.113917;38.535311
CV-VUT0507351-A;AV MADRID, 15, Es:1 Pl:21 Pt:C;03503;1693502YH5619S0128DD;2;1;42.00;12/04/2024;-0.113917;38.535311
CV-VUT0317957-A;AV MADRID, 15, Es:1 Pl:22 Pt:C;03503;1693502YH5619S0134HH;2;1;42.00;09/12/1998;-0.113917;38.535311
CV-VUT0318602-A;AV MADRID, 15, Es:1 Pl:22 Pt:D;03503;1693502YH5619S0135JJ;2;1;42.00;18/08/2000;-0.113917;38.535311
CV-VUT0322928-A;AV MADRID, 15, Es:1 Pl:22 Pt:F;03503;1693502YH5619S0137LL;3;2;62.00;13/02/2019;-0.113917;38.535311
CV-VUT0323005-A;AV MADRID, 15, Es:1 Pl:23 Pt:C;03503;1693502YH5619S0140LL;2;1;42.00;15/05/2019;-0.113917;38.535311
CV-VUT0322879-A;AV MADRID, 15, Es:1 Pl:23 Pt:E;03503;1693502YH5619S0142ZZ;2;1;42.00;13/08/2018;-0.113917;38.535311
CV-VUT0485941-A;AV MADRID, 15, Es:1 Pl:23 Pt:F;03503;1693502YH5619S0143XX;2;1;63.00;06/05/2021;-0.113917;38.535311
CV-VUT0459390-A;AV MADRID, 15, Es:1 Pl:24 Pt:E;03503;1693502YH5619S0148RR;2;1;42.00;23/10/2017;-0.113917;38.535311
CV-VUT0322361-A;AV MADRID, 15, Es:1 Pl:26 Pt:D;03503;1693502YH5619S0159SS;2;1;42.00;27/11/2017;-0.113917;38.535311
CV-VUT0323734-A;AV MADRID, 16, Es:A Pl:01 Pt:A;03503;1693503YH5619S0005WH;4;2;116.00;08/07/2022;-0.113536;38.535189
CV-VUT0461418-A;AV MADRID, 16, Es:A Pl:02 Pt:A;03503;1693503YH5619S0007RK;5;3;116.00;18/12/2017;-0.113536;38.535189
CV-VUT0483416-A;AV MADRID, 16, Es:A Pl:10 Pt:A;03503;1693503YH5619S0023FT;4;2;116.00;30/09/2020;-0.113536;38.535189
CV-VUT0323093-A;AV MADRID, 16, Es:A Pl:10 Pt:B;03503;1693503YH5619S0024GY;4;2;99.00;22/07/2019;-0.113536;38.535189
CV-VUT0485324-A;AV MADRID, 16, Es:C Pl:04 Pt:C;03503;1693503YH5619S0036QG;4;2;104.00;10/03/2021;-0.113536;38.535189
CV-VUT0323582-A;AV MADRID, 16, Es:C Pl:09 Pt:C;03503;1693503YH5619S0046IX;4;2;104.00;22/11/2021;-0.113536;38.535189
CV-VUT0485470-A;AV MADRID, 16, Es:E Pl:01 Pt:F;03503;1693503YH5619S0052AW;5;3;105.00;25/03/2021;-0.113536;38.535189
CV-VUT0515598-A;AV MADRID, 16, Es:E Pl:03 Pt:E;03503;1693503YH5619S0055FT;6;3;99.00;09/03/2025;-0.113536;38.535189
CV-VUT0322323-A;AV MADRID, 18, Es:1 Pl:01 Pt:A;03503;1893502YH5619S0069MH;2;1;41.00;19/09/2017;-0.112838;38.535128
CV-VUT0501419-A;AV MADRID, 18, Es:1 Pl:01 Pt:B;03503;1893502YH5619S0070ZF;2;1;36.00;07/09/2023;-0.112838;38.535128
CV-VUT0322324-A;AV MADRID, 18, Es:1 Pl:03 Pt:A;03503;1893502YH5619S0075EL;2;1;41.00;19/09/2017;-0.112838;38.535128
CV-VUT0321028-A;AV MADRID, 18, Es:1 Pl:03 Pt:C;03503;1893502YH5619S0077TZ;2;1;38.00;01/09/2009;-0.112838;38.535128
CV-VUT0322325-A;AV MADRID, 18, Es:1 Pl:04 Pt:B;03503;1893502YH5619S0079UM;2;1;36.00;19/09/2017;-0.112838;38.535128
CV-VUT0321104-A;AV MADRID, 18, Es:1 Pl:05 Pt:B;03503;1893502YH5619S0082UM;2;1;36.00;16/06/2010;-0.112838;38.535128
CV-VUT0322326-A;AV MADRID, 18, Es:1 Pl:05 Pt:C;03503;1893502YH5619S0083IQ;2;1;38.00;19/09/2017;-0.112838;38.535128
CV-VUT0320447-A;AV MADRID, 18, Es:1 Pl:06 Pt:A;03503;1893502YH5619S0084OW;2;1;41.00;03/07/2006;-0.112838;38.535128
CV-VUT0321407-A;AV MADRID, 18, Es:1 Pl:06 Pt:B;03503;1893502YH5619S0085PE;2;1;36.00;22/11/2011;-0.112838;38.535128
CV-VUT0320791-A;AV MADRID, 18, Es:1 Pl:07 Pt:B;03503;1893502YH5619S0088DY;2;1;36.00;13/07/2008;-0.112838;38.535128
CV-VUT0320598-A;AV MADRID, 18, Es:1 Pl:07 Pt:C;03503;1893502YH5619S0089FU;2;1;38.00;18/04/2007;-0.112838;38.535128
CV-VUT0320792-A;AV MADRID, 18, Es:1 Pl:08 Pt:B;03503;1893502YH5619S0091DY;2;1;36.00;13/07/2008;-0.112838;38.535128
CV-VUT0003319-A;AV MADRID, 18, Es:1 Pl:09 Pt:A;03503;1893502YH5619S0093GI;4;2;41.00;05/10/1993;-0.112838;38.535128
CV-VUT0322327-A;AV MADRID, 18, Es:1 Pl:09 Pt:C;03503;1893502YH5619S0095JP;2;1;38.00;19/09/2017;-0.112838;38.535128
CV-VUT0322553-A;AV MADRID, 18, Es:1 Pl:10 Pt:A;03503;1893502YH5619S0096KA;2;1;41.00;14/05/2018;-0.112838;38.535128
CV-VUT0320790-A;AV MADRID, 18, Es:1 Pl:11 Pt:B;03503;1893502YH5619S0100ZF;2;1;36.00;13/07/2008;-0.112838;38.535128
CV-VUT0322328-A;AV MADRID, 18, Es:1 Pl:11 Pt:C;03503;1893502YH5619S0101XG;2;1;38.00;19/09/2017;-0.112838;38.535128
CV-VUT0317960-A;AV MADRID, 18, Es:1 Pl:12 Pt:A;03503;1893502YH5619S0102MH;2;1;41.00;10/12/1998;-0.112838;38.535128
CV-VUT0322329-A;AV MADRID, 18, Es:1 Pl:12 Pt:C;03503;1893502YH5619S0104WK;2;1;38.00;19/09/2017;-0.112838;38.535128
CV-VUT0322330-A;AV MADRID, 18, Es:1 Pl:13 Pt:A;03503;1893502YH5619S0105EL;2;1;41.00;19/09/2017;-0.112838;38.535128
CV-VUT0003322-A;AV MADRID, 18, Es:1 Pl:14 Pt:B;03503;1893502YH5619S0109UM;2;1;36.00;05/10/1993;-0.112838;38.535128
CV-VUT0310613-A;AV MADRID, 18, Es:1 Pl:15 Pt:A;03503;1893502YH5619S0111YX;4;2;41.00;28/04/2000;-0.112838;38.535128
CV-VUT0310614-A;AV MADRID, 18, Es:1 Pl:16 Pt:A;03503;1893502YH5619S0114OW;4;2;41.00;28/04/2000;-0.112838;38.535128
CV-VUT0003324-A;AV MADRID, 18, Es:1 Pl:16 Pt:C;03503;1893502YH5619S0116AR;2;1;38.00;05/10/1993;-0.112838;38.535128
CV-VUT0310615-A;AV MADRID, 18, Es:1 Pl:17 Pt:A;03503;1893502YH5619S0117ST;4;2;41.00;28/04/2000;-0.112838;38.535128
CV-VUT0310789-A;AV MADRID, 18, Es:1 Pl:19 Pt:B;03503;1893502YH5619S0124HO;2;1;36.00;02/06/1995;-0.112838;38.535128
CV-VUT0321107-A;AV MADRID, 18, Es:1 Pl:20 Pt:A;03503;1893502YH5619S0126KA;6;3;41.00;16/06/2010;-0.112838;38.535128
CV-VUT0321108-A;AV MADRID, 18, Es:1 Pl:20 Pt:B;03503;1893502YH5619S0127LS;2;1;36.00;16/06/2010;-0.112838;38.535128
CV-VUT0323456-A;AV MADRID, 18, Es:1 Pl:20 Pt:C;03503;1893502YH5619S0128BD;2;1;38.00;09/12/2020;-0.112838;38.535128
CV-VUT0317963-A;AV MADRID, 18, Es:1 Pl:22 Pt:A;03503;1893502YH5619S0132ZF;2;1;41.00;10/12/1998;-0.112838;38.535128
CV-VUT0324143-A;AV MADRID, 18, Es:1 Pl:22 Pt:C;03503;1893502YH5619S0134MH;2;1;38.00;14/12/2023;-0.112838;38.535128
CV-VUT0321730-A;AV MADRID, 18, Es:1 Pl:23 Pt:B;03503;1893502YH5619S0136WK;2;1;36.00;28/03/2015;-0.112838;38.535128
CV-VUT0320789-A;AV MADRID, 18, Es:1 Pl:23 Pt:C;03503;1893502YH5619S0137EL;2;1;38.00;13/07/2008;-0.112838;38.535128
CV-VUT0322828-A;AV MADRID, 18, Es:1 Pl:24 Pt:B;03503;1893502YH5619S0139TZ;2;1;36.00;16/07/2018;-0.112838;38.535128
CV-VUT0322552-A;AV MADRID, 18, Es:1 Pl:26 Pt:A;03503;1893502YH5619S0144UM;2;1;41.00;14/05/2018;-0.112838;38.535128
CV-VUT0317964-A;AV MADRID, 18, Es:1 Pl:26 Pt:B;03503;1893502YH5619S0145IQ;2;1;36.00;10/12/1998;-0.112838;38.535128
CV-VUT0320186-A;AV MADRID, 18, Es:1 Pl:27 Pt:A;03503;1893502YH5619S0147PE;2;1;41.00;04/11/2004;-0.112838;38.535128
CV-VUT0321052-A;AV MADRID, 18, Es:1 Pl:28 Pt:C;03503;1893502YH5619S0152ST;2;1;38.00;17/06/2009;-0.112838;38.535128
CV-VUT0003332-A;AV MADRID, 18, Es:1 Pl:29 Pt:C;03503;1893502YH5619S0155GI;2;1;38.00;05/10/1993;-0.112838;38.535128
CV-VUT0473925-A;AV MADRID, 19, Es:1 Pl:03 Pt:00;03503;1893503YH5619S0016JQ;6;3;133.00;15/02/2019;-0.112515;38.534959
CV-VUT0470789-A;AV MADRID, 20, Es:1 Pl:01 Pt:B;03503;1893504YH5619S0036JG;4;2;49.00;24/09/2018;-0.112165;38.535042
CV-VUT0482747-A;AV MADRID, 20, Es:1 Pl:04 Pt:A;03503;1893504YH5619S0047WM;4;2;61.00;28/07/2020;-0.112165;38.535042
CV-VUT0482748-A;AV MADRID, 20, Es:1 Pl:04 Pt:B;03503;1893504YH5619S0048EQ;2;1;49.00;28/07/2020;-0.112165;38.535042
CV-VUT0482749-A;AV MADRID, 20, Es:1 Pl:04 Pt:C;03503;1893504YH5619S0049RW;4;2;49.00;28/07/2020;-0.112165;38.535042
CV-VUT0482750-A;AV MADRID, 20, Es:1 Pl:04 Pt:D;03503;1893504YH5619S0050WM;4;2;61.00;28/07/2020;-0.112165;38.535042
CV-VUT0320133-A;AV MADRID, 20, Es:1 Pl:06 Pt:A;03503;1893504YH5619S0055UT;0;0;61.00;13/09/2004;-0.112165;38.535042
CV-VUT0323963-A;AV MADRID, 20, Es:1 Pl:12 Pt:C;03503;1893504YH5619S0081QX;4;2;49.00;06/04/2023;-0.112165;38.535042
CV-VUT0323889-A;AV MADRID, 20, Es:1 Pl:13 Pt:B;03503;1893504YH5619S0084RW;4;2;49.00;16/01/2023;-0.112165;38.535042
CV-VUT0456788-A;AV MADRID, 20, Es:1 Pl:18 Pt:+1;03503;1893504YH5619S0103LJ;8;4;245.00;03/07/2017;-0.112165;38.535042
CV-VUT0513904-A;AV MADRID, 21, Es:7 Pl:01 Pt:01;03503;1893505YH5619S0009IB;7;4;108.00;22/01/2025;-0.111684;38.534945
CV-VUT0458880-A;AV MADRID, 21, Es:7 Pl:01 Pt:02;03503;1893505YH5619S0010YK;6;3;83.00;29/09/2017;-0.111684;38.534945
CV-VUT0468329-A;AV MADRID, 21, Es:7 Pl:02 Pt:01;03503;1893505YH5619S0013OZ;9;5;108.00;13/06/2018;-0.111684;38.534945
CV-VUT0484779-A;AV MADRID, 21, Es:7 Pl:02 Pt:02;03503;1893505YH5619S0014PX;5;3;83.00;24/01/2021;-0.111684;38.534945
CV-VUT0450108-A;AV MADRID, 21, Es:7 Pl:03 Pt:01;03503;1893505YH5619S0017DW;8;4;108.00;02/09/2016;-0.111684;38.534945
CV-VUT0450109-A;AV MADRID, 21, Es:7 Pl:03 Pt:02;03503;1893505YH5619S0018FE;6;3;83.00;02/09/2016;-0.111684;38.534945
CV-VUT0450110-A;AV MADRID, 21, Es:7 Pl:04 Pt:02;03503;1893505YH5619S0022GR;6;3;83.00;02/09/2016;-0.111684;38.534945
CV-VUT0520358-A;AV MADRID, 21, Es:7 Pl:04 Pt:03;03503;1893505YH5619S0023HT;6;3;83.00;25/02/2026;-0.111684;38.534945
CV-VUT0450111-A;AV MADRID, 21, Es:7 Pl:04 Pt:04;03503;1893505YH5619S0024JY;8;4;107.00;02/09/2016;-0.111684;38.534945
CV-VUT0522755-A;AV MADRID, 21, Es:8 Pl:01 Pt:01;03503;1893505YH5619S0035WF;6;3;130.00;15/09/2026;-0.111684;38.534945
CV-VUT0506634-A;AV MADRID, 21, Es:8 Pl:01 Pt:03;03503;1893505YH5619S0038TJ;6;3;83.00;28/03/2024;-0.111684;38.534945
CV-VUT0461641-A;AV MADRID, 21, Es:8 Pl:06 Pt:03;03503;1893505YH5619S0046PX;6;3;83.00;20/12/2017;-0.111684;38.534945
CV-VUT0323524-A;AV MADRID, 21, Es:8 Pl:07 Pt:02;03503;1893505YH5619S0061LI;4;2;53.00;26/06/2021;-0.111684;38.534945
CV-VUT0449991-A;AV MADRID, 21, Es:8 Pl:07 Pt:03;03503;1893505YH5619S0062BO;2;1;53.00;29/08/2016;-0.111684;38.534945
CV-VUT0510560-A;AV MADRID, 21, Es:8 Pl:07 Pt:04;03503;1893505YH5619S0063ZP;6;3;61.00;26/07/2024;-0.111684;38.534945
CV-VUT0324197-A;AV MADRID, 21, Es:9 Pl:01 Pt:02;03503;1893505YH5619S0064XA;4;2;80.00;14/02/2024;-0.111684;38.534945
CV-VUT0319235-A;AV MADRID, 21, Es:9 Pl:01 Pt:03;03503;1893505YH5619S0065MS;7;4;104.00;29/04/2002;-0.111684;38.534945
CV-VUT0479092-A;AV MADRID, 21, Es:9 Pl:01 Pt:04;03503;1893505YH5619S0066QD;6;3;97.00;14/10/2019;-0.111684;38.534945
CV-VUT0323482-A;AV MADRID, 21, Es:9 Pl:02 Pt:05;03503;1893505YH5619S0073TJ;7;4;102.00;06/04/2021;-0.111684;38.534945
CV-VUT0493848-A;AV MADRID, 21, Es:9 Pl:03 Pt:05;03503;1893505YH5619S0079AM;5;3;102.00;09/12/2022;-0.111684;38.534945
CV-VUT0003295-A;AV MADRID, 23, Es:1 Pl:01 Pt:C;03503;1893507YH5619S0023AT;4;2;65.00;05/10/1993;-0.110851;38.534727
CV-VUT0312163-A;AV MADRID, 23, Es:1 Pl:02 Pt:C;03503;1893507YH5619S0028HP;4;2;65.00;29/09/1995;-0.110851;38.534727
CV-VUT0324193-A;AV MADRID, 23, Es:1 Pl:02 Pt:E;03503;1893507YH5619S0030GO;4;2;71.00;14/02/2024;-0.110851;38.534727
CV-VUT0495831-A;AV MADRID, 23, Es:1 Pl:03 Pt:A;03503;1893507YH5619S0031HP;4;2;71.00;08/03/2023;-0.110851;38.534727
CV-VUT0003296-A;AV MADRID, 23, Es:1 Pl:03 Pt:C;03503;1893507YH5619S0033KS;4;2;65.00;05/10/1993;-0.110851;38.534727
CV-VUT0003297-A;AV MADRID, 23, Es:1 Pl:03 Pt:E;03503;1893507YH5619S0035BF;4;2;71.00;05/10/1993;-0.110851;38.534727
CV-VUT0322320-A;AV MADRID, 23, Es:1 Pl:04 Pt:E;03503;1893507YH5619S0040XH;4;2;71.00;19/09/2017;-0.110851;38.534727
CV-VUT0322573-A;AV MADRID, 23, Es:1 Pl:05 Pt:C;03503;1893507YH5619S0043WL;4;2;65.00;17/05/2018;-0.110851;38.534727
CV-VUT0320783-A;AV MADRID, 23, Es:1 Pl:05 Pt:D;03503;1893507YH5619S0044EB;4;2;65.00;21/06/2008;-0.110851;38.534727
CV-VUT0323215-A;AV MADRID, 23, Es:1 Pl:06 Pt:E;03503;1893507YH5619S0050YM;4;2;71.00;14/11/2019;-0.110851;38.534727
CV-VUT0312164-A;AV MADRID, 23, Es:1 Pl:07 Pt:A;03503;1893507YH5619S0051UQ;4;2;71.00;29/09/1995;-0.110851;38.534727
CV-VUT0312165-A;AV MADRID, 23, Es:1 Pl:07 Pt:E;03503;1893507YH5619S0003BF;4;2;71.00;29/09/1995;-0.110851;38.534727
CV-VUT0323709-A;AV MADRID, 23, Es:1 Pl:08 Pt:A;03503;1893507YH5619S0055AT;4;2;71.00;13/06/2022;-0.110851;38.534727
CV-VUT0321371-A;AV MADRID, 23, Es:1 Pl:08 Pt:D;03503;1893507YH5619S0057DU;4;2;65.00;13/09/2011;-0.110851;38.534727
CV-VUT0312166-A;AV MADRID, 23, Es:1 Pl:10 Pt:A;03503;1893507YH5619S0064JA;4;2;71.00;29/09/1995;-0.110851;38.534727
CV-VUT0003301-A;AV MADRID, 23, Es:1 Pl:10 Pt:B;03503;1893507YH5619S0065KS;4;2;65.00;05/10/1993;-0.110851;38.534727
CV-VUT0324147-A;AV MADRID, 23, Es:1 Pl:10 Pt:C;03503;1893507YH5619S0066LD;5;3;65.00;03/01/2024;-0.110851;38.534727
CV-VUT0473558-A;AV MADRID, 23, Es:1 Pl:11 Pt:B;03503;1893507YH5619S0070BF;3;2;65.00;31/01/2019;-0.110851;38.534727
CV-VUT0003302-A;AV MADRID, 23, Es:1 Pl:11 Pt:C;03503;1893507YH5619S0071ZG;6;4;65.00;05/10/1993;-0.110851;38.534727
CV-VUT0491829-A;AV MADRID, 23, Es:1 Pl:11 Pt:D;03503;1893507YH5619S0072XH;2;1;65.00;11/08/2022;-0.110851;38.534727
CV-VUT0483218-A;AV MADRID, 23, Es:1 Pl:11 Pt:E;03503;1893507YH5619S0073MJ;4;2;71.00;09/09/2020;-0.110851;38.534727
CV-VUT0319970-A;AV MADRID, 23, Es:1 Pl:12 Pt:C;03503;1893507YH5619S0076EB;4;2;65.00;15/04/2004;-0.110851;38.534727
CV-VUT0315561-A;AV MADRID, 23, Es:1 Pl:13 Pt:C;03503;1893507YH5619S0081TX;4;2;65.00;30/06/1997;-0.110851;38.534727
CV-VUT0312167-A;AV MADRID, 23, Es:1 Pl:13 Pt:D;03503;1893507YH5619S0082YM;4;2;65.00;29/09/1995;-0.110851;38.534727
CV-VUT0319219-A;AV MADRID, 23, Es:1 Pl:14 Pt:B;03503;1893507YH5619S0085OE;4;2;65.00;10/04/2002;-0.110851;38.534727
CV-VUT0487510-A;AV MADRID, 23, Es:1 Pl:14 Pt:C;03503;1893507YH5619S0086PR;4;2;65.00;24/09/2021;-0.110851;38.534727
CV-VUT0003303-A;AV MADRID, 23, Es:1 Pl:15 Pt:B;03503;1893507YH5619S0091SY;4;2;65.00;05/10/1993;-0.110851;38.534727
CV-VUT0514341-A;AV MADRID, 23, Es:1 Pl:15 Pt:C;03503;1893507YH5619S0089DU;6;4;65.00;19/02/2025;-0.110851;38.534727
CV-VUT0003305-A;AV MADRID, 23, Es:1 Pl:15 Pt:D;03503;1893507YH5619S0092DU;4;2;65.00;05/10/1993;-0.110851;38.534727
CV-VUT0003306-A;AV MADRID, 23, Es:1 Pl:16 Pt:A;03503;1893507YH5619S0094GO;4;2;71.00;05/10/1993;-0.110851;38.534727
CV-VUT0003307-A;AV MADRID, 23, Es:1 Pl:16 Pt:B;03503;1893507YH5619S0095HP;4;2;65.00;05/10/1993;-0.110851;38.534727
CV-VUT0478478-A;AV MADRID, 23, Es:1 Pl:16 Pt:C;03503;1893507YH5619S0096JA;6;3;65.00;06/09/2019;-0.110851;38.534727
CV-VUT0323494-A;AV MADRID, 23, Es:1 Pl:17 Pt:B;03503;1893507YH5619S0100BF;4;2;65.00;13/05/2021;-0.110851;38.534727
CV-VUT0003309-A;AV MADRID, 23, Es:1 Pl:17 Pt:C;03503;1893507YH5619S0101ZG;4;2;65.00;05/10/1993;-0.110851;38.534727
CV-VUT0323455-A;AV MADRID, 23, Es:1 Pl:17 Pt:D;03503;1893507YH5619S0102XH;4;2;65.00;09/12/2020;-0.110851;38.534727
CV-VUT0486737-A;AV MADRID, 23, Es:1 Pl:17 Pt:E;03503;1893507YH5619S0103MJ;4;2;71.00;28/06/2021;-0.110851;38.534727
CV-VUT0322572-A;AV MADRID, 23, Es:1 Pl:18 Pt:A;03503;1893507YH5619S0104QK;4;2;71.00;17/05/2018;-0.110851;38.534727
CV-VUT0003311-A;AV MADRID, 23, Es:1 Pl:18 Pt:B;03503;1893507YH5619S0105WL;4;2;65.00;05/10/1993;-0.110851;38.534727
CV-VUT0323679-A;AV MADRID, 23, Es:1 Pl:19 Pt:A;03503;1893507YH5619S0109YM;4;2;71.00;27/04/2022;-0.110851;38.534727
CV-VUT0003312-A;AV MADRID, 23, Es:1 Pl:19 Pt:D;03503;1893507YH5619S0112YM;4;2;65.00;05/10/1993;-0.110851;38.534727
CV-VUT0003313-A;AV MADRID, 23, Es:1 Pl:20 Pt:B;03503;1893507YH5619S0115OE;4;2;65.00;05/10/1993;-0.110851;38.534727
CV-VUT0323662-A;AV MADRID, 23, Es:1 Pl:20 Pt:D;03503;1893507YH5619S0117AT;4;2;65.00;05/04/2022;-0.110851;38.534727
CV-VUT0323665-A;AV MADRID, 23, Es:1 Pl:20 Pt:E;03503;1893507YH5619S0118SY;4;2;71.00;12/04/2022;-0.110851;38.534727
CV-VUT0323172-A;AV MADRID, 23, Es:1 Pl:21 Pt:A;03503;1893507YH5619S0119DU;4;2;71.00;19/10/2019;-0.110851;38.534727
CV-VUT0321661-A;AV MADRID, 23, Es:1 Pl:21 Pt:D;03503;1893507YH5619S0122DU;4;2;65.00;18/06/2014;-0.110851;38.534727
CV-VUT0445196-A;AV MADRID, 24, Es:1 Pl:03 Pt:B;03503;2192309YH5629S0015AR;4;2;83.00;04/01/2016;-0.110282;38.534562
CV-VUT0322318-A;AV MADRID, 24, Es:1 Pl:05 Pt:A;03503;2192309YH5629S0018FU;4;2;80.00;19/09/2017;-0.110282;38.534562
CV-VUT0322317-A;AV MADRID, 24, Es:1 Pl:05 Pt:B;03503;2192309YH5629S0019GI;4;2;80.00;19/09/2017;-0.110282;38.534562
CV-VUT0442836-A;AV MADRID, 24, Es:1 Pl:06 Pt:B;03503;2192309YH5629S0021FU;4;2;83.00;05/05/2015;-0.110282;38.534562
CV-VUT0445197-A;AV MADRID, 24, Es:1 Pl:12 Pt:B;03503;2192309YH5629S0033MH;4;2;89.00;04/01/2016;-0.110282;38.534562
CV-VUT0322319-A;AV MADRID, 24, Es:1 Pl:14 Pt:A;03503;2192309YH5629S0036EL;4;2;90.00;19/09/2017;-0.110282;38.534562
CV-VUT0445198-A;AV MADRID, 24, Es:1 Pl:17 Pt:A;03503;2192309YH5629S0042YX;4;2;80.00;04/01/2016;-0.110282;38.534562
CV-VUT0445199-A;AV MADRID, 24, Es:1 Pl:17 Pt:B;03503;2192309YH5629S0043UM;4;2;80.00;04/01/2016;-0.110282;38.534562
CV-VUT0484969-A;AV MADRID, 25, Es:1 Pl:04 Pt:B;03503;2192308YH5629S0011ZM;5;3;75.00;15/02/2021;-0.110045;38.534430
CV-VUT0449509-A;AV MADRID, 25, Es:1 Pl:05 Pt:A;03503;2192308YH5629S0012XQ;6;3;109.00;10/08/2016;-0.110045;38.534430
CV-VUT0482769-A;AV MADRID, 25, Es:1 Pl:07 Pt:A;03503;2192308YH5629S0016ET;8;4;109.00;28/07/2020;-0.110045;38.534430
CV-VUT0322614-A;AV MADRID, 25, Es:1 Pl:07 Pt:B;03503;2192308YH5629S0017RY;8;4;75.00;29/05/2018;-0.110045;38.534430
CV-VUT0499750-A;AV MADRID, 25, Es:1 Pl:09 Pt:A;03503;2192308YH5629S0020RY;6;3;109.00;04/07/2023;-0.110045;38.534430
CV-VUT0457270-A;AV MADRID, 25, Es:1 Pl:11 Pt:A;03503;2192308YH5629S0024IP;6;3;109.00;18/07/2017;-0.110045;38.534430
CV-VUT0497055-A;AV MADRID, 26, Es:1 Pl:00 Pt:36;03503;2192302YH5629S0037PB;2;1;33.00;13/04/2023;-0.109666;38.534280
CV-VUT0441193-A;AV MADRID, 26, Es:1 Pl:01 Pt:B;03503;2192302YH5629S0065YH;2;1;59.00;07/10/2014;-0.109666;38.534280
CV-VUT0495047-A;AV MADRID, 26, Es:1 Pl:01 Pt:D;03503;2192302YH5629S0067IK;1;1;59.00;09/02/2023;-0.109666;38.534280
CV-VUT0323167-A;AV MADRID, 26, Es:1 Pl:02 Pt:E;03503;2192302YH5629S0075DM;4;2;119.00;19/10/2019;-0.109666;38.534280
CV-VUT0491496-A;AV MADRID, 26, Es:1 Pl:03 Pt:D;03503;2192302YH5629S0081HE;2;1;59.00;21/07/2022;-0.109666;38.534280
CV-VUT0441194-A;AV MADRID, 26, Es:1 Pl:04 Pt:D;03503;2192302YH5629S0088MP;2;1;59.00;07/10/2014;-0.109666;38.534280
CV-VUT0502091-A;AV MADRID, 26, Es:1 Pl:04 Pt:F;03503;2192302YH5629S0090XO;2;1;59.00;04/10/2023;-0.109666;38.534280
CV-VUT0484235-A;AV MADRID, 26, Es:1 Pl:05 Pt:A;03503;2192302YH5629S0092QA;4;2;160.00;18/11/2020;-0.109666;38.534280
CV-VUT0441195-A;AV MADRID, 26, Es:1 Pl:05 Pt:B;03503;2192302YH5629S0093WS;2;1;59.00;07/10/2014;-0.109666;38.534280
CV-VUT0465635-A;AV MADRID, 26, Es:1 Pl:05 Pt:D;03503;2192302YH5629S0095RF;2;1;59.00;18/04/2018;-0.109666;38.534280
CV-VUT0514218-A;AV MADRID, 26, Es:1 Pl:05 Pt:E;03503;2192302YH5629S0096TG;6;3;119.00;12/02/2025;-0.109666;38.534280
CV-VUT0441196-A;AV MADRID, 26, Es:1 Pl:06 Pt:B;03503;2192302YH5629S0100IK;2;1;59.00;07/10/2014;-0.109666;38.534280
CV-VUT0320832-A;AV MADRID, 26, Es:1 Pl:06 Pt:E;03503;2192302YH5629S0103AZ;4;2;119.00;02/12/2008;-0.109666;38.534280
CV-VUT0032415-A;AV MADRID, 26, Es:1 Pl:07 Pt:B;03503;2192302YH5629S0107GW;2;1;59.00;04/10/1993;-0.109666;38.534280
CV-VUT0321529-A;AV MADRID, 26, Es:1 Pl:07 Pt:C;03503;2192302YH5629S0108HE;4;2;119.00;11/10/2012;-0.109666;38.534280
CV-VUT0441198-A;AV MADRID, 26, Es:1 Pl:08 Pt:B;03503;2192302YH5629S0114LY;2;1;59.00;07/10/2014;-0.109666;38.534280
CV-VUT0321533-A;AV MADRID, 26, Es:1 Pl:08 Pt:F;03503;2192302YH5629S0118MP;2;1;59.00;11/10/2012;-0.109666;38.534280
CV-VUT0320827-A;AV MADRID, 26, Es:1 Pl:09 Pt:E;03503;2192302YH5629S0124ED;4;2;119.00;02/12/2008;-0.109666;38.534280
CV-VUT0324320-A;AV MADRID, 26, Es:1 Pl:10 Pt:C;03503;2192302YH5629S0129IK;4;2;119.00;22/05/2024;-0.109666;38.534280
CV-VUT0495048-A;AV MADRID, 26, Es:1 Pl:10 Pt:D;03503;2192302YH5629S0130YH;1;1;59.00;09/02/2023;-0.109666;38.534280
CV-VUT0322658-A;AV MADRID, 26, Es:1 Pl:10 Pt:F;03503;2192302YH5629S0132IK;2;1;59.00;08/06/2018;-0.109666;38.534280
CV-VUT0320889-A;AV MADRID, 26, Es:1 Pl:11 Pt:A;03503;2192302YH5629S0134PB;5;3;160.00;12/08/2009;-0.109666;38.534280
CV-VUT0032416-A;AV MADRID, 26, Es:1 Pl:12 Pt:D;03503;2192302YH5629S0144JR;2;1;59.00;04/10/1993;-0.109666;38.534280
CV-VUT0320828-A;AV MADRID, 26, Es:1 Pl:12 Pt:E;03503;2192302YH5629S0145KT;4;2;119.00;02/12/2008;-0.109666;38.534280
CV-VUT0324316-A;AV MADRID, 26, Es:1 Pl:13 Pt:B;03503;2192302YH5629S0149XO;2;1;59.00;22/05/2024;-0.109666;38.534280
CV-VUT0318815-A;AV MADRID, 26, Es:1 Pl:13 Pt:D;03503;2192302YH5629S0151ZI;0; ;59.00;10/04/2001;-0.109666;38.534280
CV-VUT0321530-A;AV MADRID, 26, Es:1 Pl:13 Pt:E;03503;2192302YH5629S0152XO;4;2;119.00;11/10/2012;-0.109666;38.534280
CV-VUT0503728-A;AV MADRID, 26, Es:1 Pl:14 Pt:C;03503;2192302YH5629S0157RF;4;2;119.00;07/12/2023;-0.109666;38.534280
CV-VUT0500372-A;AV MADRID, 26, Es:1 Pl:14 Pt:D;03503;2192302YH5629S0158TG;2;1;59.00;25/07/2023;-0.109666;38.534280
CV-VUT0320893-A;AV MADRID, 26, Es:1 Pl:16 Pt:C;03503;2192302YH5629S0171SX;4;2;119.00;12/08/2009;-0.109666;38.534280
CV-VUT0503579-A;AV MADRID, 26, Es:1 Pl:17 Pt:E;03503;2192302YH5629S0180KT;4;2;119.00;01/12/2023;-0.109666;38.534280
CV-VUT0320825-A;AV MADRID, 26, Es:1 Pl:18 Pt:A;03503;2192302YH5629S0183ZI;6;3;160.00;02/12/2008;-0.109666;38.534280
CV-VUT0459411-A;AV MADRID, 26, Es:1 Pl:18 Pt:B;03503;2192302YH5629S0184XO;2;1;59.00;24/10/2017;-0.109666;38.534280
CV-VUT0032417-A;AV MADRID, 26, Es:1 Pl:19 Pt:B;03503;2192302YH5629S0191ED;2;1;59.00;04/10/1993;-0.109666;38.534280
CV-VUT0322344-A;AV MADRID, 26, Es:1 Pl:19 Pt:C;03503;2192302YH5629S0192RF;4;2;119.00;04/05/2016;-0.109666;38.534280
CV-VUT0321532-A;AV MADRID, 26, Es:1 Pl:19 Pt:E;03503;2192302YH5629S0194YH;4;2;119.00;11/10/2012;-0.109666;38.534280
CV-VUT0484926-A;AV MADRID, 26, Es:1 Pl:19 Pt:F;03503;2192302YH5629S0195UJ;2;1;59.00;09/02/2021;-0.109666;38.534280
CV-VUT0032418-A;AV MADRID, 26, Es:1 Pl:20 Pt:B;03503;2192302YH5629S0198PB;2;1;59.00;04/10/1993;-0.109666;38.534280
CV-VUT0481794-A;AV MADRID, 26, Es:1 Pl:20 Pt:D;03503;2192302YH5629S0200AZ;2;1;59.00;13/04/2020;-0.109666;38.534280
CV-VUT0458818-A;AV MADRID, 26, Es:1 Pl:20 Pt:E;03503;2192302YH5629S0201SX;4;2;119.00;27/09/2017;-0.109666;38.534280
CV-VUT0321710-A;AV MADRID, 26, Es:1 Pl:20 Pt:G;03503;2192302YH5629S0203FQ;5;3;160.00;14/01/2015;-0.109666;38.534280
CV-VUT0321870-A;AV MADRID, 26, Es:1 Pl:21 Pt:E;03503;2192302YH5629S0208LY;4;2;119.00;10/03/2016;-0.109666;38.534280
CV-VUT0320885-A;AV MADRID, 26, Es:1 Pl:22 Pt:F;03503;2192302YH5629S0216QA;2;1;59.00;03/08/2009;-0.109666;38.534280
CV-VUT0439601-A;AV MADRID, 32, Es:1 Pl:08 Pt:C1;03503;2192302YH5629S0227OL;2;1;30.00;27/01/2014;-0.109666;38.534280
CV-VUT0439602-A;AV MADRID, 32, Es:1 Pl:08 Pt:C2;03503;2192302YH5629S0228PB;2;1;35.00;27/01/2014;-0.109666;38.534280
CV-VUT0321382-A;AV MADRID, 3, Es:1 Pl:00 Pt:A;03503;1194504YH5619S0001YS;6;3;79.00;13/09/2011;-0.119282;38.536070
CV-VUT0447218-A;AV MADRID, 3, Es:1 Pl:00 Pt:B;03503;1194504YH5619S0002UD;4;2;109.00;28/04/2016;-0.119282;38.536070
CV-VUT0483730-A;AV MADRID, 3, Es:1 Pl:01 Pt:D;03503;1194504YH5619S0006AJ;4;2;70.00;19/10/2020;-0.119282;38.536070
CV-VUT0455648-A;AV MADRID, 3, Es:1 Pl:03 Pt:B;03503;1194504YH5619S0012FB;2;1;59.00;23/05/2017;-0.119282;38.536070
CV-VUT0321381-A;AV MADRID, 3, Es:1 Pl:03 Pt:C;03503;1194504YH5619S0013GZ;2;1;59.00;13/09/2011;-0.119282;38.536070
CV-VUT0455651-A;AV MADRID, 3, Es:1 Pl:06 Pt:D;03503;1194504YH5619S0026WI;4;2;70.00;23/05/2017;-0.119282;38.536070
CV-VUT0517976-A;AV MADRID, 3, Es:1 Pl:07 Pt:A;03503;1194504YH5619S0027EO;3;2;70.00;31/07/2025;-0.119282;38.536070
CV-VUT0444387-A;AV MADRID, 3, Es:1 Pl:08 Pt:D;03503;1194504YH5619S0034UD;4;2;70.00;24/09/2015;-0.119282;38.536070
CV-VUT0512197-A;AV MADRID, 3, Es:1 Pl:09 Pt:A;03503;1194504YH5619S0035IF;4;2;70.00;17/10/2024;-0.119282;38.536070
CV-VUT0455652-A;AV MADRID, 3, Es:1 Pl:09 Pt:C;03503;1194504YH5619S0037PH;2;1;59.00;23/05/2017;-0.119282;38.536070
CV-VUT0449360-A;AV MADRID, 3, Es:1 Pl:09 Pt:D;03503;1194504YH5619S0038AJ;4;2;70.00;04/08/2016;-0.119282;38.536070
CV-VUT0323489-A;AV MADRID, 3, Es:1 Pl:10 Pt:D;03503;1194504YH5619S0042SK;4;2;70.00;22/04/2021;-0.119282;38.536070
CV-VUT0479093-A;AV MADRID, 3, Es:1 Pl:11 Pt:B;03503;1194504YH5619S0044FB;3;2;59.00;14/10/2019;-0.119282;38.536070
CV-VUT0454721-A;AV MADRID, 3, Es:1 Pl:11 Pt:C;03503;1194504YH5619S0045GZ;4;2;59.00;25/04/2017;-0.119282;38.536070
CV-VUT0497865-A;AV MADRID, 3, Es:1 Pl:12 Pt:A;03503;1194504YH5619S0047JM;4;2;70.00;04/04/2023;-0.119282;38.536070
CV-VUT0323492-A;AV MADRID, 3, Es:1 Pl:14 Pt:A;03503;1194504YH5619S0055XT;4;2;70.00;06/05/2021;-0.119282;38.536070
CV-VUT0321380-A;AV MADRID, 3, Es:1 Pl:16 Pt:C;03503;1194504YH5619S0065YS;2;1;59.00;13/09/2011;-0.119282;38.536070
CV-VUT0321379-A;AV MADRID, 3, Es:1 Pl:17 Pt:C;03503;1194504YH5619S0069PH;2;1;59.00;13/09/2011;-0.119282;38.536070
CV-VUT0321376-A;AV MADRID, 3, Es:1 Pl:18 Pt:B;03503;1194504YH5619S0072PH;2;1;59.00;13/09/2011;-0.119282;38.536070
CV-VUT0321375-A;AV MADRID, 3, Es:1 Pl:18 Pt:C;03503;1194504YH5619S0073AJ;2;1;59.00;13/09/2011;-0.119282;38.536070
CV-VUT0321377-A;AV MADRID, 3, Es:1 Pl:18 Pt:D;03503;1194504YH5619S0074SK;4;2;70.00;13/09/2011;-0.119282;38.536070
CV-VUT0321378-A;AV MADRID, 3, Es:1 Pl:19 Pt:D;03503;1194504YH5619S0078HX;4;2;70.00;13/09/2011;-0.119282;38.536070
CV-VUT0322722-A;AV MADRID, 32, Es:1 Pl:01 Pt:D;03503;2192305YH5629S0019WI;10;5;170.00;01/07/2018;-0.108029;38.533405
CV-VUT0480548-A;AV MADRID, 32, Es:1 Pl:02 Pt:C;03503;2192305YH5629S0022WI;4;2;84.00;10/01/2020;-0.108029;38.533405
CV-VUT0482370-A;AV MADRID, 32, Es:1 Pl:08 Pt:D;03503;2192305YH5629S0047ZR;8;4;170.00;25/06/2020;-0.108029;38.533405
CV-VUT0480550-A;AV MADRID, 32, Es:1 Pl:09 Pt:B;03503;2192305YH5629S0049MY;4;2;84.00;10/01/2020;-0.108029;38.533405
CV-VUT0515486-A;AV MADRID, 32, Es:1 Pl:09 Pt:D;03503;2192305YH5629S0051XT;8;4;170.00;31/03/2025;-0.108029;38.533405
CV-VUT0496062-A;AV MADRID, 32, Es:1 Pl:13 Pt:B;03503;2192305YH5629S0065PH;4;2;84.00;14/03/2023;-0.108029;38.533405
CV-VUT0474395-A;AV MADRID, 32, Es:1 Pl:14 Pt:C;03503;2192305YH5629S0070SK;6;3;84.00;11/03/2019;-0.108029;38.533405
CV-VUT0486753-A;AV MADRID, 32, Es:1 Pl:16 Pt:A;03503;2192305YH5629S0076KQ;6;3;130.00;29/06/2021;-0.108029;38.533405
CV-VUT0480549-A;AV MADRID, 32, Es:1 Pl:16 Pt:B;03503;2192305YH5629S0077LW;4;2;84.00;10/01/2020;-0.108029;38.533405
CV-VUT0503905-A;AV MADRID, 32, Es:1 Pl:17 Pt:B;03503;2192305YH5629S0081BE;4;3;84.00;05/12/2023;-0.108029;38.533405
CV-VUT0323882-A;AV MADRID, 32, Es:1 Pl:17 Pt:C;03503;2192305YH5629S0082ZR;6;3;84.00;28/12/2022;-0.108029;38.533405
CV-VUT0443100-A;AV MADRID, 33, Es:1 Pl:+1 Pt:00;03503;2200704YH5629S0020LY;6;3;179.00;22/05/2015;-0.107465;38.533033
CV-VUT0447298-A;AV MADRID, 33, Es:1 Pl:02 Pt:IZ;03503;2200704YH5629S0005PB;6;3;89.00;06/05/2016;-0.107465;38.533033
CV-VUT0322081-A;AV MADRID, 33, Es:1 Pl:07 Pt:IZ;03503;2200704YH5629S0015JR;6;3;89.00;13/12/2016;-0.107465;38.533033
CV-VUT0480238-A;AV MADRID, 33, Es:1 Pl:08 Pt:DR;03503;2200704YH5629S0016KT;6;3;89.00;11/12/2019;-0.107465;38.533033
CV-VUT0450565-A;AV MADRID, 4, Es:1 Pl:01 Pt:02;03503;1294604YH5619S0002ED;2;1;68.00;10/10/2016;-0.118853;38.536061
CV-VUT0449859-A;AV MADRID, 4, Es:1 Pl:03 Pt:01;03503;1294604YH5619S0009PB;2;1;75.00;19/08/2016;-0.118853;38.536061
CV-VUT0003748-A;AV MADRID, 4, Es:1 Pl:03 Pt:04;03503;1294604YH5619S0012PB;2;1;75.00;18/11/1993;-0.118853;38.536061
CV-VUT0449084-A;AV MADRID, 4, Es:1 Pl:05 Pt:03;03503;1294604YH5619S0019JR;2;1;68.00;19/07/2016;-0.118853;38.536061
CV-VUT0003442-A;AV MADRID, 4, Es:1 Pl:05 Pt:04;03503;1294604YH5619S0020GW;2;1;75.00;08/10/1993;-0.118853;38.536061
CV-VUT0461998-A;AV MADRID, 4, Es:1 Pl:06 Pt:02;03503;1294604YH5619S0022JR;2;1;68.00;27/12/2017;-0.118853;38.536061
CV-VUT0450566-A;AV MADRID, 4, Es:1 Pl:06 Pt:03;03503;1294604YH5619S0023KT;2;1;68.00;10/10/2016;-0.118853;38.536061
CV-VUT0457834-A;AV MADRID, 4, Es:1 Pl:07 Pt:04;03503;1294604YH5619S0027XO;4;2;75.00;15/04/2017;-0.118853;38.536061
CV-VUT0324198-A;AV MADRID, 4, Es:1 Pl:09 Pt:04;03503;1294604YH5619S0035RF;2;1;75.00;14/02/2024;-0.118853;38.536061
CV-VUT0451704-A;AV MADRID, 4, Es:1 Pl:10 Pt:01;03503;1294604YH5619S0036TG;2;1;75.00;07/12/2016;-0.118853;38.536061
CV-VUT0449070-A;AV MADRID, 4, Es:1 Pl:10 Pt:02;03503;1294604YH5619S0037YH;2;1;68.00;18/07/2016;-0.118853;38.536061
CV-VUT0443727-A;AV MADRID, 4, Es:1 Pl:11 Pt:03;03503;1294604YH5619S0062XO;4;2;68.00;21/07/2015;-0.118853;38.536061
CV-VUT0450567-A;AV MADRID, 4, Es:1 Pl:12 Pt:02;03503;1294604YH5619S0042IK;2;1;68.00;10/10/2016;-0.118853;38.536061
CV-VUT0451705-A;AV MADRID, 4, Es:1 Pl:12 Pt:04;03503;1294604YH5619S0044PB;2;1;75.00;07/12/2016;-0.118853;38.536061
CV-VUT0468997-A;AV MADRID, 4, Es:1 Pl:13 Pt:01;03503;1294604YH5619S0045AZ;3;2;75.00;28/06/2018;-0.118853;38.536061
CV-VUT0467997-A;AV MADRID, 4, Es:1 Pl:13 Pt:02;03503;1294604YH5619S0046SX;2;1;68.00;07/06/2018;-0.118853;38.536061
CV-VUT0451706-A;AV MADRID, 4, Es:1 Pl:14 Pt:01;03503;1294604YH5619S0049GW;2;1;75.00;07/12/2016;-0.118853;38.536061
CV-VUT0458858-A;AV MADRID, 4, Es:1 Pl:15 Pt:02;03503;1294604YH5619S0054JR;2;1;68.00;28/09/2017;-0.118853;38.536061
CV-VUT0453114-A;AV MADRID, 4, Es:1 Pl:16 Pt:01;03503;1294604YH5619S0057BU;2;1;75.00;17/02/2017;-0.118853;38.536061
CV-VUT0471544-A;AV MADRID, 4, Es:1 Pl:16 Pt:02;03503;1294604YH5619S0058ZI;5;3;68.00;02/11/2018;-0.118853;38.536061
CV-VUT0000033-A;AV MADRID, 5, Es:1 Pl:07 Pt:A;03503;1294604YH5619S0064QA;4;2;85.00;06/08/1993;-0.118853;38.536061
CV-VUT0322640-A;AV MADRID, 5, Es:1 Pl:01 Pt:C;03503;1294603YH5619S0025AU;3;2;66.00;07/06/2018;-0.118489;38.535949
CV-VUT0323525-A;AV MADRID, 5, Es:1 Pl:01 Pt:L;03503;1294603YH5619S0026SI;4;2;107.00;28/06/2021;-0.118489;38.535949
CV-VUT0324213-A;AV MADRID, 5, Es:1 Pl:17 Pt:CP;03503;1294603YH5619S0071LG;6;3;173.00;22/02/2024;-0.118489;38.535949
CV-VUT0323904-A;AV MADRID, 6, Es:1 Pl:01 Pt:D;03503;1294602YH5619S0079KM;4;2;50.00;02/02/2023;-0.118066;38.535905
CV-VUT0516652-A;AV MADRID, 6, Es:1 Pl:02 Pt:E;03503;1294602YH5619S0085ZE;2;1;50.00;22/05/2025;-0.118066;38.535905
CV-VUT0318642-A;AV MADRID, 6, Es:1 Pl:03 Pt:C;03503;1294602YH5619S0089WU;2;1;50.00;18/09/2000;-0.118066;38.535905
CV-VUT0323741-A;AV MADRID, 6, Es:1 Pl:05 Pt:B;03503;1294602YH5619S0098ID;4;2;76.00;15/07/2022;-0.118066;38.535905
CV-VUT0003205-A;AV MADRID, 6, Es:1 Pl:05 Pt:D2;03503;1294602YH5619S0201DK;2;1;49.00;05/10/1993;-0.118066;38.535905
CV-VUT0324083-A;AV MADRID, 6, Es:1 Pl:06 Pt:C;03503;1294602YH5619S0103SJ;2;1;50.00;08/10/2023;-0.118066;38.535905
CV-VUT0481068-A;AV MADRID, 6, Es:1 Pl:10 Pt:B;03503;1294602YH5619S0120MT;6;3;76.00;10/02/2020;-0.118066;38.535905
CV-VUT0031165-A;AV MADRID, 6, Es:1 Pl:10 Pt:C;03503;1294602YH5619S0121QY;2;1;50.00;25/11/1993;-0.118066;38.535905
CV-VUT0470441-A;AV MADRID, 6, Es:1 Pl:10 Pt:E;03503;1294602YH5619S0190EI;2;1;43.00;29/08/2018;-0.118066;38.535905
CV-VUT0319334-A;AV MADRID, 6, Es:1 Pl:11 Pt:B;03503;1294602YH5619S0124RO;4;2;76.00;01/07/2002;-0.118066;38.535905
CV-VUT0321069-A;AV MADRID, 6, Es:1 Pl:11 Pt:D;03503;1294602YH5619S0126YA;4;3;50.00;13/01/2010;-0.118066;38.535905
CV-VUT0509948-A;AV MADRID, 6, Es:1 Pl:13 Pt:D;03503;1294602YH5619S0137FL;4;2;50.00;02/07/2024;-0.118066;38.535905
CV-VUT0311147-A;AV MADRID, 6, Es:1 Pl:14 Pt:D;03503;1294602YH5619S0143JX;2;1;50.00;30/06/1995;-0.118066;38.535905
CV-VUT0497879-A;AV MADRID, 6, Es:1 Pl:15 Pt:A;03503;1294602YH5619S0145LQ;4;2;88.00;10/05/2023;-0.118066;38.535905
CV-VUT0320603-A;AV MADRID, 6, Es:1 Pl:16 Pt:D;03503;1294602YH5619S0154WU;2;1;50.00;07/05/2007;-0.118066;38.535905
CV-VUT0320604-A;AV MADRID, 6, Es:1 Pl:16 Pt:E;03503;1294602YH5619S0155EI;2;1;50.00;07/05/2007;-0.118066;38.535905
CV-VUT0031171-A;AV MADRID, 6, Es:1 Pl:19 Pt:B;03503;1294602YH5619S0167SJ;2;1;76.00;25/11/1993;-0.118066;38.535905
CV-VUT0318475-A;AV MADRID, 6, Es:1 Pl:19 Pt:C;03503;1294602YH5619S0168DK;4;2;76.00;13/01/2000;-0.118066;38.535905
CV-VUT0322245-A;AV MADRID, 6, Es:1 Pl:21 Pt:B;03503;1294602YH5619S0177LQ;6;3;76.00;31/07/2017;-0.118066;38.535905
CV-VUT0493980-A;AV MADRID, 6, Es:1 Pl:22 Pt:C;03503;1294602YH5619S0183XR;2;1;50.00;15/12/2022;-0.118066;38.535905
CV-VUT0492646-A;AV MADRID, 6, Es:1 Pl:23 Pt:D;03503;1294602YH5619S0188RO;2;1;50.00;07/10/2022;-0.118066;38.535905
CV-VUT0321842-A;AV MADRID, 7, Es:A Pl:01 Pt:01;03503;1494201YH5619S0004GG;2;1;53.00;15/02/2016;-0.117435;38.535775
CV-VUT0449753-A;AV MADRID, 7, Es:A Pl:01 Pt:02;03503;1494201YH5619S0005HH;2;1;51.00;16/08/2016;-0.117435;38.535775
CV-VUT0321852-A;AV MADRID, 7, Es:A Pl:01 Pt:03;03503;1494201YH5619S0006JJ;2;1;51.00;23/02/2016;-0.117435;38.535775
CV-VUT0477195-A;AV MADRID, 7, Es:A Pl:01 Pt:04;03503;1494201YH5619S0007KK;2;1;51.00;03/07/2019;-0.117435;38.535775
CV-VUT0322507-A;AV MADRID, 7, Es:A Pl:02 Pt:03;03503;1494201YH5619S0011LL;4;2;51.00;19/04/2018;-0.117435;38.535775
CV-VUT0472145-A;AV MADRID, 7, Es:A Pl:02 Pt:04;03503;1494201YH5619S0012BB;2;1;51.00;22/11/2018;-0.117435;38.535775
CV-VUT0472072-A;AV MADRID, 7, Es:A Pl:03 Pt:01;03503;1494201YH5619S0014XX;3;2;53.00;21/11/2018;-0.117435;38.535775
CV-VUT0323832-A;AV MADRID, 7, Es:A Pl:03 Pt:02;03503;1494201YH5619S0015MM;4;2;51.00;08/11/2022;-0.117435;38.535775
CV-VUT0510859-A;AV MADRID, 7, Es:A Pl:04 Pt:02;03503;1494201YH5619S0020WW;2;1;51.00;05/08/2024;-0.117435;38.535775
CV-VUT0472144-A;AV MADRID, 7, Es:A Pl:04 Pt:05;03503;1494201YH5619S0023TT;2;1;57.00;22/11/2018;-0.117435;38.535775
CV-VUT0457872-A;AV MADRID, 7, Es:B Pl:01 Pt:01;03503;1494201YH5619S0032AA;6;3;83.00;04/05/2017;-0.117435;38.535775
CV-VUT0324159-A;AV MADRID, 7, Es:B Pl:02 Pt:02;03503;1494201YH5619S0040HH;4;2;79.00;24/01/2024;-0.117435;38.535775
CV-VUT0460867-A;AV MADRID, 7, Es:B Pl:04 Pt:03;03503;1494201YH5619S0055TT;2;1;79.00;01/12/2017;-0.117435;38.535775
CV-VUT0514401-A;AV MADRID, 7, Es:B Pl:04 Pt:06;03503;1494201YH5619S0058II;3;2;79.00;21/02/2025;-0.117435;38.535775
CV-VUT0450623-A;AV MADRID, 7, Es:B Pl:05 Pt:03;03503;1494201YH5619S0062OO;4;2;79.00;11/10/2016;-0.117435;38.535775
CV-VUT0522280-A;AV MALLORCA, 17, Es:1 Pl:00 Pt:02;03503;1499403YH5619N0002KT;2;1;60.00;15/07/2026;-0.115632;38.540668
CV-VUT0522279-A;AV MALLORCA, 17, Es:1 Pl:00 Pt:B;03503;1499403YH5619N0001JR;2;1;69.00;15/07/2026;-0.115632;38.540668
CV-VUT0322165-A;AV MALLORCA, 4, Es:1 Pl:04 Pt:42;03503;1595908YH5619N0029UE;2;1;93.00;12/05/2017;-0.115745;38.536900
CV-VUT0322257-A;AV MALLORCA, 4, Es:1 Pl:05 Pt:54;03503;1595908YH5619N0035PY;4;2;106.00;03/08/2017;-0.115745;38.536900
CV-VUT0463290-A;AV MALLORCA, 4, Es:1 Pl:06 Pt:61;03503;1595908YH5619N0036AU;4;2;106.00;01/02/2018;-0.115745;38.536900
CV-VUT0452496-A;AV MALLORCA, 4, Es:1 Pl:08 Pt:84;03503;1595908YH5619N0047LG;4;2;106.00;17/01/2017;-0.115745;38.536900
CV-VUT0323326-A;AV MALLORCA, 4, Es:1 Pl:09 Pt:94;03503;1595908YH5619N0051BH;3;2;106.00;11/05/2020;-0.115745;38.536900
CV-VUT0322633-A;AV MALLORCA, 4, Es:1 Pl:10 Pt:103;03503;1595908YH5619N0054ML;2;1;93.00;06/06/2018;-0.115745;38.536900
CV-VUT0322634-A;AV MALLORCA, 4, Es:1 Pl:10 Pt:104;03503;1595908YH5619N0055QB;4;2;106.00;06/06/2018;-0.115745;38.536900
CV-VUT0452497-A;AV MALLORCA, 4, Es:1 Pl:12 Pt:122;03503;1595908YH5619N0061RM;2;1;93.00;17/01/2017;-0.115745;38.536900
CV-VUT0470801-A;AV MALLORCA, 4, Es:1 Pl:12 Pt:124;03503;1595908YH5619N0063YW;4;2;61.00;24/09/2018;-0.115745;38.536900
CV-VUT0322355-A;AV MALLORCA, 4, Es:1 Pl:14 Pt:142;03503;1595908YH5619N0069SI;2;1;93.00;19/11/2017;-0.115745;38.536900
CV-VUT0322166-A;AV MALLORCA, 4, Es:1 Pl:14 Pt:143;03503;1595908YH5619N0070PY;2;1;93.00;12/05/2017;-0.115745;38.536900
CV-VUT0452498-A;AV MALLORCA, 4, Es:1 Pl:17 Pt:172;03503;1595908YH5619N0081KF;2;1;91.00;17/01/2017;-0.115745;38.536900
CV-VUT0322354-A;AV MALLORCA, 4, Es:1 Pl:18 Pt:184;03503;1595908YH5619N0087QB;2;1;106.00;19/11/2017;-0.115745;38.536900
CV-VUT0323491-A;AV MALLORCA, 4, Es:1 Pl:20 Pt:202;03503;1595908YH5619N0093RM;2;1;93.00;04/05/2021;-0.115745;38.536900
CV-VUT0322912-A;AV MALLORCA, 4, Es:1 Pl:21 Pt:213;03503;1595908YH5619N0098OT;2;1;93.00;03/01/2019;-0.115745;38.536900
CV-VUT0504808-A;AV MALLORCA, 4, Es:1 Pl:22 Pt:221;03503;1595908YH5619N0100PY;4;2;106.00;29/01/2024;-0.115745;38.536900
CV-VUT0322258-A;AV MALLORCA, 4, Es:1 Pl:23 Pt:231;03503;1595908YH5619N0104FP;3;2;106.00;03/08/2017;-0.115745;38.536900
CV-VUT0322103-A;AV MALLORCA, 4, Es:1 Pl:25 Pt:253;03503;1595908YH5619N0114ZJ;2;1;93.00;31/01/2017;-0.115745;38.536900
CV-VUT0460150-A;AV MALLORCA, 4, Es:1 Pl:28 Pt:281;03503;1595908YH5619N0124TQ;4;2;106.00;23/11/2017;-0.115745;38.536900
CV-VUT0489023-A;AV MALLORCA, 5, Es:1 Pl:02 Pt:A;03503;1496302YH5619N0075LA;2;1;54.00;15/03/2022;-0.116122;38.538119
CV-VUT0506919-A;AV MALLORCA, 5, Es:1 Pl:03 Pt:D;03503;1496302YH5619N0082MG;4;2;54.00;08/04/2024;-0.116122;38.538119
CV-VUT0322601-A;AV MALLORCA, 5, Es:1 Pl:08 Pt:C;03503;1496302YH5619N0101GU;2;1;50.00;26/05/2018;-0.116122;38.538119
CV-VUT0462368-A;AV MALLORCA, 5, Es:1 Pl:08 Pt:D;03503;1496302YH5619N0102HI;2;1;54.00;08/01/2018;-0.116122;38.538119
CV-VUT0324161-A;AV MALLORCA, 5, Es:1 Pl:09 Pt:D;03503;1496302YH5619N0106BS;2;1;54.00;24/01/2024;-0.116122;38.538119
CV-VUT0472345-A;AV MALLORCA, 5, Es:1 Pl:11 Pt:C;03503;1496302YH5619N0113QH;4;2;50.00;03/12/2018;-0.116122;38.538119
CV-VUT0491782-A;AV MALLORCA, 5, Es:1 Pl:12 Pt:A;03503;1496302YH5619N0115EK;2;1;54.00;08/08/2022;-0.116122;38.538119
CV-VUT0476512-A;AV MALLORCA, 5, Es:1 Pl:12 Pt:B;03503;1496302YH5619N0116RL;2;1;50.00;07/06/2019;-0.116122;38.538119
CV-VUT0462365-A;AV MALLORCA, 5, Es:1 Pl:12 Pt:C;03503;1496302YH5619N0117TB;4;2;50.00;08/01/2018;-0.116122;38.538119
CV-VUT0492509-A;AV MALLORCA, 5, Es:1 Pl:13 Pt:A;03503;1496302YH5619N0119UX;4;2;54.00;30/09/2022;-0.116122;38.538119
CV-VUT0493233-A;AV MALLORCA, 5, Es:1 Pl:13 Pt:B;03503;1496302YH5619N0120TB;4;2;50.00;07/11/2022;-0.116122;38.538119
CV-VUT0476975-A;AV MALLORCA, 5, Es:1 Pl:14 Pt:D;03503;1496302YH5619N0126AE;2;1;54.00;27/06/2019;-0.116122;38.538119
CV-VUT0492137-A;AV MEDITERRANEO DEL, 1, Es:1 Pl:08 Pt:32;03503;0796703YH5609N0034QQ;6;3;85.00;08/09/2022;-0.124790;38.537315
CV-VUT0481186-A;AV MEDITERRANEO DEL, 1, Es:1 Pl:09 Pt:36;03503;0796703YH5609N0038TT;4;2;85.00;17/02/2020;-0.124790;38.537315
CV-VUT0480737-A;AV MEDITERRANEO DEL, 1, Es:1 Pl:10 Pt:37;03503;0796703YH5609N0039YY;6;3;85.00;21/01/2020;-0.124790;38.537315
CV-VUT0323903-A;AV MEDITERRANEO DEL, 1, Es:1 Pl:13 Pt:52;03503;0796703YH5609N0054GG;6;3;85.00;02/02/2023;-0.124790;38.537315
CV-VUT0323666-A;AV MEDITERRANEO DEL, 15, Es:1 Pl:01 Pt:A;03503;1095401YH5619N1251RB;4;2;91.00;13/04/2022;-0.119654;38.537144
CV-VUT0323667-A;AV MEDITERRANEO DEL, 15, Es:1 Pl:01 Pt:B;03503;1095401YH5619N1252TZ;2;1;53.00;13/04/2022;-0.119654;38.537144
CV-VUT0323668-A;AV MEDITERRANEO DEL, 15, Es:1 Pl:01 Pt:C;03503;1095401YH5619N1253YX;2;1;58.00;13/04/2022;-0.119654;38.537144
CV-VUT0323669-A;AV MEDITERRANEO DEL, 15, Es:1 Pl:01 Pt:D;03503;1095401YH5619N1254UM;2;1;59.00;13/04/2022;-0.119654;38.537144
CV-VUT0323670-A;AV MEDITERRANEO DEL, 15, Es:1 Pl:01 Pt:E;03503;1095401YH5619N1255IQ;2;1;55.00;13/04/2022;-0.119654;38.537144
CV-VUT0323671-A;AV MEDITERRANEO DEL, 15, Es:1 Pl:01 Pt:F;03503;1095401YH5619N1256OW;4;2;95.00;13/04/2022;-0.119654;38.537144
CV-VUT0323672-A;AV MEDITERRANEO DEL, 15, Es:1 Pl:01 Pt:G;03503;1095401YH5619N1257PE;2;1;69.00;13/04/2022;-0.119654;38.537144
CV-VUT0323673-A;AV MEDITERRANEO DEL, 15, Es:1 Pl:01 Pt:H;03503;1095401YH5619N1258AR;2;1;57.00;13/04/2022;-0.119654;38.537144
CV-VUT0323696-A;AV MEDITERRANEO DEL, 15, Es:1 Pl:08 Pt:01;03503;1095401YH5619N0150WK;2;1;109.00;30/05/2022;-0.119654;38.537144
CV-VUT0463715-A;AV MEDITERRANEO DEL, 15, Es:1 Pl:17 Pt:02;03503;1095401YH5619N0187UM;4;2;63.00;13/02/2018;-0.119654;38.537144
CV-VUT0324130-A;AV MEDITERRANEO DEL, 17, Es:1 Pl:01 Pt:D;03503;1295501YH5619N0019FL;2;1;85.00;12/11/2023;-0.118709;38.537442
CV-VUT0479509-A;AV MEDITERRANEO DEL, 17, Es:1 Pl:02 Pt:B;03503;1295501YH5619N0021DK;2;1;78.00;06/11/2019;-0.118709;38.537442
CV-VUT0320210-A;AV MEDITERRANEO DEL, 17, Es:1 Pl:05 Pt:C;03503;1295501YH5619N0034MT;2;1;78.00;10/02/2005;-0.118709;38.537442
CV-VUT0471483-A;AV MEDITERRANEO DEL, 17, Es:1 Pl:05 Pt:D;03503;1295501YH5619N0035QY;6;3;85.00;30/10/2018;-0.118709;38.537442
CV-VUT0513256-A;AV MEDITERRANEO DEL, 17, Es:1 Pl:06 Pt:D;03503;1295501YH5619N0039TP;2;1;85.00;11/12/2024;-0.118709;38.537442
CV-VUT0323075-A;AV MEDITERRANEO DEL, 17, Es:1 Pl:14 Pt:C;03503;1295501YH5619N0070QY;2;1;78.00;08/07/2019;-0.118709;38.537442
CV-VUT0466539-A;AV MEDITERRANEO DEL, 19, Es:1 Pl:02 Pt:D;03503;1295502YH5619N0123RM;4;2;40.00;10/05/2018;-0.118252;38.537050
CV-VUT0323310-A;AV MEDITERRANEO DEL, 19, Es:1 Pl:02 Pt:H;03503;1295502YH5619N0127IR;4;2;68.00;27/02/2020;-0.118252;38.537050
CV-VUT0323237-A;AV MEDITERRANEO DEL, 19, Es:1 Pl:03 Pt:B;03503;1295502YH5619N0129PY;2;1;40.00;12/12/2019;-0.118252;38.537050
CV-VUT0314965-A;AV MEDITERRANEO DEL, 19, Es:1 Pl:03 Pt:E;03503;1295502YH5619N0132PY;2;1;40.00;12/03/1997;-0.118252;38.537050
CV-VUT0471484-A;AV MEDITERRANEO DEL, 19, Es:1 Pl:04 Pt:A;03503;1295502YH5619N0136FP;6;3;68.00;30/10/2018;-0.118252;38.537050
CV-VUT0476298-A;AV MEDITERRANEO DEL, 19, Es:1 Pl:04 Pt:E;03503;1295502YH5619N0140GA;2;1;40.00;31/05/2019;-0.118252;38.537050
CV-VUT0322984-A;AV MEDITERRANEO DEL, 19, Es:1 Pl:05 Pt:F;03503;1295502YH5619N0149QB;2;1;40.00;06/05/2019;-0.118252;38.537050
CV-VUT0324194-A;AV MEDITERRANEO DEL, 19, Es:1 Pl:05 Pt:G;03503;1295502YH5619N0150XK;2;1;40.00;14/02/2024;-0.118252;38.537050
CV-VUT0323146-A;AV MEDITERRANEO DEL, 19, Es:1 Pl:06 Pt:D;03503;1295502YH5619N0155RM;2;1;40.00;16/10/2019;-0.118252;38.537050
CV-VUT0448204-A;AV MEDITERRANEO DEL, 19, Es:1 Pl:06 Pt:G;03503;1295502YH5619N0158UE;2;1;40.00;15/06/2016;-0.118252;38.537050
CV-VUT0494415-A;AV MEDITERRANEO DEL, 19, Es:1 Pl:07 Pt:B;03503;1295502YH5619N0161UE;2;1;40.00;16/01/2023;-0.118252;38.537050
CV-VUT0323737-A;AV MEDITERRANEO DEL, 19, Es:1 Pl:08 Pt:E;03503;1295502YH5619N0172GA;2;1;40.00;12/07/2022;-0.118252;38.537050
CV-VUT0463424-A;AV MEDITERRANEO DEL, 19, Es:1 Pl:08 Pt:G;03503;1295502YH5619N0174JD;2;1;40.00;05/02/2018;-0.118252;38.537050
CV-VUT0322370-A;AV MEDITERRANEO DEL, 19, Es:1 Pl:09 Pt:C;03503;1295502YH5619N0178ZJ;2;1;40.00;07/08/2015;-0.118252;38.537050
CV-VUT0497925-A;AV MEDITERRANEO DEL, 19, Es:1 Pl:09 Pt:D;03503;1295502YH5619N0179XK;2;1;40.00;11/05/2023;-0.118252;38.537050
CV-VUT0464104-A;AV MEDITERRANEO DEL, 19, Es:1 Pl:09 Pt:H;03503;1295502YH5619N0183ML;2;1;68.00;26/02/2018;-0.118252;38.537050
CV-VUT0453873-A;AV MEDITERRANEO DEL, 19, Es:1 Pl:10 Pt:F;03503;1295502YH5619N0189YW;2;1;40.00;24/03/2017;-0.118252;38.537050
CV-VUT0488418-A;AV MEDITERRANEO DEL, 19, Es:1 Pl:11 Pt:C;03503;1295502YH5619N0194IR;2;1;40.00;02/02/2022;-0.118252;38.537050
CV-VUT0324079-A;AV MEDITERRANEO DEL, 19, Es:1 Pl:11 Pt:E;03503;1295502YH5619N0196PY;2;1;40.00;05/10/2023;-0.118252;38.537050
CV-VUT0323141-A;AV MEDITERRANEO DEL, 19, Es:1 Pl:12 Pt:C;03503;1295502YH5619N0202GA;2;1;40.00;16/10/2019;-0.118252;38.537050
CV-VUT0322708-A;AV MEDITERRANEO DEL, 19, Es:1 Pl:12 Pt:G;03503;1295502YH5619N0206LG;4;2;40.00;28/06/2018;-0.118252;38.537050
CV-VUT0322469-A;AV MEDITERRANEO DEL, 19, Es:1 Pl:14 Pt:B;03503;1295502YH5619N0217RM;2;1;40.00;23/03/2018;-0.118252;38.537050
CV-VUT0490306-A;AV MEDITERRANEO DEL, 19, Es:1 Pl:14 Pt:E;03503;1295502YH5619N0220RM;4;2;40.00;25/05/2022;-0.118252;38.537050
CV-VUT0320358-A;AV MEDITERRANEO DEL, 19, Es:1 Pl:14 Pt:H;03503;1295502YH5619N0223UE;2;1;68.00;10/10/2005;-0.118252;38.537050
CV-VUT0321810-A;AV MEDITERRANEO DEL, 19, Es:1 Pl:15 Pt:H;03503;1295502YH5619N0231SI;2;1;68.00;07/08/2015;-0.118252;38.537050
CV-VUT0515500-A;AV MEDITERRANEO DEL, 19, Es:1 Pl:16 Pt:B;03503;1295502YH5619N0233FP;4;2;40.00;31/03/2025;-0.118252;38.537050
CV-VUT0476019-A;AV MEDITERRANEO DEL, 19, Es:1 Pl:16 Pt:F;03503;1295502YH5619N0237KF;2;1;40.00;20/05/2019;-0.118252;38.537050
CV-VUT0505499-A;AV MEDITERRANEO DEL, 19, Es:1 Pl:16 Pt:G;03503;1295502YH5619N0238LG;2;1;40.00;19/02/2024;-0.118252;38.537050
CV-VUT0479079-A;AV MEDITERRANEO DEL, 2, Es:1 Pl:01 Pt:35;03503;0694407YH5609S0057JE;4;2;55.00;14/10/2019;-0.125865;38.536949
CV-VUT0480321-A;AV MEDITERRANEO DEL, 2, Es:1 Pl:01 Pt:38;03503;0694407YH5609S0060JE;4;2;55.00;17/12/2019;-0.125865;38.536949
CV-VUT0446745-A;AV MEDITERRANEO DEL, 2, Es:1 Pl:03 Pt:42;03503;0694407YH5609S0064ZU;2;1;144.00;01/04/2016;-0.125865;38.536949
CV-VUT0476177-A;AV MEDITERRANEO DEL, 2, Es:1 Pl:05 Pt:01;03503;0694407YH5609S0109PL;4;2;64.00;27/05/2019;-0.125865;38.536949
CV-VUT0479418-A;AV MEDITERRANEO DEL, 2, Es:1 Pl:05 Pt:02;03503;0694407YH5609S0110IJ;4;2;58.00;04/11/2019;-0.125865;38.536949
CV-VUT0479078-A;AV MEDITERRANEO DEL, 2, Es:1 Pl:05 Pt:03;03503;0694407YH5609S0111OK;4;2;58.00;14/10/2019;-0.125865;38.536949
CV-VUT0480323-A;AV MEDITERRANEO DEL, 2, Es:1 Pl:05 Pt:04;03503;0694407YH5609S0112PL;5;3;64.00;17/12/2019;-0.125865;38.536949
CV-VUT0444100-A;AV MEDITERRANEO DEL, 2, Es:1 Pl:08 Pt:55;03503;0694407YH5609S0077IJ;2;1;91.00;19/08/2015;-0.125865;38.536949
CV-VUT0444108-A;AV MEDITERRANEO DEL, 2, Es:1 Pl:09 Pt:93;03503;0694407YH5609S0104TF;2;1;43.00;19/08/2015;-0.125865;38.536949
CV-VUT0444101-A;AV MEDITERRANEO DEL, 2, Es:1 Pl:11 Pt:67;03503;0694407YH5609S0089JE;4;2;91.00;19/08/2015;-0.125865;38.536949
CV-VUT0463072-A;AV MEDITERRANEO DEL, 23, Es:1 Pl:01 Pt:A;03503;1495201YH5619N0027FQ;21;11;61.00;26/01/2018;-0.117278;38.536831
CV-VUT0323636-A;AV MEDITERRANEO DEL, 23, Es:1 Pl:02 Pt:A;03503;1495201YH5619N0029HE;2;1;61.00;14/03/2022;-0.117278;38.536831
CV-VUT0450103-A;AV MEDITERRANEO DEL, 23, Es:1 Pl:08 Pt:B;03503;1495201YH5619N0048YH;2;1;56.00;02/09/2016;-0.117278;38.536831
CV-VUT0450104-A;AV MEDITERRANEO DEL, 23, Es:1 Pl:10 Pt:A;03503;1495201YH5619N0053IK;2;1;61.00;02/09/2016;-0.117278;38.536831
CV-VUT0450105-A;AV MEDITERRANEO DEL, 23, Es:1 Pl:10 Pt:B;03503;1495201YH5619N0054OL;2;1;56.00;02/09/2016;-0.117278;38.536831
CV-VUT0444160-A;AV MEDITERRANEO DEL, 23, Es:1 Pl:15 Pt:A;03503;1495201YH5619N0068BU;2;1;61.00;27/08/2015;-0.117278;38.536831
CV-VUT0465887-A;AV MEDITERRANEO DEL, 23, Es:1 Pl:24 Pt:C;03503;1495201YH5619N0097JR;4;2;61.00;23/04/2018;-0.117278;38.536831
CV-VUT0477417-A;AV MEDITERRANEO DEL, 23, Es:1 Pl:26 Pt:B;03503;1495201YH5619N0102ZI;2;1;56.00;09/07/2019;-0.117278;38.536831
CV-VUT0514839-A;AV MEDITERRANEO DEL, 24, Es:1 Pl:02 Pt:01;03503;1094204YH5619N0011OA;8;4;154.00;11/03/2025;-0.120821;38.536744
CV-VUT0323442-A;AV MEDITERRANEO DEL, 24, Es:1 Pl:07 Pt:01;03503;1094204YH5619N0021HK;6;3;154.00;11/11/2020;-0.120821;38.536744
CV-VUT0324218-A;AV MEDITERRANEO DEL, 24, Es:1 Pl:13 Pt:01;03503;1094204YH5619N0033WR;2;1;154.00;26/02/2024;-0.120821;38.536744
CV-VUT0324217-A;AV MEDITERRANEO DEL, 24, Es:1 Pl:14 Pt:02;03503;1094204YH5619N0036TU;2;1;154.00;26/02/2024;-0.120821;38.536744
CV-VUT0322086-A;AV MEDITERRANEO DEL, 27, Es:1 Pl:03 Pt:03;03503;1495204YH5619N0011TA;2;1;54.00;16/12/2016;-0.116414;38.536666
CV-VUT0323592-A;AV MEDITERRANEO DEL, 27, Es:2 Pl:01 Pt:06;03503;1495204YH5619N0019DL;4;2;49.00;08/12/2021;-0.116414;38.536666
CV-VUT0471412-A;AV MEDITERRANEO DEL, 27, Es:2 Pl:01 Pt:07;03503;1495204YH5619N0020AJ;4;2;50.00;24/11/2017;-0.116414;38.536666
CV-VUT0474444-A;AV MEDITERRANEO DEL, 27, Es:2 Pl:02 Pt:07;03503;1495204YH5619N0024GZ;4;2;54.00;12/03/2019;-0.116414;38.536666
CV-VUT0322906-A;AV MEDITERRANEO DEL, 27, Es:2 Pl:02 Pt:08;03503;1495204YH5619N0025HX;2;1;49.00;20/07/2018;-0.116414;38.536666
CV-VUT0322125-A;AV MEDITERRANEO DEL, 27, Es:2 Pl:03 Pt:05;03503;1495204YH5619N0026JM;2;1;47.00;22/03/2017;-0.116414;38.536666
CV-VUT0323539-A;AV MEDITERRANEO DEL, 27, Es:2 Pl:04 Pt:05;03503;1495204YH5619N0030KQ;2;1;47.00;30/07/2021;-0.116414;38.536666
CV-VUT0320325-A;AV MEDITERRANEO DEL, 27, Es:2 Pl:04 Pt:08;03503;1495204YH5619N0033ZR;2;1;49.00;13/06/2005;-0.116414;38.536666
CV-VUT0323418-A;AV MEDITERRANEO DEL, 28, Es:1 Pl:03 Pt:02;03503;1194501YH5619N0017GJ;6;3;69.00;04/09/2020;-0.119418;38.536675
CV-VUT0321939-A;AV MEDITERRANEO DEL, 28, Es:1 Pl:03 Pt:03;03503;1194501YH5619N0018HK;2;1;50.00;28/06/2016;-0.119418;38.536675
CV-VUT0322748-A;AV MEDITERRANEO DEL, 28, Es:1 Pl:05 Pt:04;03503;1194501YH5619N0028MW;2;1;50.00;09/07/2018;-0.119418;38.536675
CV-VUT0323419-A;AV MEDITERRANEO DEL, 28, Es:1 Pl:06 Pt:01;03503;1194501YH5619N0030XQ;6;3;58.00;04/09/2020;-0.119418;38.536675
CV-VUT0322895-A;AV MEDITERRANEO DEL, 28, Es:1 Pl:09 Pt:04;03503;1194501YH5619N0047DG;6;3;108.00;17/09/2018;-0.119418;38.536675
CV-VUT0324034-A;AV MEDITERRANEO DEL, 28, Es:1 Pl:14 Pt:05;03503;1194501YH5619N0068TU;4;2;58.00;15/07/2023;-0.119418;38.536675
CV-VUT0319237-A;AV MEDITERRANEO DEL, 3, Es:A Pl:06 Pt:B;03503;0796702YH5609N0020RD;4;2;92.00;03/05/2002;-0.123914;38.537281
CV-VUT0323159-A;AV MEDITERRANEO DEL, 3, Es:A Pl:09 Pt:A;03503;0796702YH5609N0025OK;6;3;100.00;19/10/2019;-0.123914;38.537281
CV-VUT0322541-A;AV MEDITERRANEO DEL, 3, Es:A Pl:09 Pt:B;03503;0796702YH5609N0026PL;5;3;92.00;09/05/2018;-0.123914;38.537281
CV-VUT0323484-A;AV MEDITERRANEO DEL, 3, Es:A Pl:12 Pt:B;03503;0796702YH5609N0032DX;4;2;92.00;20/04/2021;-0.123914;38.537281
CV-VUT0461921-A;AV MEDITERRANEO DEL, 3, Es:C Pl:01 Pt:D;03503;0796702YH5609N0034GQ;4;2;7.00;26/12/2017;-0.123914;38.537281
CV-VUT0323199-A;AV MEDITERRANEO DEL, 3, Es:C Pl:03 Pt:C;03503;0796702YH5609N0037KR;4;2;92.00;30/10/2019;-0.123914;38.537281
CV-VUT0323343-A;AV MEDITERRANEO DEL, 3, Es:C Pl:03 Pt:D;03503;0796702YH5609N0038LT;4;2;92.00;22/06/2020;-0.123914;38.537281
CV-VUT0478720-A;AV MEDITERRANEO DEL, 3, Es:C Pl:04 Pt:C;03503;0796702YH5609N0039BY;8;4;92.00;20/09/2019;-0.123914;38.537281
CV-VUT0323158-A;AV MEDITERRANEO DEL, 3, Es:C Pl:07 Pt:C;03503;0796702YH5609N0045MO;6;3;92.00;19/10/2019;-0.123914;38.537281
CV-VUT0465755-A;AV MEDITERRANEO DEL, 3, Es:C Pl:09 Pt:C;03503;0796702YH5609N0049RD;4;2;92.00;19/04/2018;-0.123914;38.537281
CV-VUT0463970-A;AV MEDITERRANEO DEL, 3, Es:C Pl:12 Pt:D;03503;0796702YH5609N0056IJ;4;2;92.00;21/02/2018;-0.123914;38.537281
CV-VUT0477167-A;AV MEDITERRANEO DEL, 3, Es:E Pl:03 Pt:F;03503;0796702YH5609N0064DX;6;3;92.00;02/07/2019;-0.123914;38.537281
CV-VUT0322025-A;AV MEDITERRANEO DEL, 3, Es:E Pl:05 Pt:F;03503;0796702YH5609N0068JE;6;3;92.00;07/09/2016;-0.123914;38.537281
CV-VUT0508093-A;AV MEDITERRANEO DEL, 3, Es:E Pl:06 Pt:F;03503;0796702YH5609N0070HW;4;2;92.00;15/05/2024;-0.123914;38.537281
CV-VUT0478721-A;AV MEDITERRANEO DEL, 3, Es:G Pl:06 Pt:G;03503;0796702YH5609N0095SZ;8;4;92.00;20/09/2019;-0.123914;38.537281
CV-VUT0322214-A;AV MEDITERRANEO DEL, 3, Es:G Pl:06 Pt:H;03503;0796702YH5609N0096DX;6;3;100.00;20/06/2017;-0.123914;38.537281
CV-VUT0323898-A;AV MEDITERRANEO DEL, 3, Es:G Pl:07 Pt:H;03503;0796702YH5609N0098GQ;6;3;100.00;30/01/2023;-0.123914;38.537281
CV-VUT0478722-A;AV MEDITERRANEO DEL, 3, Es:G Pl:10 Pt:G;03503;0796702YH5609N0103LT;8;4;92.00;20/09/2019;-0.123914;38.537281
CV-VUT0324183-A;AV MEDITERRANEO DEL, 31, Es:1 Pl:09 Pt:A;03503;1595903YH5619N0064IE;4;2;78.00;07/02/2024;-0.115330;38.536868
CV-VUT0323920-A;CL GERONA, 24, Es:2 Pl:05 Pt:B;03503;1595903YH5619N0085MK;4;2;63.00;06/03/2023;-0.115330;38.536868
CV-VUT0322944-A;CL GERONA, 24, Es:2 Pl:09 Pt:C;03503;1595903YH5619N0098PT;4;2;68.00;27/02/2019;-0.115330;38.536868
CV-VUT0460160-A;AV MEDITERRANEO DEL, 32, Es:1 Pl:03 Pt:B;03503;1294601YH5619S0011TL;2;1;59.00;23/11/2017;-0.118515;38.536555
CV-VUT0458654-A;AV MEDITERRANEO DEL, 32, Es:1 Pl:03 Pt:C;03503;1294601YH5619S0012YB;4;2;81.00;21/09/2017;-0.118515;38.536555
CV-VUT0323435-A;AV MEDITERRANEO DEL, 41, Es:1 Pl:01 Pt:C;03503;1894901YH5619N0050LG;2;1;40.00;16/10/2020;-0.112711;38.536268
CV-VUT0488577-A;AV MEDITERRANEO DEL, 41, Es:1 Pl:02 Pt:I;03503;1894901YH5619N0068AU;2;1;40.00;15/02/2022;-0.112711;38.536268
CV-VUT0462429-A;AV MEDITERRANEO DEL, 41, Es:1 Pl:03 Pt:G;03503;1894901YH5619N0078KF;2;1;40.00;09/01/2018;-0.112711;38.536268
CV-VUT0518026-A;AV MEDITERRANEO DEL, 41, Es:1 Pl:03 Pt:K;03503;1894901YH5619N0082LG;2;1;40.00;05/08/2025;-0.112711;38.536268
CV-VUT0483340-A;AV MEDITERRANEO DEL, 41, Es:1 Pl:04 Pt:D;03503;1894901YH5619N0087QB;2;1;40.00;24/09/2020;-0.112711;38.536268
CV-VUT0439600-A;AV MEDITERRANEO DEL, 41, Es:1 Pl:04 Pt:H;03503;1894901YH5619N0091WZ;2;1;40.00;27/01/2014;-0.112711;38.536268
CV-VUT0461386-A;AV MEDITERRANEO DEL, 41, Es:1 Pl:05 Pt:D;03503;1894901YH5619N0099PY;2;1;40.00;18/12/2017;-0.112711;38.536268
CV-VUT0324315-A;AV MEDITERRANEO DEL, 41, Es:1 Pl:06 Pt:C;03503;1894901YH5619N0110JD;2;1;40.00;22/05/2024;-0.112711;38.536268
CV-VUT0444094-A;AV MEDITERRANEO DEL, 41, Es:1 Pl:06 Pt:H;03503;1894901YH5619N0115XK;4;2;40.00;18/08/2015;-0.112711;38.536268
CV-VUT0474236-A;AV MEDITERRANEO DEL, 41, Es:1 Pl:07 Pt:C;03503;1894901YH5619N0122EX;3;2;40.00;04/03/2019;-0.112711;38.536268
CV-VUT0322650-A;AV MEDITERRANEO DEL, 41, Es:1 Pl:08 Pt:D;03503;1894901YH5619N0135DO;1;1;40.00;07/06/2018;-0.112711;38.536268
CV-VUT0449513-A;AV MEDITERRANEO DEL, 41, Es:1 Pl:08 Pt:J;03503;1894901YH5619N0141HS;2;1;40.00;10/08/2016;-0.112711;38.536268
CV-VUT0322067-A;AV MEDITERRANEO DEL, 41, Es:1 Pl:10 Pt:J;03503;1894901YH5619N0165AU;2;1;40.00;23/11/2016;-0.112711;38.536268
CV-VUT0457536-A;AV MEDITERRANEO DEL, 41, Es:1 Pl:11 Pt:C;03503;1894901YH5619N0170DO;2;1;40.00;26/07/2017;-0.112711;38.536268
CV-VUT0472073-A;AV MEDITERRANEO DEL, 41, Es:1 Pl:11 Pt:I;03503;1894901YH5619N0176LG;2;1;40.00;21/11/2018;-0.112711;38.536268
CV-VUT0494580-A;AV MEDITERRANEO DEL, 41, Es:1 Pl:12 Pt:E;03503;1894901YH5619N0184QB;2;1;40.00;23/01/2023;-0.112711;38.536268
CV-VUT0495538-A;AV MEDITERRANEO DEL, 41, Es:1 Pl:13 Pt:B;03503;1894901YH5619N0193UE;2;1;40.00;28/02/2023;-0.112711;38.536268
CV-VUT0488828-A;AV MEDITERRANEO DEL, 42, Es:1 Pl:02 Pt:03;03503;1594801YH5619S0012DB;4;2;85.00;02/03/2022;-0.115765;38.536183
CV-VUT0514734-A;AV MEDITERRANEO DEL, 42, Es:1 Pl:04 Pt:05;03503;1594801YH5619S0024XY;6;3;110.00;06/03/2025;-0.115765;38.536183
CV-VUT0521294-A;AV MEDITERRANEO DEL, 42, Es:1 Pl:09 Pt:01;03503;1594801YH5619S0045FZ;4;2;86.00;07/05/2026;-0.115765;38.536183
CV-VUT0459298-A;AV MEDITERRANEO DEL, 42, Es:1 Pl:09 Pt:05;03503;1594801YH5619S0049KW;6;3;110.00;18/10/2017;-0.115765;38.536183
CV-VUT0323241-A;AV MEDITERRANEO DEL, 42, Es:1 Pl:10 Pt:02;03503;1594801YH5619S0051JQ;2;1;85.00;13/12/2019;-0.115765;38.536183
CV-VUT0491999-A;AV MEDITERRANEO DEL, 42, Es:1 Pl:10 Pt:04;03503;1594801YH5619S0053LE;4;2;85.00;29/08/2022;-0.115765;38.536183
CV-VUT0494227-A;AV MEDITERRANEO DEL, 42, Es:1 Pl:11 Pt:01;03503;1594801YH5619S0055ZT;4;2;86.00;30/12/2022;-0.115765;38.536183
CV-VUT0482624-A;AV MEDITERRANEO DEL, 43, Es:1 Pl:02 Pt:A;03503;1894902YH5619N0186SX;4;2;61.00;13/07/2020;-0.111889;38.536158
CV-VUT0318632-A;AV MEDITERRANEO DEL, 43, Es:1 Pl:02 Pt:F;03503;1894902YH5619N0191FQ;3;2;61.00;03/08/2000;-0.111889;38.536158
CV-VUT0318633-A;AV MEDITERRANEO DEL, 43, Es:1 Pl:03 Pt:F;03503;1894902YH5619N0198ZI;3;2;61.00;03/08/2000;-0.111889;38.536158
CV-VUT0486335-A;AV MEDITERRANEO DEL, 43, Es:1 Pl:05 Pt:B;03503;1894902YH5619N0205RF;2;1;56.00;02/06/2021;-0.111889;38.536158
CV-VUT0319383-A;AV MEDITERRANEO DEL, 43, Es:1 Pl:06 Pt:F;03503;1894902YH5619N0215AZ;4;2;61.00;06/08/2002;-0.111889;38.536158
CV-VUT0031511-A;AV MEDITERRANEO DEL, 43, Es:1 Pl:07 Pt:A;03503;1894902YH5619N0216SX;2;1;61.00;13/01/1994;-0.111889;38.536158
CV-VUT0321453-A;AV MEDITERRANEO DEL, 43, Es:1 Pl:07 Pt:C;03503;1894902YH5619N0218FQ;2;1;56.00;11/06/2012;-0.111889;38.536158
CV-VUT0321454-A;AV MEDITERRANEO DEL, 43, Es:1 Pl:07 Pt:D;03503;1894902YH5619N0219GW;2;1;56.00;11/06/2012;-0.111889;38.536158
CV-VUT0031510-A;AV MEDITERRANEO DEL, 43, Es:1 Pl:08 Pt:C;03503;1894902YH5619N0224JR;2;1;56.00;13/01/1994;-0.111889;38.536158
CV-VUT0318637-A;AV MEDITERRANEO DEL, 43, Es:1 Pl:08 Pt:E;03503;1894902YH5619N0226LY;2;1;56.00;03/08/2000;-0.111889;38.536158
CV-VUT0321932-A;AV MEDITERRANEO DEL, 43, Es:1 Pl:12 Pt:B;03503;1894902YH5619N0246PB;2;1;56.00;16/06/2016;-0.111889;38.536158
CV-VUT0324236-A;AV MEDITERRANEO DEL, 43, Es:1 Pl:14 Pt:A;03503;1894902YH5619N0257KT;4;2;61.00;01/03/2024;-0.111889;38.536158
CV-VUT0495051-A;AV MEDITERRANEO DEL, 43, Es:1 Pl:14 Pt:C;03503;1894902YH5619N0259BU;2;1;56.00;09/02/2023;-0.111889;38.536158
CV-VUT0318636-A;AV MEDITERRANEO DEL, 43, Es:1 Pl:15 Pt:D;03503;1894902YH5619N0266QA;2;1;56.00;03/08/2000;-0.111889;38.536158
CV-VUT0486291-A;AV MEDITERRANEO DEL, 43, Es:1 Pl:18 Pt:B;03503;1894902YH5619N0282AZ;10;5;115.00;31/05/2021;-0.111889;38.536158
CV-VUT0312083-A;AV MEDITERRANEO DEL, 44, Es:1 Pl:01 Pt:0B;03503;1594802YH5619S0219SP;4;2;87.00;21/09/1995;-0.115169;38.535425
CV-VUT0477531-A;AV MEDITERRANEO DEL, 44, Es:1 Pl:01 Pt:0D;03503;1594802YH5619S0221AO;2;1;70.00;12/07/2019;-0.115169;38.535425
CV-VUT0323083-A;AV MEDITERRANEO DEL, 44, Es:1 Pl:01 Pt:0E;03503;1594802YH5619S0222SP;4;2;87.00;15/07/2019;-0.115169;38.535425
CV-VUT0312066-A;AV MEDITERRANEO DEL, 44, Es:1 Pl:03 Pt:0D;03503;1594802YH5619S0233BK;2;1;70.00;21/09/1995;-0.115169;38.535425
CV-VUT0322494-A;AV MEDITERRANEO DEL, 44, Es:1 Pl:03 Pt:0E;03503;1594802YH5619S0234ZL;4;2;87.00;06/04/2018;-0.115169;38.535425
CV-VUT0452495-A;AV MEDITERRANEO DEL, 44, Es:1 Pl:04 Pt:0B;03503;1594802YH5619S0237QX;4;2;87.00;17/01/2017;-0.115169;38.535425
CV-VUT0458819-A;AV MEDITERRANEO DEL, 44, Es:1 Pl:04 Pt:0C;03503;1594802YH5619S0238WM;2;1;70.00;27/09/2017;-0.115169;38.535425
CV-VUT0323567-A;AV MEDITERRANEO DEL, 44, Es:1 Pl:04 Pt:0D;03503;1594802YH5619S0239EQ;2;1;70.00;10/11/2021;-0.115169;38.535425
CV-VUT0324288-A;AV MEDITERRANEO DEL, 44, Es:1 Pl:04 Pt:0F;03503;1594802YH5619S0241WM;6;3;83.00;30/04/2024;-0.115169;38.535425
CV-VUT0312067-A;AV MEDITERRANEO DEL, 44, Es:1 Pl:05 Pt:0C;03503;1594802YH5619S0244TE;2;1;70.00;21/09/1995;-0.115169;38.535425
CV-VUT0323084-A;AV MEDITERRANEO DEL, 44, Es:1 Pl:05 Pt:0D;03503;1594802YH5619S0245YR;2;1;70.00;15/07/2019;-0.115169;38.535425
CV-VUT0312052-A;AV MEDITERRANEO DEL, 44, Es:1 Pl:07 Pt:0A;03503;1594802YH5619S0254SP;6;3;135.00;21/09/1995;-0.115169;38.535425
CV-VUT0312088-A;AV MEDITERRANEO DEL, 44, Es:1 Pl:07 Pt:0B;03503;1594802YH5619S0255DA;4;2;87.00;21/09/1995;-0.115169;38.535425
CV-VUT0452494-A;AV MEDITERRANEO DEL, 44, Es:1 Pl:08 Pt:0B;03503;1594802YH5619S0261HF;4;2;87.00;17/01/2017;-0.115169;38.535425
CV-VUT0323454-A;AV MEDITERRANEO DEL, 44, Es:1 Pl:09 Pt:0B;03503;1594802YH5619S0267XB;4;2;87.00;07/12/2020;-0.115169;38.535425
CV-VUT0312071-A;AV MEDITERRANEO DEL, 44, Es:1 Pl:09 Pt:0C;03503;1594802YH5619S0268MZ;2;1;70.00;21/09/1995;-0.115169;38.535425
CV-VUT0467586-A;AV MEDITERRANEO DEL, 44, Es:1 Pl:09 Pt:0F;03503;1594802YH5619S0271MZ;6;3;135.00;30/05/2018;-0.115169;38.535425
CV-VUT0505308-A;AV MEDITERRANEO DEL, 44, Es:1 Pl:13 Pt:0B;03503;1594802YH5619S0291FS;2;1;87.00;17/01/2024;-0.115169;38.535425
CV-VUT0477534-A;AV MEDITERRANEO DEL, 44, Es:1 Pl:13 Pt:0C;03503;1594802YH5619S0292GD;2;1;70.00;12/07/2019;-0.115169;38.535425
CV-VUT0477535-A;AV MEDITERRANEO DEL, 44, Es:1 Pl:13 Pt:0D;03503;1594802YH5619S0293HF;2;1;70.00;12/07/2019;-0.115169;38.535425
CV-VUT0477536-A;AV MEDITERRANEO DEL, 44, Es:1 Pl:13 Pt:0E;03503;1594802YH5619S0294JG;4;2;87.00;12/07/2019;-0.115169;38.535425
CV-VUT0477537-A;AV MEDITERRANEO DEL, 44, Es:1 Pl:13 Pt:0F;03503;1594802YH5619S0295KH;6;3;135.00;12/07/2019;-0.115169;38.535425
CV-VUT0316547-A;AV MEDITERRANEO DEL, 44, Es:1 Pl:14 Pt:0B;03503;1594802YH5619S0297BK;4;2;87.00;31/03/1998;-0.115169;38.535425
CV-VUT0316545-A;AV MEDITERRANEO DEL, 44, Es:1 Pl:14 Pt:0C;03503;1594802YH5619S0298ZL;2;1;70.00;31/03/1998;-0.115169;38.535425
CV-VUT0316546-A;AV MEDITERRANEO DEL, 44, Es:1 Pl:14 Pt:0D;03503;1594802YH5619S0299XB;2;1;70.00;31/03/1998;-0.115169;38.535425
CV-VUT0322306-A;AV MEDITERRANEO DEL, 44, Es:1 Pl:15 Pt:0A;03503;1594802YH5619S0302QX;;2;135.00;19/09/2017;-0.115169;38.535425
CV-VUT0314585-A;AV MEDITERRANEO DEL, 44, Es:1 Pl:15 Pt:0B;03503;1594802YH5619S0303WM;4;2;87.00;21/10/1996;-0.115169;38.535425
CV-VUT0314586-A;AV MEDITERRANEO DEL, 44, Es:1 Pl:15 Pt:0C;03503;1594802YH5619S0304EQ;2;1;70.00;21/10/1996;-0.115169;38.535425
CV-VUT0321921-A;AV MEDITERRANEO DEL, 44, Es:1 Pl:15 Pt:E;03503;1594802YH5619S0306TE;4;2;87.00;31/05/2016;-0.115169;38.535425
CV-VUT0323085-A;AV MEDITERRANEO DEL, 44, Es:1 Pl:17 Pt:0C;03503;1594802YH5619S0316SP;2;1;70.00;15/07/2019;-0.115169;38.535425
CV-VUT0323086-A;AV MEDITERRANEO DEL, 44, Es:1 Pl:17 Pt:0D;03503;1594802YH5619S0317DA;2;1;70.00;15/07/2019;-0.115169;38.535425
CV-VUT0323747-A;AV MEDITERRANEO DEL, 44, Es:1 Pl:17 Pt:A;03503;1594802YH5619S0314PI;1;1;135.00;20/07/2022;-0.115169;38.535425
CV-VUT0461085-A;AV MEDITERRANEO DEL, 44, Es:1 Pl:18 Pt:0A;03503;1594802YH5619S0320DA;6;3;135.00;07/12/2017;-0.115169;38.535425
CV-VUT0477532-A;AV MEDITERRANEO DEL, 44, Es:1 Pl:19 Pt:0A;03503;1594802YH5619S0326LJ;4;2;135.00;12/07/2019;-0.115169;38.535425
CV-VUT0477533-A;AV MEDITERRANEO DEL, 44, Es:1 Pl:19 Pt:0B;03503;1594802YH5619S0327BK;2;1;87.00;12/07/2019;-0.115169;38.535425
CV-VUT0323087-A;AV MEDITERRANEO DEL, 44, Es:1 Pl:19 Pt:0C;03503;1594802YH5619S0328ZL;2;1;70.00;15/07/2019;-0.115169;38.535425
CV-VUT0323088-A;AV MEDITERRANEO DEL, 44, Es:1 Pl:19 Pt:0D;03503;1594802YH5619S0329XB;2;1;70.00;15/07/2019;-0.115169;38.535425
CV-VUT0501029-A;AV MEDITERRANEO DEL, 44, Es:1 Pl:21 Pt:0A;03503;1594802YH5619S0338TE;10;5;135.00;22/08/2023;-0.115169;38.535425
CV-VUT0321241-A;AV MEDITERRANEO DEL, 47, Es:1 Pl:01 Pt:D;03503;1894905YH5619S0019DR;4;2;92.00;15/03/2011;-0.110829;38.536004
CV-VUT0321251-A;AV MEDITERRANEO DEL, 47, Es:1 Pl:02 Pt:C;03503;1894905YH5619S0022DR;2;1;63.00;16/03/2011;-0.110829;38.536004
CV-VUT0321242-A;AV MEDITERRANEO DEL, 47, Es:1 Pl:02 Pt:D;03503;1894905YH5619S0023FT;4;2;92.00;15/03/2011;-0.110829;38.536004
CV-VUT0321243-A;AV MEDITERRANEO DEL, 47, Es:1 Pl:04 Pt:A;03503;1894905YH5619S0028LP;4;2;92.00;15/03/2011;-0.110829;38.536004
CV-VUT0321252-A;AV MEDITERRANEO DEL, 47, Es:1 Pl:04 Pt:B;03503;1894905YH5619S0029BA;2;1;63.00;16/03/2011;-0.110829;38.536004
CV-VUT0321253-A;AV MEDITERRANEO DEL, 47, Es:1 Pl:04 Pt:C;03503;1894905YH5619S0030KO;2;1;63.00;16/03/2011;-0.110829;38.536004
CV-VUT0321244-A;AV MEDITERRANEO DEL, 47, Es:1 Pl:04 Pt:D;03503;1894905YH5619S0031LP;4;2;92.00;15/03/2011;-0.110829;38.536004
CV-VUT0321245-A;AV MEDITERRANEO DEL, 47, Es:1 Pl:09 Pt:A;03503;1894905YH5619S0048PQ;4;2;92.00;16/03/2011;-0.110829;38.536004
CV-VUT0321254-A;AV MEDITERRANEO DEL, 47, Es:1 Pl:09 Pt:B;03503;1894905YH5619S0049AW;2;1;63.00;16/03/2011;-0.110829;38.536004
CV-VUT0321255-A;AV MEDITERRANEO DEL, 47, Es:1 Pl:09 Pt:C;03503;1894905YH5619S0050OM;2;1;63.00;16/03/2011;-0.110829;38.536004
CV-VUT0321246-A;AV MEDITERRANEO DEL, 47, Es:1 Pl:09 Pt:D;03503;1894905YH5619S0051PQ;4;2;92.00;16/03/2011;-0.110829;38.536004
CV-VUT0321247-A;AV MEDITERRANEO DEL, 47, Es:1 Pl:10 Pt:A;03503;1894905YH5619S0052AW;4;2;92.00;16/03/2011;-0.110829;38.536004
CV-VUT0321256-A;AV MEDITERRANEO DEL, 47, Es:1 Pl:10 Pt:B;03503;1894905YH5619S0053SE;2;1;63.00;16/03/2011;-0.110829;38.536004
CV-VUT0321257-A;AV MEDITERRANEO DEL, 47, Es:1 Pl:10 Pt:C;03503;1894905YH5619S0014IX;2;1;63.00;16/03/2011;-0.110829;38.536004
CV-VUT0321248-A;AV MEDITERRANEO DEL, 47, Es:1 Pl:10 Pt:D;03503;1894905YH5619S0015OM;4;2;92.00;16/03/2011;-0.110829;38.536004
CV-VUT0321249-A;AV MEDITERRANEO DEL, 47, Es:1 Pl:13 Pt:A;03503;1894905YH5619S0062KO;4;2;92.00;16/03/2011;-0.110829;38.536004
CV-VUT0321258-A;AV MEDITERRANEO DEL, 47, Es:1 Pl:13 Pt:B;03503;1894905YH5619S0063LP;2;1;63.00;16/03/2011;-0.110829;38.536004
CV-VUT0321259-A;AV MEDITERRANEO DEL, 47, Es:1 Pl:13 Pt:C;03503;1894905YH5619S0064BA;2;1;63.00;16/03/2011;-0.110829;38.536004
CV-VUT0321250-A;AV MEDITERRANEO DEL, 47, Es:1 Pl:13 Pt:D;03503;1894905YH5619S0065ZS;4;2;92.00;16/03/2011;-0.110829;38.536004
CV-VUT0461462-A;AV MEDITERRANEO DEL, 5, Es:A Pl:02 Pt:IZ;03503;0996106YH5609N0009KI;2;1;93.00;18/12/2017;-0.123168;38.537345
CV-VUT0450590-A;AV MEDITERRANEO DEL, 5, Es:A Pl:03 Pt:IZ;03503;0996106YH5609N0011JU;6;3;93.00;11/10/2016;-0.123168;38.537345
CV-VUT0481434-A;AV MEDITERRANEO DEL, 51, Es:1 Pl:01 Pt:01;03503;2194706YH5629S0016AT;6;3;123.00;04/03/2020;-0.109723;38.535846
CV-VUT0514667-A;AV MEDITERRANEO DEL, 51, Es:1 Pl:01 Pt:04;03503;2194706YH5629S0019FI;4;2;80.00;05/03/2025;-0.109723;38.535846
CV-VUT0323151-A;AV MEDITERRANEO DEL, 51, Es:1 Pl:02 Pt:01;03503;2194706YH5629S0022FI;6;3;123.00;17/10/2019;-0.109723;38.535846
CV-VUT0518681-A;AV MEDITERRANEO DEL, 51, Es:1 Pl:03 Pt:01;03503;2194706YH5629S0028BF;6;3;123.00;07/10/2025;-0.109723;38.535846
CV-VUT0323259-A;AV MEDITERRANEO DEL, 51, Es:1 Pl:03 Pt:02;03503;2194706YH5629S0029ZG;4;2;80.00;23/12/2019;-0.109723;38.535846
CV-VUT0442800-A;AV MEDITERRANEO DEL, 51, Es:1 Pl:03 Pt:06;03503;2194706YH5629S0033XH;5;3;126.00;29/04/2015;-0.109723;38.535846
CV-VUT0479743-A;AV MEDITERRANEO DEL, 51, Es:1 Pl:07 Pt:03;03503;2194706YH5629S0054FI;2;1;80.00;15/11/2019;-0.109723;38.535846
CV-VUT0457289-A;AV MEDITERRANEO DEL, 51, Es:1 Pl:07 Pt:05;03503;2194706YH5629S0056HP;6;3;80.00;18/07/2017;-0.109723;38.535846
CV-VUT0450595-A;AV MEDITERRANEO DEL, 51, Es:1 Pl:07 Pt:06;03503;2194706YH5629S0057JA;4;2;126.00;11/10/2016;-0.109723;38.535846
CV-VUT0518312-A;AV MEDITERRANEO DEL, 51, Es:1 Pl:08 Pt:01;03503;2194706YH5629S0058KS;6;3;123.00;26/06/2025;-0.109723;38.535846
CV-VUT0517437-A;AV MEDITERRANEO DEL, 51, Es:1 Pl:08 Pt:02;03503;2194706YH5629S0059LD;6;3;80.00;27/06/2025;-0.109723;38.535846
CV-VUT0465857-A;AV MEDITERRANEO DEL, 51, Es:1 Pl:09 Pt:02;03503;2194706YH5629S0065XH;4;2;80.00;23/04/2018;-0.109723;38.535846
CV-VUT0513259-A;AV MEDITERRANEO DEL, 51, Es:1 Pl:10 Pt:01;03503;2194706YH5629S0070QK;6;3;157.00;11/12/2024;-0.109723;38.535846
CV-VUT0322123-A;AV MEDITERRANEO DEL, 51, Es:1 Pl:10 Pt:05;03503;2194706YH5629S0073RZ;4;2;80.00;17/03/2017;-0.109723;38.535846
CV-VUT0476264-A;AV MEDITERRANEO DEL, 51, Es:1 Pl:13 Pt:01;03503;2194706YH5629S0087GO;4;2;123.00;30/05/2019;-0.109723;38.535846
CV-VUT0324265-A;AV MEDITERRANEO DEL, 51, Es:1 Pl:13 Pt:04;03503;2194706YH5629S0090GO;4;2;80.00;12/04/2024;-0.109723;38.535846
CV-VUT0320351-A;AV MEDITERRANEO DEL, 51, Es:1 Pl:14 Pt:04;03503;2194706YH5629S0096ZG;2;1;80.00;12/09/2005;-0.109723;38.535846
CV-VUT0321471-A;AV MEDITERRANEO DEL, 51, Es:1 Pl:15 Pt:03;03503;2194706YH5629S0101WL;4;2;80.00;11/06/2012;-0.109723;38.535846
CV-VUT0483441-A;AV MEDITERRANEO DEL, 51, Es:1 Pl:18 Pt:02;03503;2194706YH5629S0118HP;2;1;80.00;02/10/2020;-0.109723;38.535846
CV-VUT0322096-A;AV MEDITERRANEO DEL, 53, Es:1 Pl:02 Pt:03;03503;2194705YH5629S0022TI;6;3;81.00;17/01/2017;-0.109154;38.535626
CV-VUT0516261-A;AV MEDITERRANEO DEL, 53, Es:1 Pl:02 Pt:05;03503;2194705YH5629S0024UP;6;3;81.00;05/05/2025;-0.109154;38.535626
CV-VUT0442818-A;AV MEDITERRANEO DEL, 53, Es:1 Pl:03 Pt:03;03503;2194705YH5629S0032SG;6;3;81.00;29/04/2015;-0.109154;38.535626
CV-VUT0444997-A;AV MEDITERRANEO DEL, 53, Es:1 Pl:03 Pt:06;03503;2194705YH5629S0035GK;4;2;81.00;10/12/2015;-0.109154;38.535626
CV-VUT0318626-A;AV MEDITERRANEO DEL, 53, Es:1 Pl:03 Pt:10;03503;2194705YH5629S0039LX;6;3;81.00;03/08/2000;-0.109154;38.535626
CV-VUT0318627-A;AV MEDITERRANEO DEL, 53, Es:1 Pl:05 Pt:10;03503;2194705YH5629S0059PD;6;3;81.00;03/08/2000;-0.109154;38.535626
CV-VUT0475496-A;AV MEDITERRANEO DEL, 53, Es:1 Pl:07 Pt:04;03503;2194705YH5629S0073KZ;6;3;81.00;30/04/2019;-0.109154;38.535626
CV-VUT0321835-A;AV MEDITERRANEO DEL, 53, Es:1 Pl:07 Pt:06;03503;2194705YH5629S0075BM;6;3;81.00;24/11/2015;-0.109154;38.535626
CV-VUT0515402-A;AV MEDITERRANEO DEL, 53, Es:1 Pl:07 Pt:08;03503;2194705YH5629S0077XW;4;2;81.00;27/03/2025;-0.109154;38.535626
CV-VUT0475742-A;AV MEDITERRANEO DEL, 53, Es:1 Pl:08 Pt:04;03503;2194705YH5629S0083WT;8;4;81.00;10/05/2019;-0.109154;38.535626
CV-VUT0456116-A;AV MEDITERRANEO DEL, 53, Es:1 Pl:08 Pt:05;03503;2194705YH5629S0084EY;4;2;81.00;05/06/2017;-0.109154;38.535626
CV-VUT0444327-A;AV MEDITERRANEO DEL, 53, Es:1 Pl:08 Pt:09;03503;2194705YH5629S0088UP;4;3;81.00;16/09/2015;-0.109154;38.535626
CV-VUT0475862-A;AV MEDITERRANEO DEL, 53, Es:1 Pl:09 Pt:06;03503;2194705YH5629S0095AF;5;3;81.00;15/05/2019;-0.109154;38.535626
CV-VUT0461274-A;AV MEDITERRANEO DEL, 58, Es:1 Pl:01 Pt:01;03503;1893508YH5619S0039PK;4;2;88.00;13/12/2017;-0.110647;38.535544
CV-VUT0520952-A;AV MEDITERRANEO DEL, 58, Es:1 Pl:05 Pt:03;03503;1893508YH5619S0057XU;4;2;53.00;08/04/2026;-0.110647;38.535544
CV-VUT0482825-A;AV MEDITERRANEO DEL, 58, Es:1 Pl:06 Pt:01;03503;1893508YH5619S0059QO;4;2;88.00;03/08/2020;-0.110647;38.535544
CV-VUT0318409-A;AV MEDITERRANEO DEL, 64, Es:T Pl:OD Pt:OS;03503;2192311YH5629S0001FH;2;1;8.784.00;22/09/1999;-0.108763;38.534952
CV-VUT0520106-A;AV MEDITERRANEO DEL, 66, Es:1 Pl:00 Pt:B1;03503;2192304YH5629S1001XF;2;1;45.00;05/02/2026;-0.108113;38.534683
CV-VUT0520836-A;AV MEDITERRANEO DEL, 66, Es:1 Pl:00 Pt:B2;03503;2192304YH5629S1002MG;2;1;38.00;02/04/2026;-0.108113;38.534683
CV-VUT0323987-A;AV MEDITERRANEO DEL, 66, Es:A Pl:07 Pt:03;03503;2192304YH5629S0134TB;2;1;59.00;16/05/2023;-0.108113;38.534683
CV-VUT0321886-A;AV MEDITERRANEO DEL, 66, Es:A Pl:09 Pt:02;03503;2192304YH5629S0139PW;2;1;55.00;18/04/2016;-0.108113;38.534683
CV-VUT0498317-A;AV MEDITERRANEO DEL, 66, Es:A Pl:14 Pt:03;03503;2192304YH5629S0155BS;4;2;59.00;22/05/2023;-0.108113;38.534683
CV-VUT0311373-A;AV MEDITERRANEO DEL, 66, Es:A Pl:15 Pt:02;03503;2192304YH5629S0157XF;2;1;55.00;18/07/1995;-0.108113;38.534683
CV-VUT0457032-A;AV MEDITERRANEO DEL, 66, Es:A Pl:16 Pt:02;03503;2192304YH5629S0160XF;2;1;55.00;07/07/2017;-0.108113;38.534683
CV-VUT0324249-A;AV MEDITERRANEO DEL, 66, Es:A Pl:21 Pt:02;03503;2192304YH5629S0175AE;2;1;55.00;27/03/2024;-0.108113;38.534683
CV-VUT0450134-A;AV MEDITERRANEO DEL, 66, Es:A Pl:21 Pt:03;03503;2192304YH5629S0176SR;2;1;59.00;07/09/2016;-0.108113;38.534683
CV-VUT0519888-A;AV MEDITERRANEO DEL, 66, Es:B Pl:03 Pt:04;03503;2192304YH5629S0182GU;2;1;60.00;21/01/2026;-0.108113;38.534683
CV-VUT0464906-A;AV MEDITERRANEO DEL, 66, Es:B Pl:04 Pt:04;03503;2192304YH5629S0184JO;2;1;60.00;27/03/2018;-0.108113;38.534683
CV-VUT0322709-A;AV MEDITERRANEO DEL, 66, Es:B Pl:07 Pt:04;03503;2192304YH5629S0190BS;2;1;60.00;28/06/2018;-0.108113;38.534683
CV-VUT0476278-A;AV MEDITERRANEO DEL, 66, Es:B Pl:12 Pt:04;03503;2192304YH5629S0199YZ;2;1;60.00;30/05/2019;-0.108113;38.534683
CV-VUT0321718-A;AV MEDITERRANEO DEL, 66, Es:B Pl:14 Pt:04;03503;2192304YH5629S0203OQ;2;1;60.00;23/02/2015;-0.108113;38.534683
CV-VUT0495830-A;AV MEDITERRANEO DEL, 66, Es:B Pl:21 Pt:04;03503;2192304YH5629S0217BS;2;1;60.00;08/03/2023;-0.108113;38.534683
CV-VUT0324154-A;AV MEDITERRANEO DEL, 7, Es:1 Pl:03 Pt:A;03503;0996105YH5609N0009OI;4;2;74.00;17/01/2024;-0.122418;38.537250
CV-VUT0516594-A;AV MEDITERRANEO DEL, 7, Es:1 Pl:06 Pt:B;03503;0996105YH5609N0016DS;4;2;74.00;20/05/2025;-0.122418;38.537250
CV-VUT0323170-A;AV MEDITERRANEO DEL, 8, Es:1 Pl:01 Pt:B;03503;0794502YH5609S0059HT;2;1;54.00;19/10/2019;-0.124057;38.536880
CV-VUT0322946-A;AV MEDITERRANEO DEL, 8, Es:1 Pl:04 Pt:C;03503;0794502YH5609S0072MS;4;2;55.00;28/02/2019;-0.124057;38.536880
CV-VUT0501305-A;AV MEDITERRANEO DEL, 8, Es:1 Pl:08 Pt:A;03503;0794502YH5609S0086AM;2;1;67.00;04/09/2023;-0.124057;38.536880
CV-VUT0460467-A;AV MEDITERRANEO DEL, 8, Es:1 Pl:14 Pt:A;03503;0794502YH5609S0110TJ;6;3;67.00;27/11/2017;-0.124057;38.536880
CV-VUT0324191-A;AV MEDITERRANEO DEL, 8, Es:1 Pl:14 Pt:C;03503;0794502YH5609S0112UL;4;2;55.00;14/02/2024;-0.124057;38.536880
CV-VUT0481183-A;AV MEDITERRANEO DEL, 8, Es:1 Pl:15 Pt:D;03503;0794502YH5609S0117SQ;2;1;67.00;17/02/2020;-0.124057;38.536880
CV-VUT0498897-A;AV MEDITERRANEO DEL, 9, Es:1 Pl:02 Pt:B;03503;0996104YH5609N0006BT;4;2;96.00;06/06/2023;-0.122137;38.537361
CV-VUT0498895-A;AV MEDITERRANEO DEL, 9, Es:1 Pl:05 Pt:A;03503;0996104YH5609N0011XU;4;2;90.00;06/06/2023;-0.122137;38.537361
CV-VUT0498898-A;AV MEDITERRANEO DEL, 9, Es:1 Pl:06 Pt:A;03503;0996104YH5609N0013QO;4;2;90.00;06/06/2023;-0.122137;38.537361
CV-VUT0323065-A;AV MONTECARLO, 11, Es:1 Pl:05 Pt:02;03503;2594102YH5629S0062LD;4;2;48.00;01/07/2019;-0.103282;38.535849
CV-VUT0486912-A;AV MONTECARLO, 11, Es:1 Pl:05 Pt:03;03503;2594102YH5629S0063BF;4;2;48.00;07/07/2021;-0.103282;38.535849
CV-VUT0460480-A;AV MONTECARLO, 11, Es:1 Pl:07 Pt:04;03503;2594102YH5629S0084SY;4;2;48.00;27/11/2017;-0.103282;38.535849
CV-VUT0496175-A;AV MONTECARLO, 11, Es:1 Pl:09 Pt:05;03503;2594102YH5629S0105YM;2;1;48.00;16/03/2023;-0.103282;38.535849
CV-VUT0522461-A;AV MONTECARLO, 11, Es:1 Pl:09 Pt:08;03503;2594102YH5629S0108OE;4;2;48.00;05/08/2026;-0.103282;38.535849
CV-VUT0323023-A;AV MONTECARLO, 11, Es:1 Pl:11 Pt:07;03503;2594102YH5629S0127XH;4;2;48.00;27/05/2019;-0.103282;38.535849
CV-VUT0505775-A;AV MONTECARLO, 11, Es:1 Pl:12 Pt:00;03503;2594102YH5629S0130XH;4;2;48.00;26/02/2024;-0.103282;38.535849
CV-VUT0519459-A;AV MONTECARLO, 11, Es:1 Pl:12 Pt:03;03503;2594102YH5629S0133WL;2;0;48.00;10/12/2025;-0.103282;38.535849
CV-VUT0324205-A;AV MONTECARLO, 11, Es:1 Pl:13 Pt:02;03503;2594102YH5629S0142IW;4;2;48.00;14/02/2024;-0.103282;38.535849
CV-VUT0488495-A;AV MONTECARLO, 11, Es:1 Pl:13 Pt:05;03503;2594102YH5629S0145AT;2;1;48.00;08/02/2022;-0.103282;38.535849
CV-VUT0322033-A;AV MONTECARLO, 12, Es:1 Pl:04 Pt:B;03503;2695202YH5629N0017DZ;2;1;46.00;30/09/2016;-0.102948;38.536582
CV-VUT0497587-A;AV MONTECARLO, 12, Es:1 Pl:04 Pt:C;03503;2695202YH5629N0018FX;2;1;46.00;04/05/2023;-0.102948;38.536582
CV-VUT0465130-A;AV MONTECARLO, 12, Es:1 Pl:05 Pt:C;03503;2695202YH5629N0022GM;2;1;46.00;05/04/2018;-0.102948;38.536582
CV-VUT0512350-A;AV MONTECARLO, 12, Es:1 Pl:05 Pt:D;03503;2695202YH5629N0023HQ;4;2;61.00;24/10/2024;-0.102948;38.536582
CV-VUT0465131-A;AV MONTECARLO, 12, Es:1 Pl:06 Pt:C;03503;2695202YH5629N0026LR;2;1;46.00;05/04/2018;-0.102948;38.536582
CV-VUT0499519-A;AV MONTECARLO, 12, Es:4 Pl:06 Pt:I;03503;2791903YH5629S0288OH;4;2;65.00;27/06/2023;-0.101984;38.534066
CV-VUT0492340-A;AV MONTECARLO, 12, Es:4 Pl:06 Pt:K;03503;2791903YH5629S0290IG;4;2;65.00;21/09/2022;-0.101984;38.534066
CV-VUT0323433-A;AV MONTECARLO, 12, Es:4 Pl:06 Pt:M;03503;2791903YH5629S0292PJ;4;2;65.00;16/10/2020;-0.101984;38.534066
CV-VUT0323556-A;AV MONTECARLO, 12, Es:4 Pl:07 Pt:A;03503;2791903YH5629S0293AK;4;2;65.00;22/10/2021;-0.101984;38.534066
CV-VUT0512996-A;AV MONTECARLO, 12, Es:4 Pl:08 Pt:D;03503;2791903YH5629S0309EP;6;3;65.00;27/11/2024;-0.101984;38.534066
CV-VUT0479680-A;AV MONTECARLO, 12, Es:4 Pl:09 Pt:A;03503;2791903YH5629S0319PJ;6;3;65.00;13/11/2019;-0.101984;38.534066
CV-VUT0323434-A;AV MONTECARLO, 12, Es:4 Pl:09 Pt:F;03503;2791903YH5629S0324SL;6;3;65.00;16/10/2020;-0.101984;38.534066
CV-VUT0324190-A;AV MONTECARLO, 12, Es:4 Pl:09 Pt:L;03503;2791903YH5629S0330GX;4;2;65.00;14/02/2024;-0.101984;38.534066
CV-VUT0492213-A;AV MONTECARLO, 12, Es:4 Pl:11 Pt:H;03503;2791903YH5629S0352IG;4;2;65.00;14/09/2022;-0.101984;38.534066
CV-VUT0514235-A;AV MONTECARLO, 12, Es:4 Pl:13 Pt:E;03503;2791903YH5629S0374QI;6;3;65.00;13/02/2025;-0.101984;38.534066
CV-VUT0510477-A;AV MONTECARLO, 12, Es:4 Pl:13 Pt:H;03503;2791903YH5629S0377RA;4;2;65.00;23/07/2024;-0.101984;38.534066
CV-VUT0485942-A;AV MONTECARLO, 12, Es:4 Pl:14 Pt:B;03503;2791903YH5629S0383UF;6;3;65.00;06/05/2021;-0.101984;38.534066
CV-VUT0506547-A;AV MONTECARLO, 12, Es:4 Pl:14 Pt:J;03503;2791903YH5629S0391SL;4;3;65.00;25/03/2024;-0.101984;38.534066
CV-VUT0483235-A;AV MONTECARLO, 12, Es:4 Pl:15 Pt:K;03503;2791903YH5629S0405WO;8;4;65.00;14/09/2020;-0.101984;38.534066
CV-VUT0446891-A;AV MONTECARLO, 12, Es:4 Pl:16 Pt:J;03503;2791903YH5629S0417AK;6;3;65.00;11/04/2016;-0.101984;38.534066
CV-VUT0480191-A;AV MONTECARLO, 12, Es:4 Pl:18 Pt:M;03503;2791903YH5629S0446IG;6;3;65.00;10/12/2019;-0.101984;38.534066
CV-VUT0486345-A;AV MONTECARLO, 16, Es:1 Pl:08 Pt:D;03503;2791903YH5629S0056EP;6;3;62.00;02/06/2021;-0.101984;38.534066
CV-VUT0516707-A;AV MONTECARLO, 16, Es:1 Pl:09 Pt:E;03503;2791903YH5629S0063UF;4;2;62.00;26/05/2025;-0.101984;38.534066
CV-VUT0475489-A;AV MONTECARLO, 16, Es:1 Pl:13 Pt:B;03503;2791903YH5629S0083ZT;4;2;62.00;30/04/2019;-0.101984;38.534066
CV-VUT0477557-A;AV MONTECARLO, 16, Es:1 Pl:14 Pt:B;03503;2791903YH5629S0089RA;4;2;62.00;16/07/2019;-0.101984;38.534066
CV-VUT0462492-A;AV MONTECARLO, 16, Es:1 Pl:14 Pt:C;03503;2791903YH5629S0090WO;4;2;62.00;10/01/2018;-0.101984;38.534066
CV-VUT0323278-A;AV MONTECARLO, 16, Es:1 Pl:16 Pt:B;03503;2791903YH5629S0101SL;6;3;62.00;22/01/2020;-0.101984;38.534066
CV-VUT0520300-A;AV MONTECARLO, 16, Es:1 Pl:16 Pt:F;03503;2791903YH5629S0105HM;4;2;62.00;20/02/2026;-0.101984;38.534066
CV-VUT0323890-A;AV MONTECARLO, 16, Es:1 Pl:18 Pt:D;03503;2791903YH5629S0448PJ;2;1;62.00;17/01/2023;-0.101984;38.534066
CV-VUT0516044-A;AV MONTECARLO, 6, Es:3 Pl:04 Pt:A;03503;2791903YH5629S0142KW;4;3;62.00;18/04/2025;-0.101984;38.534066
CV-VUT0324219-A;AV MONTECARLO, 6, Es:3 Pl:06 Pt:E;03503;2791903YH5629S0157UF;4;2;62.00;26/02/2024;-0.101984;38.534066
CV-VUT0479764-A;AV MONTECARLO, 6, Es:3 Pl:16 Pt:A;03503;2791903YH5629S0212MU;6;3;62.00;18/11/2019;-0.101984;38.534066
CV-VUT0322935-A;AV MONTECARLO, 14, Es:1 Pl:00 Pt:B;03503;2791902YH5629S0048ST;2;1;56.00;21/02/2019;-0.102993;38.535099
CV-VUT0323354-A;AV MONTECARLO, 14, Es:1 Pl:04 Pt:A;03503;2791902YH5629S0059BD;4;2;60.00;03/07/2020;-0.102993;38.535099
CV-VUT0322826-A;AV MONTECARLO, 14, Es:1 Pl:08 Pt:A;03503;2791902YH5629S0071EL;5;3;60.00;16/07/2018;-0.102993;38.535099
CV-VUT0463000-A;AV MONTECARLO, 16, Es:1 Pl:09 Pt:A;03503;2791901YH5629S0018TU;4;2;60.00;25/01/2018;-0.102873;38.535359
CV-VUT0323631-A;AV MONTECARLO, 18, Es:3 Pl:-1 Pt:17;03503;2795804YH5629S0266KM;4;2;30.00;09/03/2022;-0.101822;38.535616
CV-VUT0492401-A;AV MONTECARLO, 18, Es:3 Pl:03 Pt:B;03503;2795804YH5629S0336MT;2;1;81.00;23/09/2022;-0.101822;38.535616
CV-VUT0494177-A;AV MONTECARLO, 18, Es:3 Pl:07 Pt:B;03503;2795804YH5629S0356FL;2;1;81.00;12/12/2022;-0.101822;38.535616
CV-VUT0483493-A;AV MONTECARLO, 18, Es:3 Pl:09 Pt:C;03503;2795804YH5629S0367XR;4;2;76.00;07/10/2020;-0.101822;38.535616
CV-VUT0486396-A;AV MONTECARLO, 18, Es:3 Pl:15 Pt:A;03503;2795804YH5629S0392GB;4;2;101.00;04/06/2021;-0.101822;38.535616
CV-VUT0323324-A;AV MONTECARLO, 18, Es:3 Pl:19 Pt:B;03503;2795804YH5629S0412ID;2;1;81.00;06/04/2020;-0.101822;38.535616
CV-VUT0323322-A;AV MONTECARLO, 18, Es:3 Pl:19 Pt:D;03503;2795804YH5629S0414PG;2;1;81.00;03/04/2020;-0.101822;38.535616
CV-VUT0323323-A;AV MONTECARLO, 18, Es:3 Pl:22 Pt:C;03503;2795804YH5629S0422GB;2;1;80.00;06/04/2020;-0.101822;38.535616
CV-VUT0516265-A;CL LONDRES, 18, Es:1 Pl:06 Pt:A;03503;2795804YH5629S0038HZ;4;2;107.00;05/05/2025;-0.101822;38.535616
CV-VUT0483758-A;CL LONDRES, 18, Es:1 Pl:08 Pt:C;03503;2795804YH5629S0046ZE;4;2;107.00;20/10/2020;-0.101822;38.535616
CV-VUT0462462-A;CL LONDRES, 18, Es:1 Pl:18 Pt:B;03503;2795804YH5629S0075KM;4;2;105.00;09/01/2018;-0.101822;38.535616
CV-VUT0324226-A;CL LONDRES, 18, Es:1 Pl:19 Pt:A;03503;2795804YH5629S0077BW;4;2;107.00;26/02/2024;-0.101822;38.535616
CV-VUT0484431-A;CL LONDRES, 18, Es:1 Pl:21 Pt:A;03503;2795804YH5629S0083MT;4;2;107.00;07/12/2020;-0.101822;38.535616
CV-VUT0321009-A;CL LONDRES, 18, Es:1 Pl:23 Pt:B;03503;2795804YH5629S0090RO;4;2;105.00;18/08/2009;-0.101822;38.535616
CV-VUT0499627-A;CL LONDRES, 18, Es:1 Pl:24 Pt:B;03503;2795804YH5629S0093US;4;2;105.00;29/06/2023;-0.101822;38.535616
CV-VUT0477700-A;CL LONDRES, 18, Es:1 Pl:25 Pt:C;03503;2795804YH5629S0097AH;4;2;107.00;22/07/2019;-0.101822;38.535616
CV-VUT0324234-A;CL VIENA, 1, Es:2 Pl:05 Pt:C;03503;2795804YH5629S0199HZ;2;1;87.00;01/03/2024;-0.101822;38.535616
CV-VUT0504996-A;CL VIENA, 1, Es:2 Pl:12 Pt:A;03503;2795804YH5629S0218ID;2;1;87.00;31/01/2024;-0.101822;38.535616
CV-VUT0475664-A;CL VIENA, 1, Es:2 Pl:16 Pt:C;03503;2795804YH5629S0232HZ;4;2;87.00;08/05/2019;-0.101822;38.535616
CV-VUT0456349-A;CL VIENA, 1, Es:2 Pl:21 Pt:B;03503;2795804YH5629S0246RO;5;3;108.00;13/06/2017;-0.101822;38.535616
CV-VUT0500437-A;AV MONTECARLO, 22, Es:A Pl:04 Pt:09;03503;2795801YH5629N0063TY;2;1;35.00;26/07/2023;-0.102108;38.536912
CV-VUT0476164-A;AV MONTECARLO, 22, Es:A Pl:04 Pt:14;03503;2795801YH5629N0068PA;4;2;60.00;24/05/2019;-0.102108;38.536912
CV-VUT0471389-A;AV MONTECARLO, 22, Es:A Pl:05 Pt:07;03503;2795801YH5629N0075FG;4;2;40.00;25/10/2018;-0.102108;38.536912
CV-VUT0447324-A;AV MONTECARLO, 22, Es:A Pl:06 Pt:03;03503;2795801YH5629N0085ZX;2;1;51.00;06/05/2016;-0.102108;38.536912
CV-VUT0468170-A;AV MONTECARLO, 22, Es:A Pl:06 Pt:10;03503;2795801YH5629N0092WE;2;1;35.00;11/06/2018;-0.102108;38.536912
CV-VUT0323312-A;AV MONTECARLO, 22, Es:A Pl:08 Pt:07;03503;2795801YH5629N0117MQ;2;1;40.00;27/02/2020;-0.102108;38.536912
CV-VUT0323224-A;AV MONTECARLO, 22, Es:A Pl:10 Pt:05;03503;2795801YH5629N0143JK;;0;35.00;28/11/2019;-0.102108;38.536912
CV-VUT0324220-A;AV MONTECARLO, 22, Es:A Pl:11 Pt:02;03503;2795801YH5629N0154WE;4;2;51.00;26/02/2024;-0.102108;38.536912
CV-VUT0498156-A;AV MONTECARLO, 22, Es:A Pl:12 Pt:02;03503;2795801YH5629N0167SD;4;2;51.00;16/05/2023;-0.102108;38.536912
CV-VUT0505619-A;AV MONTECARLO, 22, Es:A Pl:16 Pt:12;03503;2795801YH5629N0228AS;4;2;42.00;21/02/2024;-0.102108;38.536912
CV-VUT0466060-A;AV MONTECARLO, 22, Es:A Pl:17 Pt:08;03503;2795801YH5629N0238KL;2;1;40.00;26/04/2018;-0.102108;38.536912
CV-VUT0323212-A;AV MONTECARLO, 22, Es:A Pl:17 Pt:14;03503;2795801YH5629N0243BZ;2;1;60.00;11/11/2019;-0.102108;38.536912
CV-VUT0324318-A;AV MONTECARLO, 22A, Es:A Pl:19 Pt:06;03503;2795801YH5629N0262PA;2;1;35.00;22/05/2024;-0.102108;38.536912
CV-VUT0483831-A;AV PARIS, 12, Es:2 Pl:16 Pt:09;03503;2795801YH5629N0486AS;2;1;35.00;22/10/2020;-0.102108;38.536912
CV-VUT0473002-A;AV PARIS, 12, Es:B Pl:02 Pt:11;03503;2795801YH5629N0292IO;2;1;35.00;07/01/2019;-0.102108;38.536912
CV-VUT0322936-A;AV PARIS, 12, Es:B Pl:07 Pt:11;03503;2795801YH5629N0362DF;2;1;35.00;22/02/2019;-0.102108;38.536912
CV-VUT0452102-A;AV PARIS, 12, Es:B Pl:11 Pt:06;03503;2795801YH5629N0413TY;2;1;35.00;30/12/2016;-0.102108;38.536912
CV-VUT0479620-A;AV PARIS, 12, Es:B Pl:11 Pt:09;03503;2795801YH5629N0416IO;2;1;35.00;11/11/2019;-0.102108;38.536912
CV-VUT0477699-A;AV PARIS, 12, Es:B Pl:13 Pt:03;03503;2795801YH5629N0438QW;2;1;51.00;22/07/2019;-0.102108;38.536912
CV-VUT0520686-A;AV PARIS, 12, Es:B Pl:16 Pt:01;03503;2795801YH5629N0478YU;2;1;60.00;24/03/2026;-0.102108;38.536912
CV-VUT0511615-A;AV PARIS, 12, Es:B Pl:16 Pt:14;03503;2795801YH5629N0491DF;2;1;60.00;21/09/2024;-0.102108;38.536912
CV-VUT0481110-A;AV PARIS, 12, Es:B Pl:17 Pt:02;03503;2795801YH5629N0493GH;2;1;51.00;13/02/2020;-0.102108;38.536912
CV-VUT0489214-A;AV PARIS, 12, Es:B Pl:17 Pt:12;03503;2795801YH5629N0503QW;2;1;51.00;24/03/2022;-0.102108;38.536912
CV-VUT0459067-A;AV PARIS, 12, Es:B Pl:18 Pt:06;03503;2795801YH5629N0511YU;2;1;35.00;06/10/2017;-0.102108;38.536912
CV-VUT0476647-A;AV PARIS, 12, Es:B Pl:19 Pt:11;03503;2795801YH5629N0530LB;2;1;35.00;11/06/2019;-0.102108;38.536912
CV-VUT0505487-A;AV PARIS, 14, Es:C Pl:03 Pt:10;03503;2795801YH5629N0568WE;6;3;72.00;19/02/2024;-0.102108;38.536912
CV-VUT0323794-A;AV PARIS, 14, Es:C Pl:04 Pt:05;03503;2795801YH5629N0576UI;2;1;35.00;07/09/2022;-0.102108;38.536912
CV-VUT0323750-A;AV PARIS, 14, Es:C Pl:04 Pt:06;03503;2795801YH5629N0577IO;2;1;35.00;25/07/2022;-0.102108;38.536912
CV-VUT0459636-A;AV PARIS, 14, Es:C Pl:07 Pt:06;03503;2795801YH5629N0616FG;2;1;35.00;03/11/2017;-0.102108;38.536912
CV-VUT0324101-A;AV PARIS, 14, Es:C Pl:07 Pt:14;03503;2795801YH5629N0623KL;2;1;60.00;13/10/2023;-0.102108;38.536912
CV-VUT0502171-A;AV PARIS, 14, Es:C Pl:09 Pt:10;03503;2795801YH5629N0646SD;4;2;72.00;05/10/2023;-0.102108;38.536912
CV-VUT0467121-A;AV PARIS, 14, Es:C Pl:09 Pt:14;03503;2795801YH5629N0649GH;4;2;60.00;22/04/2018;-0.102108;38.536912
CV-VUT0464105-A;AV PARIS, 14, Es:C Pl:10 Pt:02;03503;2795801YH5629N0651FG;4;2;51.00;26/02/2018;-0.102108;38.536912
CV-VUT0521961-A;AV PARIS, 14, Es:C Pl:10 Pt:10;03503;2795801YH5629N0659XM;4;2;72.00;22/06/2026;-0.102108;38.536912
CV-VUT0491986-A;AV PARIS, 14, Es:C Pl:13 Pt:06;03503;2795801YH5629N0694XM;2;1;35.00;26/08/2022;-0.102108;38.536912
CV-VUT0323232-A;AV PARIS, 14, Es:C Pl:14 Pt:02;03503;2795801YH5629N0703UI;2;1;51.00;11/12/2019;-0.102108;38.536912
CV-VUT0469810-A;AV PARIS, 14, Es:C Pl:14 Pt:09;03503;2795801YH5629N0710AS;4;2;35.00;18/07/2018;-0.102108;38.536912
CV-VUT0481330-A;AV PARIS, 14, Es:C Pl:14 Pt:14;03503;2795801YH5629N0714GH;2;1;60.00;24/02/2020;-0.102108;38.536912
CV-VUT0488709-A;AV PARIS, 14, Es:C Pl:16 Pt:01;03503;2795801YH5629N0728ER;2;1;60.00;23/02/2022;-0.102108;38.536912
CV-VUT0515480-A;AV PARIS, 14, Es:C Pl:16 Pt:10;03503;2795801YH5629N0737OP;4;2;72.00;31/03/2025;-0.102108;38.536912
CV-VUT0451515-A;AV PARIS, 14, Es:C Pl:17 Pt:08;03503;2795801YH5629N0748JK;2;1;40.00;25/11/2016;-0.102108;38.536912
CV-VUT0458860-A;AV PARIS, 14, Es:C Pl:18 Pt:02;03503;2795801YH5629N0755ZX;2;1;51.00;28/09/2017;-0.102108;38.536912
CV-VUT0464686-A;AV PARIS, 14, Es:C Pl:18 Pt:13;03503;2795801YH5629N0765TY;4;2;51.00;20/03/2018;-0.102108;38.536912
CV-VUT0497670-A;AV MONTECARLO, 4, Es:1 Pl:03 Pt:0C;03503;2791948YH5629S0022XI;2;1;64.00;08/05/2023;-0.103223;38.534001
CV-VUT0505646-A;AV MONTECARLO, 4, Es:1 Pl:08 Pt:0C;03503;2791948YH5629S0052BY;2;1;64.00;21/02/2024;-0.103223;38.534001
CV-VUT0318668-A;AV MONTECARLO, 4, Es:1 Pl:08 Pt:0D;03503;2791948YH5629S0053ZU;2;1;64.00;02/10/2000;-0.103223;38.534001
CV-VUT0514607-A;AV MONTECARLO, 4, Es:1 Pl:09 Pt:0D;03503;2791948YH5629S0059RD;1;1;64.00;03/03/2025;-0.103223;38.534001
CV-VUT0484741-A;AV MONTECARLO, 4, Es:1 Pl:10 Pt:0C;03503;2791948YH5629S0064YG;2;1;64.00;21/01/2021;-0.103223;38.534001
CV-VUT0460629-A;AV MONTECARLO, 4, Es:1 Pl:13 Pt:F;03503;2791948YH5629S0085ZU;4;2;82.00;29/11/2017;-0.103223;38.534001
CV-VUT0521166-A;AV MONTECARLO, 4, Es:1 Pl:17 Pt:0F;03503;2791948YH5629S0109KR;3;2;82.00;29/04/2026;-0.103223;38.534001
CV-VUT0495133-A;AV MONTECARLO, 4, Es:1 Pl:19 Pt:0D;03503;2791948YH5629S0119WA;2;1;64.00;13/02/2023;-0.103223;38.534001
CV-VUT0469321-A;AV MONTECARLO, 4, Es:1 Pl:20 Pt:0D;03503;2791948YH5629S0125TF;2;1;64.00;06/07/2018;-0.103223;38.534001
CV-VUT0483919-A;AV MONTECARLO, 4, Es:1 Pl:21 Pt:0A;03503;2791948YH5629S0128IJ;2;1;82.00;27/10/2020;-0.103223;38.534001
CV-VUT0480944-A;AV MONTECARLO, 4, Es:1 Pl:24 Pt:A;03503;2791948YH5629S0146BY;2;1;82.00;31/01/2020;-0.103223;38.534001
CV-VUT0476572-A;AV MONTECARLO, 4, Es:1 Pl:25 Pt:0A;03503;2791948YH5629S0152MO;2;1;82.00;10/06/2019;-0.103223;38.534001
CV-VUT0312676-A;AV MONTECARLO, 5, Es:1 Pl:01 Pt:01;03503;2594803YH5629S0002FJ;3;2;49.00;09/01/1996;-0.103676;38.534600
CV-VUT0312695-A;AV MONTECARLO, 5, Es:1 Pl:01 Pt:02;03503;2594803YH5629S0003GK;3;2;49.00;09/01/1996;-0.103676;38.534600
CV-VUT0312696-A;AV MONTECARLO, 5, Es:1 Pl:01 Pt:03;03503;2594803YH5629S0004HL;3;2;49.00;09/01/1996;-0.103676;38.534600
CV-VUT0312697-A;AV MONTECARLO, 5, Es:1 Pl:01 Pt:04;03503;2594803YH5629S0005JB;3;2;49.00;09/01/1996;-0.103676;38.534600
CV-VUT0312698-A;AV MONTECARLO, 5, Es:1 Pl:01 Pt:05;03503;2594803YH5629S0006KZ;3;2;49.00;09/01/1996;-0.103676;38.534600
CV-VUT0312699-A;AV MONTECARLO, 5, Es:1 Pl:01 Pt:06;03503;2594803YH5629S0007LX;3;2;49.00;09/01/1996;-0.103676;38.534600
CV-VUT0312700-A;AV MONTECARLO, 5, Es:1 Pl:01 Pt:07;03503;2594803YH5629S0008BM;3;2;49.00;09/01/1996;-0.103676;38.534600
CV-VUT0312701-A;AV MONTECARLO, 5, Es:1 Pl:01 Pt:08;03503;2594803YH5629S0009ZQ;3;2;49.00;09/01/1996;-0.103676;38.534600
CV-VUT0312677-A;AV MONTECARLO, 5, Es:1 Pl:01 Pt:09;03503;2594803YH5629S0010LX;3;2;49.00;09/01/1996;-0.103676;38.534600
CV-VUT0312678-A;AV MONTECARLO, 5, Es:1 Pl:02 Pt:01;03503;2594803YH5629S0011BM;3;2;49.00;09/01/1996;-0.103676;38.534600
CV-VUT0312702-A;AV MONTECARLO, 5, Es:1 Pl:02 Pt:02;03503;2594803YH5629S0012ZQ;3;2;49.00;09/01/1996;-0.103676;38.534600
CV-VUT0312703-A;AV MONTECARLO, 5, Es:1 Pl:02 Pt:03;03503;2594803YH5629S0013XW;3;2;49.00;09/01/1996;-0.103676;38.534600
CV-VUT0312704-A;AV MONTECARLO, 5, Es:1 Pl:02 Pt:04;03503;2594803YH5629S0014ME;3;2;49.00;09/01/1996;-0.103676;38.534600
CV-VUT0312705-A;AV MONTECARLO, 5, Es:1 Pl:02 Pt:05;03503;2594803YH5629S0015QR;3;2;49.00;09/01/1996;-0.103676;38.534600
CV-VUT0312706-A;AV MONTECARLO, 5, Es:1 Pl:02 Pt:06;03503;2594803YH5629S0016WT;3;2;49.00;09/01/1996;-0.103676;38.534600
CV-VUT0312707-A;AV MONTECARLO, 5, Es:1 Pl:02 Pt:07;03503;2594803YH5629S0017EY;3;2;49.00;09/01/1996;-0.103676;38.534600
CV-VUT0312708-A;AV MONTECARLO, 5, Es:1 Pl:02 Pt:08;03503;2594803YH5629S0018RU;3;2;49.00;09/01/1996;-0.103676;38.534600
CV-VUT0312679-A;AV MONTECARLO, 5, Es:1 Pl:02 Pt:09;03503;2594803YH5629S0019TI;3;2;49.00;09/01/1996;-0.103676;38.534600
CV-VUT0312680-A;AV MONTECARLO, 5, Es:1 Pl:03 Pt:01;03503;2594803YH5629S0020EY;3;2;49.00;09/01/1996;-0.103676;38.534600
CV-VUT0312709-A;AV MONTECARLO, 5, Es:1 Pl:03 Pt:02;03503;2594803YH5629S0021RU;3;2;49.00;09/01/1996;-0.103676;38.534600
CV-VUT0312710-A;AV MONTECARLO, 5, Es:1 Pl:03 Pt:03;03503;2594803YH5629S0022TI;3;2;49.00;09/01/1996;-0.103676;38.534600
CV-VUT0312711-A;AV MONTECARLO, 5, Es:1 Pl:03 Pt:04;03503;2594803YH5629S0023YO;3;2;49.00;09/01/1996;-0.103676;38.534600
CV-VUT0312712-A;AV MONTECARLO, 5, Es:1 Pl:03 Pt:05;03503;2594803YH5629S0024UP;3;2;49.00;09/01/1996;-0.103676;38.534600
CV-VUT0312713-A;AV MONTECARLO, 5, Es:1 Pl:03 Pt:06;03503;2594803YH5629S0025IA;3;2;49.00;09/01/1996;-0.103676;38.534600
CV-VUT0312714-A;AV MONTECARLO, 5, Es:1 Pl:03 Pt:07;03503;2594803YH5629S0026OS;3;2;49.00;09/01/1996;-0.103676;38.534600
CV-VUT0312715-A;AV MONTECARLO, 5, Es:1 Pl:03 Pt:08;03503;2594803YH5629S0027PD;3;2;49.00;09/01/1996;-0.103676;38.534600
CV-VUT0312681-A;AV MONTECARLO, 5, Es:1 Pl:03 Pt:09;03503;2594803YH5629S0028AF;3;2;49.00;09/01/1996;-0.103676;38.534600
CV-VUT0312716-A;AV MONTECARLO, 5, Es:1 Pl:04 Pt:02;03503;2594803YH5629S0030PD;3;2;49.00;09/01/1996;-0.103676;38.534600
CV-VUT0312717-A;AV MONTECARLO, 5, Es:1 Pl:04 Pt:03;03503;2594803YH5629S0031AF;3;2;49.00;09/01/1996;-0.103676;38.534600
CV-VUT0312718-A;AV MONTECARLO, 5, Es:1 Pl:04 Pt:04;03503;2594803YH5629S0032SG;3;2;49.00;09/01/1996;-0.103676;38.534600
CV-VUT0312719-A;AV MONTECARLO, 5, Es:1 Pl:04 Pt:05;03503;2594803YH5629S0033DH;3;2;49.00;09/01/1996;-0.103676;38.534600
CV-VUT0312720-A;AV MONTECARLO, 5, Es:1 Pl:04 Pt:06;03503;2594803YH5629S0034FJ;3;2;49.00;09/01/1996;-0.103676;38.534600
CV-VUT0312721-A;AV MONTECARLO, 5, Es:1 Pl:04 Pt:07;03503;2594803YH5629S0035GK;3;2;49.00;09/01/1996;-0.103676;38.534600
CV-VUT0312722-A;AV MONTECARLO, 5, Es:1 Pl:04 Pt:08;03503;2594803YH5629S0036HL;3;2;49.00;09/01/1996;-0.103676;38.534600
CV-VUT0312682-A;AV MONTECARLO, 5, Es:1 Pl:04 Pt:09;03503;2594803YH5629S0037JB;3;2;49.00;09/01/1996;-0.103676;38.534600
CV-VUT0312683-A;AV MONTECARLO, 5, Es:1 Pl:05 Pt:01;03503;2594803YH5629S0038KZ;3;2;49.00;09/01/1996;-0.103676;38.534600
CV-VUT0312723-A;AV MONTECARLO, 5, Es:1 Pl:05 Pt:02;03503;2594803YH5629S0039LX;3;2;49.00;09/01/1996;-0.103676;38.534600
CV-VUT0459563-A;AV MONTECARLO, 5, Es:1 Pl:05 Pt:03;03503;2594803YH5629S0040JB;2;1;50.00;27/10/2017;-0.103676;38.534600
CV-VUT0312724-A;AV MONTECARLO, 5, Es:1 Pl:05 Pt:04;03503;2594803YH5629S0041KZ;3;2;49.00;09/01/1996;-0.103676;38.534600
CV-VUT0312725-A;AV MONTECARLO, 5, Es:1 Pl:05 Pt:05;03503;2594803YH5629S0042LX;3;2;49.00;09/01/1996;-0.103676;38.534600
CV-VUT0312726-A;AV MONTECARLO, 5, Es:1 Pl:05 Pt:06;03503;2594803YH5629S0043BM;3;2;49.00;09/01/1996;-0.103676;38.534600
CV-VUT0312727-A;AV MONTECARLO, 5, Es:1 Pl:05 Pt:07;03503;2594803YH5629S0044ZQ;3;2;49.00;09/01/1996;-0.103676;38.534600
CV-VUT0312728-A;AV MONTECARLO, 5, Es:1 Pl:05 Pt:08;03503;2594803YH5629S0045XW;3;2;49.00;09/01/1996;-0.103676;38.534600
CV-VUT0312684-A;AV MONTECARLO, 5, Es:1 Pl:05 Pt:09;03503;2594803YH5629S0046ME;3;2;49.00;09/01/1996;-0.103676;38.534600
CV-VUT0312685-A;AV MONTECARLO, 5, Es:1 Pl:06 Pt:01;03503;2594803YH5629S0047QR;3;2;49.00;09/01/1996;-0.103676;38.534600
CV-VUT0312729-A;AV MONTECARLO, 5, Es:1 Pl:06 Pt:02;03503;2594803YH5629S0048WT;3;2;49.00;09/01/1996;-0.103676;38.534600
CV-VUT0312730-A;AV MONTECARLO, 5, Es:1 Pl:06 Pt:03;03503;2594803YH5629S0049EY;3;2;49.00;09/01/1996;-0.103676;38.534600
CV-VUT0312731-A;AV MONTECARLO, 5, Es:1 Pl:06 Pt:04;03503;2594803YH5629S0050QR;3;2;49.00;09/01/1996;-0.103676;38.534600
CV-VUT0312732-A;AV MONTECARLO, 5, Es:1 Pl:06 Pt:05;03503;2594803YH5629S0051WT;3;2;49.00;09/01/1996;-0.103676;38.534600
CV-VUT0312733-A;AV MONTECARLO, 5, Es:1 Pl:06 Pt:06;03503;2594803YH5629S0052EY;3;2;49.00;09/01/1996;-0.103676;38.534600
CV-VUT0312734-A;AV MONTECARLO, 5, Es:1 Pl:06 Pt:07;03503;2594803YH5629S0053RU;3;2;49.00;09/01/1996;-0.103676;38.534600
CV-VUT0312735-A;AV MONTECARLO, 5, Es:1 Pl:06 Pt:08;03503;2594803YH5629S0054TI;3;2;49.00;09/01/1996;-0.103676;38.534600
CV-VUT0312686-A;AV MONTECARLO, 5, Es:1 Pl:06 Pt:09;03503;2594803YH5629S0055YO;3;2;49.00;09/01/1996;-0.103676;38.534600
CV-VUT0312687-A;AV MONTECARLO, 5, Es:1 Pl:07 Pt:01;03503;2594803YH5629S0056UP;3;2;49.00;09/01/1996;-0.103676;38.534600
CV-VUT0312736-A;AV MONTECARLO, 5, Es:1 Pl:07 Pt:02;03503;2594803YH5629S0057IA;3;2;49.00;09/01/1996;-0.103676;38.534600
CV-VUT0312737-A;AV MONTECARLO, 5, Es:1 Pl:07 Pt:03;03503;2594803YH5629S0058OS;3;2;49.00;09/01/1996;-0.103676;38.534600
CV-VUT0312738-A;AV MONTECARLO, 5, Es:1 Pl:07 Pt:04;03503;2594803YH5629S0059PD;3;2;49.00;09/01/1996;-0.103676;38.534600
CV-VUT0312739-A;AV MONTECARLO, 5, Es:1 Pl:07 Pt:05;03503;2594803YH5629S0060IA;3;2;49.00;09/01/1996;-0.103676;38.534600
CV-VUT0312740-A;AV MONTECARLO, 5, Es:1 Pl:07 Pt:06;03503;2594803YH5629S0061OS;3;2;49.00;09/01/1996;-0.103676;38.534600
CV-VUT0312741-A;AV MONTECARLO, 5, Es:1 Pl:07 Pt:07;03503;2594803YH5629S0062PD;3;2;49.00;09/01/1996;-0.103676;38.534600
CV-VUT0312742-A;AV MONTECARLO, 5, Es:1 Pl:07 Pt:08;03503;2594803YH5629S0063AF;3;2;49.00;09/01/1996;-0.103676;38.534600
CV-VUT0312688-A;AV MONTECARLO, 5, Es:1 Pl:07 Pt:09;03503;2594803YH5629S0064SG;3;2;49.00;09/01/1996;-0.103676;38.534600
CV-VUT0312689-A;AV MONTECARLO, 5, Es:1 Pl:08 Pt:01;03503;2594803YH5629S0065DH;3;2;49.00;09/01/1996;-0.103676;38.534600
CV-VUT0312743-A;AV MONTECARLO, 5, Es:1 Pl:08 Pt:02;03503;2594803YH5629S0066FJ;3;2;49.00;09/01/1996;-0.103676;38.534600
CV-VUT0312744-A;AV MONTECARLO, 5, Es:1 Pl:08 Pt:03;03503;2594803YH5629S0067GK;3;2;49.00;09/01/1996;-0.103676;38.534600
CV-VUT0312745-A;AV MONTECARLO, 5, Es:1 Pl:08 Pt:04;03503;2594803YH5629S0068HL;3;2;49.00;09/01/1996;-0.103676;38.534600
CV-VUT0312746-A;AV MONTECARLO, 5, Es:1 Pl:08 Pt:05;03503;2594803YH5629S0069JB;3;2;49.00;09/01/1996;-0.103676;38.534600
CV-VUT0312747-A;AV MONTECARLO, 5, Es:1 Pl:08 Pt:06;03503;2594803YH5629S0070GK;3;2;49.00;09/01/1996;-0.103676;38.534600
CV-VUT0312748-A;AV MONTECARLO, 5, Es:1 Pl:08 Pt:07;03503;2594803YH5629S0071HL;3;2;49.00;09/01/1996;-0.103676;38.534600
CV-VUT0312749-A;AV MONTECARLO, 5, Es:1 Pl:08 Pt:08;03503;2594803YH5629S0072JB;3;2;49.00;09/01/1996;-0.103676;38.534600
CV-VUT0312750-A;AV MONTECARLO, 5, Es:1 Pl:09 Pt:03;03503;2594803YH5629S0076ZQ;3;2;49.00;09/01/1996;-0.103676;38.534600
CV-VUT0312751-A;AV MONTECARLO, 5, Es:1 Pl:09 Pt:06;03503;2594803YH5629S0079QR;3;2;49.00;09/01/1996;-0.103676;38.534600
CV-VUT0312752-A;AV MONTECARLO, 5, Es:1 Pl:09 Pt:07;03503;2594803YH5629S0080XW;3;2;49.00;09/01/1996;-0.103676;38.534600
CV-VUT0312753-A;AV MONTECARLO, 5, Es:1 Pl:09 Pt:08;03503;2594803YH5629S0081ME;3;2;49.00;09/01/1996;-0.103676;38.534600
CV-VUT0312690-A;AV MONTECARLO, 5, Es:1 Pl:09 Pt:09;03503;2594803YH5629S0082QR;3;2;49.00;09/01/1996;-0.103676;38.534600
CV-VUT0312691-A;AV MONTECARLO, 5, Es:1 Pl:10 Pt:01;03503;2594803YH5629S0083WT;3;2;49.00;09/01/1996;-0.103676;38.534600
CV-VUT0312754-A;AV MONTECARLO, 5, Es:1 Pl:10 Pt:02;03503;2594803YH5629S0084EY;3;2;49.00;09/01/1996;-0.103676;38.534600
CV-VUT0312755-A;AV MONTECARLO, 5, Es:1 Pl:10 Pt:03;03503;2594803YH5629S0085RU;3;2;49.00;09/01/1996;-0.103676;38.534600
CV-VUT0312756-A;AV MONTECARLO, 5, Es:1 Pl:10 Pt:04;03503;2594803YH5629S0086TI;3;2;49.00;09/01/1996;-0.103676;38.534600
CV-VUT0312757-A;AV MONTECARLO, 5, Es:1 Pl:10 Pt:05;03503;2594803YH5629S0087YO;3;2;49.00;09/01/1996;-0.103676;38.534600
CV-VUT0312758-A;AV MONTECARLO, 5, Es:1 Pl:10 Pt:06;03503;2594803YH5629S0088UP;3;2;49.00;09/01/1996;-0.103676;38.534600
CV-VUT0312759-A;AV MONTECARLO, 5, Es:1 Pl:10 Pt:07;03503;2594803YH5629S0089IA;3;2;49.00;09/01/1996;-0.103676;38.534600
CV-VUT0312760-A;AV MONTECARLO, 5, Es:1 Pl:10 Pt:08;03503;2594803YH5629S0090YO;3;2;49.00;09/01/1996;-0.103676;38.534600
CV-VUT0312692-A;AV MONTECARLO, 5, Es:1 Pl:10 Pt:09;03503;2594803YH5629S0091UP;3;2;49.00;09/01/1996;-0.103676;38.534600
CV-VUT0312693-A;AV MONTECARLO, 5, Es:1 Pl:11 Pt:01;03503;2594803YH5629S0092IA;3;2;49.00;09/01/1996;-0.103676;38.534600
CV-VUT0312761-A;AV MONTECARLO, 5, Es:1 Pl:11 Pt:02;03503;2594803YH5629S0093OS;3;2;49.00;09/01/1996;-0.103676;38.534600
CV-VUT0312762-A;AV MONTECARLO, 5, Es:1 Pl:11 Pt:03;03503;2594803YH5629S0094PD;3;2;49.00;09/01/1996;-0.103676;38.534600
CV-VUT0312763-A;AV MONTECARLO, 5, Es:1 Pl:11 Pt:04;03503;2594803YH5629S0095AF;3;2;49.00;09/01/1996;-0.103676;38.534600
CV-VUT0312764-A;AV MONTECARLO, 5, Es:1 Pl:11 Pt:05;03503;2594803YH5629S0096SG;3;2;49.00;09/01/1996;-0.103676;38.534600
CV-VUT0312765-A;AV MONTECARLO, 5, Es:1 Pl:11 Pt:06;03503;2594803YH5629S0097DH;3;2;49.00;09/01/1996;-0.103676;38.534600
CV-VUT0312766-A;AV MONTECARLO, 5, Es:1 Pl:11 Pt:07;03503;2594803YH5629S0098FJ;3;2;49.00;09/01/1996;-0.103676;38.534600
CV-VUT0312767-A;AV MONTECARLO, 5, Es:1 Pl:11 Pt:08;03503;2594803YH5629S0099GK;3;2;49.00;09/01/1996;-0.103676;38.534600
CV-VUT0312694-A;AV MONTECARLO, 5, Es:1 Pl:11 Pt:09;03503;2594803YH5629S0100GK;3;2;49.00;09/01/1996;-0.103676;38.534600
CV-VUT0517085-A;AV MONTECARLO, 8A, Es:1 Pl:06 Pt:C;03503;2791945YH5629S0012AQ;6;3;80.00;10/06/2025;-0.102256;38.534556
CV-VUT0497918-A;AV MONTECARLO, 8A, Es:1 Pl:07 Pt:C;03503;2791945YH5629S0018JU;6;3;80.00;11/05/2023;-0.102256;38.534556
CV-VUT0462057-A;AV MONTECARLO, 8A, Es:1 Pl:08 Pt:F;03503;2791945YH5629S0027MD;4;2;67.00;27/12/2017;-0.102256;38.534556
CV-VUT0446101-A;AV MONTECARLO, 8A, Es:1 Pl:15 Pt:D;03503;2791945YH5629S0067TK;4;2;80.00;25/02/2016;-0.102256;38.534556
CV-VUT0323436-A;AV MURCIA, 7, Es:B Pl:00 Pt:02;03503;1195502YH5619N0012QS;4;2;62.00;21/10/2020;-0.119070;38.537271
CV-VUT0322490-A;AV MURCIA, 7, Es:B Pl:04 Pt:10;03503;1195502YH5619N0020YJ;4;2;62.00;03/04/2018;-0.119070;38.537271
CV-VUT0517969-A;AV MURCIA, 7, Es:D Pl:00 Pt:02;03503;1195502YH5619N0031FW;4;2;59.00;31/07/2025;-0.119070;38.537271
CV-VUT0519463-A;AV MURCIA, 7, Es:D Pl:01 Pt:04;03503;1195502YH5619N0033HR;4;2;59.00;09/12/2025;-0.119070;38.537271
CV-VUT0465538-A;AV MURCIA, 7, Es:D Pl:02 Pt:06;03503;1195502YH5619N0035KY;6;3;59.00;16/04/2018;-0.119070;38.537271
CV-VUT0324227-A;AV MURCIA, 7, Es:D Pl:04 Pt:10;03503;1195502YH5619N0039XP;4;2;59.00;26/02/2024;-0.119070;38.537271
CV-VUT0323753-A;AV MURCIA, 8, Es:1 Pl:00 Pt:A;03503;1396301YH5619N0039JP;4;2;75.00;02/08/2022;-0.118602;38.538618
CV-VUT0323752-A;AV MURCIA, 8, Es:1 Pl:01 Pt:A;03503;1396301YH5619N0041HO;4;2;75.00;02/08/2022;-0.118602;38.538618
CV-VUT0323790-A;AV MURCIA, 8, Es:1 Pl:01 Pt:B;03503;1396301YH5619N0042JP;2;1;52.00;02/08/2022;-0.118602;38.538618
CV-VUT0323754-A;AV MURCIA, 8, Es:1 Pl:01 Pt:C;03503;1396301YH5619N0043KA;4;2;75.00;02/08/2022;-0.118602;38.538618
CV-VUT0323755-A;AV MURCIA, 8, Es:1 Pl:02 Pt:A;03503;1396301YH5619N0044LS;4;2;75.00;02/08/2022;-0.118602;38.538618
CV-VUT0323756-A;AV MURCIA, 8, Es:1 Pl:02 Pt:B;03503;1396301YH5619N0045BD;2;1;52.00;02/08/2022;-0.118602;38.538618
CV-VUT0323757-A;AV MURCIA, 8, Es:1 Pl:02 Pt:C;03503;1396301YH5619N0046ZF;4;2;75.00;02/08/2022;-0.118602;38.538618
CV-VUT0323758-A;AV MURCIA, 8, Es:1 Pl:03 Pt:A;03503;1396301YH5619N0047XG;4;2;75.00;02/08/2022;-0.118602;38.538618
CV-VUT0323759-A;AV MURCIA, 8, Es:1 Pl:03 Pt:B;03503;1396301YH5619N0048MH;2;1;52.00;02/08/2022;-0.118602;38.538618
CV-VUT0323760-A;AV MURCIA, 8, Es:1 Pl:03 Pt:C;03503;1396301YH5619N0049QJ;4;2;75.00;02/08/2022;-0.118602;38.538618
CV-VUT0323761-A;AV MURCIA, 8, Es:1 Pl:04 Pt:A;03503;1396301YH5619N0050XG;4;2;75.00;02/08/2022;-0.118602;38.538618
CV-VUT0323762-A;AV MURCIA, 8, Es:1 Pl:04 Pt:B;03503;1396301YH5619N0051MH;2;1;52.00;02/08/2022;-0.118602;38.538618
CV-VUT0323763-A;AV MURCIA, 8, Es:1 Pl:04 Pt:C;03503;1396301YH5619N0052QJ;4;2;75.00;02/08/2022;-0.118602;38.538618
CV-VUT0323764-A;AV MURCIA, 8, Es:1 Pl:05 Pt:A;03503;1396301YH5619N0053WK;4;2;75.00;02/08/2022;-0.118602;38.538618
CV-VUT0323765-A;AV MURCIA, 8, Es:1 Pl:05 Pt:B;03503;1396301YH5619N0054EL;2;1;52.00;02/08/2022;-0.118602;38.538618
CV-VUT0323766-A;AV MURCIA, 8, Es:1 Pl:05 Pt:C;03503;1396301YH5619N0055RB;4;2;75.00;02/08/2022;-0.118602;38.538618
CV-VUT0323767-A;AV MURCIA, 8, Es:1 Pl:06 Pt:A;03503;1396301YH5619N0056TZ;4;2;75.00;02/08/2022;-0.118602;38.538618
CV-VUT0323768-A;AV MURCIA, 8, Es:1 Pl:06 Pt:B;03503;1396301YH5619N0057YX;2;1;52.00;02/08/2022;-0.118602;38.538618
CV-VUT0323769-A;AV MURCIA, 8, Es:1 Pl:06 Pt:C;03503;1396301YH5619N0058UM;4;2;75.00;02/08/2022;-0.118602;38.538618
CV-VUT0323770-A;AV MURCIA, 8, Es:1 Pl:07 Pt:A;03503;1396301YH5619N0059IQ;4;2;75.00;02/08/2022;-0.118602;38.538618
CV-VUT0323771-A;AV MURCIA, 8, Es:1 Pl:07 Pt:B;03503;1396301YH5619N0060YX;2;1;52.00;02/08/2022;-0.118602;38.538618
CV-VUT0323772-A;AV MURCIA, 8, Es:1 Pl:07 Pt:C;03503;1396301YH5619N0061UM;4;2;75.00;02/08/2022;-0.118602;38.538618
CV-VUT0323773-A;AV MURCIA, 8, Es:1 Pl:08 Pt:A;03503;1396301YH5619N0062IQ;4;2;75.00;02/08/2022;-0.118602;38.538618
CV-VUT0323774-A;AV MURCIA, 8, Es:1 Pl:08 Pt:B;03503;1396301YH5619N0063OW;2;1;52.00;02/08/2022;-0.118602;38.538618
CV-VUT0323775-A;AV MURCIA, 8, Es:1 Pl:08 Pt:C;03503;1396301YH5619N0064PE;4;2;75.00;02/08/2022;-0.118602;38.538618
CV-VUT0323776-A;AV MURCIA, 8, Es:1 Pl:09 Pt:A;03503;1396301YH5619N0065AR;4;2;75.00;02/08/2022;-0.118602;38.538618
CV-VUT0323777-A;AV MURCIA, 8, Es:1 Pl:09 Pt:B;03503;1396301YH5619N0066ST;2;1;52.00;02/08/2022;-0.118602;38.538618
CV-VUT0323778-A;AV MURCIA, 8, Es:1 Pl:09 Pt:C;03503;1396301YH5619N0067DY;4;2;75.00;02/08/2022;-0.118602;38.538618
CV-VUT0323781-A;AV MURCIA, 8, Es:1 Pl:10 Pt:C;03503;1396301YH5619N0070DY;4;2;75.00;02/08/2022;-0.118602;38.538618
CV-VUT0323782-A;AV MURCIA, 8, Es:1 Pl:11 Pt:A;03503;1396301YH5619N0071FU;4;2;75.00;02/08/2022;-0.118602;38.538618
CV-VUT0323783-A;AV MURCIA, 8, Es:1 Pl:11 Pt:B;03503;1396301YH5619N0072GI;2;1;52.00;02/08/2022;-0.118602;38.538618
CV-VUT0323784-A;AV MURCIA, 8, Es:1 Pl:11 Pt:C;03503;1396301YH5619N0073HO;4;2;75.00;02/08/2022;-0.118602;38.538618
CV-VUT0323786-A;AV MURCIA, 8, Es:1 Pl:12 Pt:B;03503;1396301YH5619N0075KA;2;1;52.00;02/08/2022;-0.118602;38.538618
CV-VUT0323787-A;AV MURCIA, 8, Es:1 Pl:12 Pt:C;03503;1396301YH5619N0076LS;4;2;75.00;02/08/2022;-0.118602;38.538618
CV-VUT0323788-A;AV MURCIA, 8, Es:1 Pl:13 Pt:A;03503;1396301YH5619N0077BD;4;2;79.00;02/08/2022;-0.118602;38.538618
CV-VUT0323789-A;AV MURCIA, 8, Es:1 Pl:13 Pt:B;03503;1396301YH5619N0078ZF;4;2;79.00;02/08/2022;-0.118602;38.538618
CV-VUT0459589-A;AV PARIS, 6, Es:2 Pl:13 Pt:D;03503;2496501YH5629N0121KW;4;2;78.00;30/10/2017;-0.104074;38.538331
CV-VUT0318767-A;AV PARIS, 6, Es:A Pl:02 Pt:D;03503;2496501YH5629N0009OH;4;2;78.00;08/02/2001;-0.104074;38.538331
CV-VUT0324102-A;AV PARIS, 6, Es:A Pl:04 Pt:A;03503;2496501YH5629N0014AK;4;2;89.00;13/10/2023;-0.104074;38.538331
CV-VUT0509487-A;AV PARIS, 6, Es:A Pl:08 Pt:D;03503;2496501YH5629N0033QI;4;2;78.00;20/06/2024;-0.104074;38.538331
CV-VUT0323835-A;AV PARIS, 6, Es:A Pl:16 Pt:C;03503;2496501YH5629N0064MU;4;2;67.00;18/11/2022;-0.104074;38.538331
CV-VUT0518456-A;AV PARIS, 6, Es:B Pl:01 Pt:B;03503;2496501YH5629N0071RA;3;2;67.00;27/08/2025;-0.104074;38.538331
CV-VUT0475712-A;AV PARIS, 6, Es:B Pl:06 Pt:B;03503;2496501YH5629N0091KW;6;3;67.00;09/05/2019;-0.104074;38.538331
CV-VUT0323194-A;AV PARIS, 6, Es:B Pl:09 Pt:B;03503;2496501YH5629N0103YD;4;2;67.00;29/10/2019;-0.104074;38.538331
CV-VUT0483192-A;AV PARIS, 6, Es:B Pl:12 Pt:C;03503;2496501YH5629N0116HM;4;2;67.00;08/09/2020;-0.104074;38.538331
CV-VUT0460022-A;AV PARIS, 8, Es:2 Pl:01 Pt:16;03503;2597602YH5629N0020QZ;4;2;69.00;21/11/2017;-0.103215;38.538042
CV-VUT0489622-A;AV PARIS, 8, Es:2 Pl:03 Pt:19;03503;2597602YH5629N0023RQ;6;3;103.00;25/04/2022;-0.103215;38.538042
CV-VUT0447613-A;AV PARIS, 8, Es:4 Pl:01 Pt:34;03503;2597602YH5629N0038HD;4;2;69.00;20/05/2016;-0.103215;38.538042
CV-VUT0322661-A;AV PARIS, 8, Es:4 Pl:02 Pt:39;03503;2597602YH5629N0043KG;4;2;103.00;11/06/2018;-0.103215;38.538042
CV-VUT0504913-A;AV PER.Y ESC.EMILIO ROMERO, 5, Es:B Pl:00 Pt:04;03503;0996103YH5609N0010SY;2;1;28.00;23/01/2024;-0.122129;38.537528
CV-VUT0323981-A;AV PER.Y ESC.EMILIO ROMERO, 5, Es:C Pl:00 Pt:08;03503;0996103YH5609N0024MJ;2;1;28.00;16/05/2023;-0.122129;38.537528
CV-VUT0466040-A;AV PER.Y ESC.EMILIO ROMERO, 5, Es:C Pl:02 Pt:IZ;03503;0996103YH5609N0030EB;4;2;80.00;26/04/2018;-0.122129;38.537528
CV-VUT0507837-A;AV PER.Y ESC.EMILIO ROMERO, 5, Es:C Pl:04 Pt:IZ;03503;0996103YH5609N0034UQ;6;3;80.00;08/05/2024;-0.122129;38.537528
CV-VUT0324260-A;AV PER.Y ESC.EMILIO ROMERO, 5, Es:D Pl:00 Pt:02;03503;0996103YH5609N0059EB;2;1;50.00;09/04/2024;-0.122129;38.537528
CV-VUT0318143-A;AV ROMA, 10, Es:1 Pl:01 Pt:B;03503;2635101YH5629N0005AS;2;1;76.00;28/06/1999;-0.103128;38.536953
CV-VUT0486946-A;AV ROMA, 10, Es:1 Pl:02 Pt:B;03503;2635101YH5629N0009GH;2;1;76.00;09/07/2021;-0.103128;38.536953
CV-VUT0511103-A;AV ROMA, 10, Es:1 Pl:03 Pt:A;03503;2635101YH5629N0012GH;2;1;78.00;29/08/2024;-0.103128;38.536953
CV-VUT0511104-A;AV ROMA, 10, Es:1 Pl:05 Pt:D;03503;2635101YH5629N0023MQ;2;1;77.00;29/08/2024;-0.103128;38.536953
CV-VUT0516623-A;AV ROMA, 10, Es:1 Pl:06 Pt:D;03503;2635101YH5629N0027RT;2;1;77.00;17/05/2025;-0.103128;38.536953
CV-VUT0506286-A;AV ROMA, 10, Es:1 Pl:07 Pt:A;03503;2635101YH5629N0028TY;2;1;78.00;18/03/2024;-0.103128;38.536953
CV-VUT0458643-A;AV ROMA, 10, Es:1 Pl:07 Pt:B;03503;2635101YH5629N0029YU;2;1;76.00;21/09/2017;-0.103128;38.536953
CV-VUT0511105-A;AV ROMA, 10, Es:1 Pl:08 Pt:C;03503;2635101YH5629N0034IO;2;1;79.00;29/08/2024;-0.103128;38.536953
CV-VUT0323657-A;AV ROMA, 10, Es:1 Pl:08 Pt:D;03503;2635101YH5629N0035OP;4;2;77.00;01/04/2022;-0.103128;38.536953
CV-VUT0480848-A;AV ROMA, 11, Es:1 Pl:03 Pt:B1;03503;2597601YH5629N0012PH;2;1;58.00;27/01/2020;-0.103552;38.537453
CV-VUT0520034-A;AV ROMA, 11, Es:1 Pl:05 Pt:A2;03503;2597601YH5629N0019JM;3;2;76.00;29/01/2026;-0.103552;38.537453
CV-VUT0322655-A;AV ROMA, 11, Es:1 Pl:08 Pt:B1;03503;2597601YH5629N0032QU;2;1;58.00;08/06/2018;-0.103552;38.537453
CV-VUT0322583-A;AV ROMA, 11, Es:1 Pl:08 Pt:B2;03503;2597601YH5629N0033WI;2;1;58.00;21/05/2018;-0.103552;38.537453
CV-VUT0452511-A;AV ROMA, 11, Es:1 Pl:19 Pt:A1;03503;2597601YH5629N0074IF;4;2;76.00;17/01/2017;-0.103552;38.537453
CV-VUT0481424-A;AV ROMA, 11, Es:1 Pl:19 Pt:B1;03503;2597601YH5629N0076PH;2;1;58.00;04/03/2020;-0.103552;38.537453
CV-VUT0499288-A;AV ROMA, 15, Es:1 Pl:07 Pt:C;03503;2597603YH5629N0028KY;4;2;52.00;15/06/2023;-0.102621;38.537592
CV-VUT0467433-A;AV ROMA, 15, Es:1 Pl:13 Pt:A;03503;2597603YH5629N0050IL;2;1;51.00;28/05/2018;-0.102621;38.537592
CV-VUT0495038-A;AV ROMA, 7, Es:1 Pl:09 Pt:B;03503;2496503YH5629N0020OZ;2;1;57.00;09/02/2023;-0.104798;38.537476
CV-VUT0521452-A;AV ROMA, 7, Es:1 Pl:10 Pt:A;03503;2496503YH5629N0021PX;4;2;57.00;16/05/2026;-0.104798;38.537476
CV-VUT0319150-A;AV ROMA, 8, Es:1 Pl:01 Pt:A;03503;2595901YH5629N0003YP;2;1;52.00;26/02/2002;-0.103521;38.536933
CV-VUT0319151-A;AV ROMA, 8, Es:1 Pl:01 Pt:B;03503;2595901YH5629N0004UA;2;1;52.00;26/02/2002;-0.103521;38.536933
CV-VUT0319152-A;AV ROMA, 8, Es:1 Pl:02 Pt:A;03503;2595901YH5629N0005IS;2;1;52.00;26/02/2002;-0.103521;38.536933
CV-VUT0319153-A;AV ROMA, 8, Es:1 Pl:02 Pt:B;03503;2595901YH5629N0006OD;2;1;52.00;26/02/2002;-0.103521;38.536933
CV-VUT0319154-A;AV ROMA, 8, Es:1 Pl:03 Pt:A;03503;2595901YH5629N0007PF;2;1;52.00;26/02/2002;-0.103521;38.536933
CV-VUT0319155-A;AV ROMA, 8, Es:1 Pl:03 Pt:B;03503;2595901YH5629N0008AG;2;1;52.00;26/02/2002;-0.103521;38.536933
CV-VUT0319156-A;AV ROMA, 8, Es:1 Pl:04 Pt:A;03503;2595901YH5629N0009SH;2;1;52.00;26/02/2002;-0.103521;38.536933
CV-VUT0319157-A;AV ROMA, 8, Es:1 Pl:04 Pt:B;03503;2595901YH5629N0010PF;2;1;52.00;26/02/2002;-0.103521;38.536933
CV-VUT0319158-A;AV ROMA, 8, Es:1 Pl:05 Pt:A;03503;2595901YH5629N0011AG;2;1;52.00;26/02/2002;-0.103521;38.536933
CV-VUT0319159-A;AV ROMA, 8, Es:1 Pl:05 Pt:B;03503;2595901YH5629N0012SH;2;1;52.00;26/02/2002;-0.103521;38.536933
CV-VUT0319160-A;AV ROMA, 8, Es:1 Pl:06 Pt:A;03503;2595901YH5629N0013DJ;2;1;52.00;26/02/2002;-0.103521;38.536933
CV-VUT0319161-A;AV ROMA, 8, Es:1 Pl:06 Pt:B;03503;2595901YH5629N0014FK;2;1;52.00;26/02/2002;-0.103521;38.536933
CV-VUT0319162-A;AV ROMA, 8, Es:1 Pl:07 Pt:A;03503;2595901YH5629N0015GL;2;1;52.00;26/02/2002;-0.103521;38.536933
CV-VUT0319163-A;AV ROMA, 8, Es:1 Pl:07 Pt:B;03503;2595901YH5629N0016HB;2;1;52.00;26/02/2002;-0.103521;38.536933
CV-VUT0319164-A;AV ROMA, 8, Es:1 Pl:08 Pt:A;03503;2595901YH5629N0017JZ;2;1;52.00;26/02/2002;-0.103521;38.536933
CV-VUT0319165-A;AV ROMA, 8, Es:1 Pl:08 Pt:B;03503;2595901YH5629N0018KX;2;1;52.00;26/02/2002;-0.103521;38.536933
CV-VUT0319166-A;AV ROMA, 8, Es:1 Pl:09 Pt:A;03503;2595901YH5629N0019LM;2;1;52.00;26/02/2002;-0.103521;38.536933
CV-VUT0319167-A;AV ROMA, 8, Es:1 Pl:09 Pt:B;03503;2595901YH5629N0020JZ;2;1;52.00;26/02/2002;-0.103521;38.536933
CV-VUT0319168-A;AV ROMA, 8, Es:1 Pl:10 Pt:A;03503;2595901YH5629N0021KX;2;1;52.00;26/02/2002;-0.103521;38.536933
CV-VUT0319169-A;AV ROMA, 8, Es:1 Pl:10 Pt:B;03503;2595901YH5629N0022LM;2;1;52.00;26/02/2002;-0.103521;38.536933
CV-VUT0319170-A;AV ROMA, 8, Es:1 Pl:11 Pt:A;03503;2595901YH5629N0023BQ;2;1;52.00;26/02/2002;-0.103521;38.536933
CV-VUT0319171-A;AV ROMA, 8, Es:1 Pl:11 Pt:B;03503;2595901YH5629N0024ZW;2;1;52.00;26/02/2002;-0.103521;38.536933
CV-VUT0319172-A;AV ROMA, 8, Es:1 Pl:12 Pt:A;03503;2595901YH5629N0025XE;2;1;52.00;26/02/2002;-0.103521;38.536933
CV-VUT0319173-A;AV ROMA, 8, Es:1 Pl:12 Pt:B;03503;2595901YH5629N0026MR;2;1;52.00;26/02/2002;-0.103521;38.536933
CV-VUT0319174-A;AV ROMA, 8, Es:1 Pl:13 Pt:A;03503;2595901YH5629N0027QT;2;1;52.00;26/02/2002;-0.103521;38.536933
CV-VUT0319175-A;AV ROMA, 8, Es:1 Pl:13 Pt:B;03503;2595901YH5629N0028WY;2;1;52.00;26/02/2002;-0.103521;38.536933
CV-VUT0319176-A;AV ROMA, 8, Es:1 Pl:14 Pt:A;03503;2595901YH5629N0029EU;2;1;56.00;26/02/2002;-0.103521;38.536933
CV-VUT0319177-A;AV ROMA, 8, Es:1 Pl:14 Pt:B;03503;2595901YH5629N0030QT;2;1;56.00;26/02/2002;-0.103521;38.536933
CV-VUT0508057-A;AV ROMA, 9, Es:1 Pl:05 Pt:B;03503;2496502YH5629N0012KH;4;2;58.00;15/05/2024;-0.104212;38.537617
CV-VUT0461364-A;AV ROMA, 9, Es:1 Pl:14 Pt:A;03503;2496502YH5629N0029OU;4;2;58.00;15/12/2017;-0.104212;38.537617
CV-VUT0513328-A;AV ROMA, 9, Es:1 Pl:14 Pt:B;03503;2496502YH5629N0030UT;4;2;58.00;02/12/2024;-0.104212;38.537617
CV-VUT0459805-A;AV VALENCIA, 1, Es:1 Pl:01 Pt:C;03503;0594104YH5609S0028SY;6;3;122.00;14/11/2017;-0.126843;38.536216
CV-VUT0444607-A;AV VALENCIA, 1, Es:1 Pl:01 Pt:D;03503;0594104YH5609S0029DU;6;3;113.00;02/11/2015;-0.126843;38.536216
CV-VUT0471156-A;AV VALENCIA, 1, Es:1 Pl:02 Pt:C;03503;0594104YH5609S0032DU;6;3;122.00;15/10/2018;-0.126843;38.536216
CV-VUT0321980-A;AV VALENCIA, 1, Es:1 Pl:02 Pt:D;03503;0594104YH5609S0033FI;6;3;113.00;26/07/2016;-0.126843;38.536216
CV-VUT0324206-A;AV VALENCIA, 1, Es:1 Pl:03 Pt:A;03503;0594104YH5609S0034GO;4;2;108.00;15/02/2024;-0.126843;38.536216
CV-VUT0322860-A;AV VALENCIA, 1, Es:1 Pl:04 Pt:C;03503;0594104YH5609S0040KS;6;3;122.00;27/07/2018;-0.126843;38.536216
CV-VUT0324215-A;AV VALENCIA, 1, Es:1 Pl:04 Pt:D;03503;0594104YH5609S0041LD;6;3;113.00;24/02/2024;-0.126843;38.536216
CV-VUT0457867-A;AV VALENCIA, 1, Es:1 Pl:05 Pt:B;03503;0594104YH5609S0043ZG;6;3;122.00;02/05/2017;-0.126843;38.536216
CV-VUT0494859-A;AV VALENCIA, 1, Es:1 Pl:09 Pt:A;03503;0594104YH5609S0058PR;4;2;108.00;02/02/2023;-0.126843;38.536216
CV-VUT0519961-A;AV VALENCIA, 2, Es:1 Pl:03 Pt:A;03503;0694406YH5609S0007LF;6;3;141.00;26/01/2026;-0.126361;38.536033
CV-VUT0461763-A;AV VALENCIA, 2, Es:1 Pl:10 Pt:A;03503;0694406YH5609S0021RX;8;4;141.00;21/12/2017;-0.126361;38.536033
CV-VUT0509793-A;AV VALENCIA, 2, Es:1 Pl:13 Pt:B;03503;0694406YH5609S0028AY;3;2;141.00;10/07/2024;-0.126361;38.536033
CV-VUT0461135-A;AV VALENCIA, 4, Es:1 Pl:01 Pt:E;03503;0694401YH5609S0013MJ;4;2;119.00;07/12/2017;-0.126450;38.536326
CV-VUT0493496-A;AV VALENCIA, 4, Es:1 Pl:05 Pt:C;03503;0694401YH5609S0028SY;6;3;111.00;21/11/2022;-0.126450;38.536326
CV-VUT0322997-A;AV VALENCIA, 4, Es:1 Pl:09 Pt:A;03503;0694401YH5609S0042BF;4;2;89.00;13/05/2019;-0.126450;38.536326
CV-VUT0503243-A;AV ZAMORA, 11, Bloque:2 Es:2 Pl:03 Pt:C;03503;2298714YH5629N0059UT;2;1;82.00;07/11/2023;-0.109144;38.540424
CV-VUT0496424-A;AV ZAMORA, 11, Bloque:2 Es:2 Pl:11 Pt:D;03503;2298714YH5629N0084MZ;1;1;82.00;22/03/2023;-0.109144;38.540424
CV-VUT0510008-A;AV ZAMORA, 11, Bloque:2 Es:2 Pl:14 Pt:D;03503;2298714YH5629N0093YR;2;1;82.00;08/07/2024;-0.109144;38.540424
CV-VUT0322195-A;AV ZAMORA, 11, Bloque:2 Es:2 Pl:17 Pt:C;03503;2298714YH5629N0101DA;4;2;82.00;09/06/2017;-0.109144;38.540424
CV-VUT0464386-A;AV ZAMORA, 11, Bloque:2 Es:2 Pl:23 Pt:E;03503;2298714YH5629N0121RW;5;3;87.00;06/03/2018;-0.109144;38.540424
CV-VUT0489705-A;AV ZAMORA, 11, Bloque:2 Es:2 Pl:28 Pt:D;03503;2298714YH5629N0135GD;2;1;82.00;29/04/2022;-0.109144;38.540424
CV-VUT0477151-A;AV ZAMORA, 11, Bloque:2 Es:2 Pl:30 Pt:D;03503;2298714YH5629N0139LJ;4;2;82.00;02/07/2019;-0.109144;38.540424
CV-VUT0514579-A;AV ZAMORA, 15, Es:1 Pl:09 Pt:A;03503;2298713YH5629N0028XY;6;3;72.00;25/02/2025;-0.109345;38.540966
CV-VUT0484234-A;AV ZAMORA, 9, Es:1 Pl:08 Pt:B;03503;2298015YH5629N0033FI;4;2;48.00;18/11/2020;-0.108201;38.540348
CV-VUT0323097-A;AV ZAMORA, 9, Es:1 Pl:09 Pt:C;03503;2298015YH5629N0038LD;2;1;48.00;06/08/2019;-0.108201;38.540348
CV-VUT0461770-A;C BERLIN, 2 Pl:15 Pt:5;03503;2292501YH5629S0101ML;4;2;;21/12/2017;-0.106654;38.534354
CV-VUT0478610-A;CL BERLIN, 2, Es:1 Pl:02 Pt:03;03503;2292501YH5629S0021AU;2;1;35.00;16/09/2019;-0.106654;38.534354
CV-VUT0481375-A;CL BERLIN, 2, Es:1 Pl:03 Pt:02;03503;2292501YH5629S0026HS;2;1;43.00;26/02/2020;-0.106654;38.534354
CV-VUT0505418-A;CL BERLIN, 2, Es:1 Pl:03 Pt:05;03503;2292501YH5629S0029LG;2;1;34.00;14/02/2024;-0.106654;38.534354
CV-VUT0503544-A;CL BERLIN, 2, Es:1 Pl:04 Pt:02;03503;2292501YH5629S0032LG;2;1;43.00;29/11/2023;-0.106654;38.534354
CV-VUT0465244-A;CL BERLIN, 2, Es:1 Pl:05 Pt:05;03503;2292501YH5629S0041WZ;2;1;34.00;10/04/2018;-0.106654;38.534354
CV-VUT0463688-A;CL BERLIN, 2, Es:1 Pl:05 Pt:06;03503;2292501YH5629S0042EX;2;1;37.00;13/02/2018;-0.106654;38.534354
CV-VUT0322527-A;CL BERLIN, 2, Es:1 Pl:06 Pt:04;03503;2292501YH5629S0046UE;2;1;36.00;02/05/2018;-0.106654;38.534354
CV-VUT0322721-A;CL BERLIN, 2, Es:1 Pl:07 Pt:05;03503;2292501YH5629S0053AU;2;1;34.00;30/06/2018;-0.106654;38.534354
CV-VUT0322095-A;CL BERLIN, 2, Es:1 Pl:08 Pt:03;03503;2292501YH5629S0057GA;2;1;35.00;17/01/2017;-0.106654;38.534354
CV-VUT0463655-A;CL BERLIN, 2, Es:1 Pl:08 Pt:06;03503;2292501YH5629S0060GA;2;1;37.00;12/02/2018;-0.106654;38.534354
CV-VUT0455251-A;CL BERLIN, 2, Es:1 Pl:09 Pt:04;03503;2292501YH5629S0064LG;2;1;36.00;10/05/2017;-0.106654;38.534354
CV-VUT0458577-A;CL BERLIN, 2, Es:1 Pl:11 Pt:05;03503;2292501YH5629S0077YW;3;2;34.00;20/09/2017;-0.106654;38.534354
CV-VUT0464612-A;CL BERLIN, 2, Es:1 Pl:12 Pt:04;03503;2292501YH5629S0082IR;2;0;36.00;15/03/2018;-0.106654;38.534354
CV-VUT0488834-A;CL BERLIN, 2, Es:1 Pl:12 Pt:06;03503;2292501YH5629S0084PY;2;1;37.00;03/03/2022;-0.106654;38.534354
CV-VUT0322574-A;CL BERLIN, 2, Es:1 Pl:14 Pt:01;03503;2292501YH5629S0092GA;2;1;42.00;17/05/2018;-0.106654;38.534354
CV-VUT0463653-A;CL BERLIN, 2, Es:1 Pl:14 Pt:06;03503;2292501YH5629S0096LG;2;1;37.00;12/02/2018;-0.106654;38.534354
CV-VUT0321940-A;CL BERLIN, 2, Es:1 Pl:15 Pt:04;03503;2292501YH5629S0100XK;2;1;36.00;28/06/2016;-0.106654;38.534354
CV-VUT0476494-A;CL BERLIN, 2, Es:1 Pl:16 Pt:03;03503;2292501YH5629S0105RM;2;1;35.00;07/06/2019;-0.106654;38.534354
CV-VUT0518519-A;CL BERLIN, 2, Es:1 Pl:18 Pt:05;03503;2292501YH5629S0119GA;2;1;34.00;22/09/2025;-0.106654;38.534354
CV-VUT0486058-A;CL BERLIN, 2, Es:1 Pl:19 Pt:02;03503;2292501YH5629S0122GA;2;1;43.00;14/05/2021;-0.106654;38.534354
CV-VUT0462047-A;C SIERRA DORADA, 3C Bl:1 Pl:7 Pt:B;03503;2791957YH5629S0042ZX;2;1;;27/12/2017;-0.102373;38.533229
CV-VUT0461507-A;CL SIERRA DORADA, 3C, Es:1 Pl:03 Pt:B;03503;2791957YH5629S0010ZX;4;2;77.00;19/12/2017;-0.102373;38.533229
CV-VUT0449082-A;CL SIERRA DORADA, 3C, Es:1 Pl:05 Pt:B;03503;2791957YH5629S0026AS;2;1;77.00;19/07/2016;-0.102373;38.533229
CV-VUT0494822-A;CL SIERRA DORADA, 3C, Es:1 Pl:06 Pt:B;03503;2791957YH5629S0034HJ;2;1;77.00;01/02/2023;-0.102373;38.533229
CV-VUT0513722-A;CL SIERRA DORADA, 3C, Es:1 Pl:07 Pt:D;03503;2791957YH5629S0044MQ;2;1;86.00;14/01/2025;-0.102373;38.533229
CV-VUT0476396-A;CL SIERRA DORADA, 3C, Es:1 Pl:10 Pt:C;03503;2791957YH5629S0059SD;2; ;80.00;04/06/2019;-0.102373;38.533229
CV-VUT0500871-A;CL SIERRA DORADA, 3C, Es:1 Pl:10 Pt:D;03503;2791957YH5629S0060PA;2;1;86.00;16/08/2023;-0.102373;38.533229
CV-VUT0477783-A;CL SIERRA DORADA, 3C, Es:1 Pl:11 Pt:B;03503;2791957YH5629S0066HJ;2;1;77.00;24/07/2019;-0.102373;38.533229
CV-VUT0323082-A;CL SIERRA DORADA, 3C, Es:1 Pl:13 Pt:A;03503;2791957YH5629S0081WE;4;2;130.00;14/07/2019;-0.102373;38.533229
CV-VUT0460376-A;CL SIERRA DORADA, 3C, Es:1 Pl:13 Pt:B;03503;2791957YH5629S0082ER;3;2;77.00;27/11/2017;-0.102373;38.533229
CV-VUT0462571-A;CL SIERRA DORADA, 3C, Es:1 Pl:13 Pt:D;03503;2791957YH5629S0084TY;2;1;86.00;11/01/2018;-0.102373;38.533229
CV-VUT0475144-A;CL SIERRA DORADA, 3C, Es:1 Pl:14 Pt:B;03503;2791957YH5629S0090IO;2;1;77.00;11/04/2019;-0.102373;38.533229
CV-VUT0453788-A;CL SIERRA DORADA, 3C, Es:1 Pl:15 Pt:B;03503;2791957YH5629S0098HJ;6;3;77.00;22/03/2017;-0.102373;38.533229
CV-VUT0321766-A;CL SIERRA DORADA, 3C, Es:1 Pl:15 Pt:C;03503;2791957YH5629S0099JK;2;1;80.00;06/07/2015;-0.102373;38.533229
CV-VUT0321767-A;CL SIERRA DORADA, 3C, Es:1 Pl:17 Pt:C;03503;2791957YH5629S0115YU;2;1;80.00;07/07/2015;-0.102373;38.533229
CV-VUT0464385-A;CL SIERRA DORADA, 3C, Es:1 Pl:17 Pt:D;03503;2791957YH5629S0116UI;4;2;86.00;06/03/2018;-0.102373;38.533229
CV-VUT0519743-A;CL SIERRA DORADA, 3C, Es:1 Pl:19 Pt:O;03503;2791957YH5629S0122PA;4;2;119.00;13/01/2026;-0.102373;38.533229
CV-VUT0502929-A;CL SIERRA DORADA, 3C, Es:1 Pl:23 Pt:O;03503;2791957YH5629S0146TY;4;2;119.00;08/11/2023;-0.102373;38.533229
CV-VUT0462474-A;CL SIERRA DORADA, 3C, Es:1 Pl:24 Pt:A;03503;2791957YH5629S0151UI;4;2;130.00;10/01/2018;-0.102373;38.533229
CV-VUT0462475-A;CL SIERRA DORADA, 3C, Es:1 Pl:24 Pt:O;03503;2791957YH5629S0152IO;4;2;119.00;10/01/2018;-0.102373;38.533229
CV-VUT0489056-A;CL SIERRA DORADA, 3C, Es:1 Pl:28 Pt:P;03503;2791957YH5629S0173MQ;4;2;127.00;17/03/2022;-0.102373;38.533229
CV-VUT0515413-A;CL SIERRA DORADA, 3C, Es:2 Pl:07 Pt:E;03503;2791957YH5629S0045QW;3;2;87.00;27/03/2025;-0.102373;38.533229
CV-VUT0462569-A;CL SIERRA DORADA, 3C, Es:2 Pl:12 Pt:F;03503;2791957YH5629S0078WE;2;1;81.00;11/01/2018;-0.102373;38.533229
CV-VUT0462570-A;CL SIERRA DORADA, 3C, Es:2 Pl:12 Pt:G;03503;2791957YH5629S0079ER;2;1;78.00;11/01/2018;-0.102373;38.533229
CV-VUT0522864-A;CL SIERRA DORADA, 3C, Es:2 Pl:13 Pt:F;03503;2791957YH5629S0086UI;2;1;80.00;25/09/2026;-0.102373;38.533229
CV-VUT0462568-A;CL SIERRA DORADA, 3C, Es:2 Pl:14 Pt:F;03503;2791957YH5629S0094SD;2;1;80.00;11/01/2018;-0.102373;38.533229
CV-VUT0323967-A;CL SIERRA DORADA, 3C, Es:2 Pl:15 Pt:E;03503;2791957YH5629S0101KL;2;1;86.00;26/04/2023;-0.102373;38.533229
CV-VUT0322259-A;CL SIERRA DORADA, 3C, Es:2 Pl:16 Pt:G;03503;2791957YH5629S0111WE;2;1;77.00;03/08/2017;-0.102373;38.533229
CV-VUT0476407-A;CL SIERRA DORADA, 3C, Es:2 Pl:17 Pt:G;03503;2791957YH5629S0119PA;2;1;77.00;05/06/2019;-0.102373;38.533229
CV-VUT0503419-A;CL SIERRA DORADA, 3C, Es:2 Pl:17 Pt:H;03503;2791957YH5629S0120IO;4;2;129.00;24/11/2023;-0.102373;38.533229
CV-VUT0497835-A;CL SIERRA DORADA, 3C, Es:2 Pl:22 Pt:R;03503;2791957YH5629S0143WE;2;1;120.00;10/05/2023;-0.102373;38.533229
CV-VUT0324255-A;CL SIERRA DORADA, 3C, Es:2 Pl:26 Pt:R;03503;2791957YH5629S0167BZ;4;2;120.00;08/04/2024;-0.102373;38.533229
CV-VUT0471324-A;CL SIERRA DORADA, 3C, Es:2 Pl:27 Pt:J;03503;2791957YH5629S0172XM;6;3;336.00;22/10/2018;-0.102373;38.533229
CV-VUT0470120-A;CL ACTOR TONY LEBLANC, 1, Es:1 Pl:00 Pt:42;03503;2599501YH5629N0042FF;6;3;146.00;30/07/2018;-0.103464;38.541485
CV-VUT0321740-A;CL ACTOR TONY LEBLANC, 8, Es:1 Pl:00 Pt:20;03503;2897702YH2629N0021TO;5;3;129.00;21/05/2015;-0.101191;38.538625
CV-VUT0322314-A;CL ALCALDE MANUEL CATALAN CH, 1, Es:1 Pl:01 Pt:A1;03503;2200703YH5629S0006WZ;4;2;99.00;19/09/2017;-0.106866;38.532385
CV-VUT0486189-A;CL ALCALDE MANUEL CATALAN CH, 1, Es:1 Pl:02 Pt:A;03503;2200703YH5629S0015IR;4;2;96.00;25/05/2021;-0.106866;38.532385
CV-VUT0519094-A;CL ALCALDE MANUEL CATALAN CH, 1, Es:1 Pl:02 Pt:B1;03503;2200703YH5629S0013YW;2;1;76.00;17/10/2025;-0.106866;38.532385
CV-VUT0472210-A;CL ALCALDE MANUEL CATALAN CH, 1, Es:1 Pl:02 Pt:C1;03503;2200703YH5629S0014UE;6;3;71.00;26/11/2018;-0.106866;38.532385
CV-VUT0003426-A;CL ALCALDE MANUEL CATALAN CH, 1, Es:1 Pl:03 Pt:B;03503;2200703YH5629S0022SI;2;1;76.00;05/10/1993;-0.106866;38.532385
CV-VUT0463755-A;CL ALCALDE MANUEL CATALAN CH, 1, Es:1 Pl:03 Pt:D;03503;2200703YH5629S0024FP;2;1;78.00;14/02/2018;-0.106866;38.532385
CV-VUT0463756-A;CL ALCALDE MANUEL CATALAN CH, 1, Es:1 Pl:04 Pt:D;03503;2200703YH5629S0031KF;2;1;78.00;14/02/2018;-0.106866;38.532385
CV-VUT0322315-A;CL ALCALDE MANUEL CATALAN CH, 1, Es:1 Pl:05 Pt:B1;03503;2200703YH5629S0033BH;2;1;76.00;19/09/2017;-0.106866;38.532385
CV-VUT0463757-A;CL ALCALDE MANUEL CATALAN CH, 1, Es:1 Pl:05 Pt:D;03503;2200703YH5629S0038WZ;2;1;78.00;14/02/2018;-0.106866;38.532385
CV-VUT0522484-A;CL ALCALDE MANUEL CATALAN CH, 1, Es:1 Pl:06 Pt:C1;03503;2200703YH5629S0041WZ;2;1;71.00;07/08/2026;-0.106866;38.532385
CV-VUT0471702-A;CL ALCALDE MANUEL CATALAN CH, 1, Es:1 Pl:06 Pt:D;03503;2200703YH5629S0045YW;2;1;78.00;14/02/2018;-0.106866;38.532385
CV-VUT0323926-A;CL ALCALDE MANUEL CATALAN CH, 1, Es:1 Pl:07 Pt:A1;03503;2200703YH5629S0046UE;4;2;99.00;11/03/2023;-0.106866;38.532385
CV-VUT0463760-A;CL ALCALDE MANUEL CATALAN CH, 1, Es:1 Pl:07 Pt:D;03503;2200703YH5629S0052PY;2;1;78.00;14/02/2018;-0.106866;38.532385
CV-VUT0483213-A;CL ALCALDE MANUEL CATALAN CH, 1, Es:1 Pl:08 Pt:C;03503;2200703YH5629S0058HS;6;3;144.00;09/09/2020;-0.106866;38.532385
CV-VUT0466836-A;CL ALCALDE MANUEL CATALAN CH, 1, Es:1 Pl:09 Pt:B1;03503;2200703YH5629S0061HS;2;1;76.00;16/05/2018;-0.106866;38.532385
CV-VUT0513829-A;CL ALCALDE MANUEL CATALAN CH, 1, Es:1 Pl:09 Pt:C1;03503;2200703YH5629S0062JD;2;1;71.00;21/01/2025;-0.106866;38.532385
CV-VUT0480558-A;CL ALCALDE MANUEL CATALAN CH, 1, Es:1 Pl:10 Pt:B;03503;2200703YH5629S0071ML;2;1;76.00;10/01/2020;-0.106866;38.532385
CV-VUT0522608-A;CL ALCALDE MANUEL CATALAN CH, 1, Es:1 Pl:10 Pt:B1;03503;2200703YH5629S0068ML;2;1;76.00;26/08/2026;-0.106866;38.532385
CV-VUT0485580-A;CL ALCALDE MANUEL CATALAN CH, 1, Es:1 Pl:14 Pt:A1;03503;2200703YH5629S0095KF;4;2;99.00;07/04/2021;-0.106866;38.532385
CV-VUT0324235-A;CL ALCALDE MANUEL CATALAN CH, 1, Es:1 Pl:16 Pt:B1;03503;2200703YH5629S0110YW;2;1;76.00;01/03/2024;-0.106866;38.532385
CV-VUT0322956-A;CL ALCALDE MANUEL CATALAN CH, 1, Es:1 Pl:18 Pt:A;03503;2200703YH5629S0126LG;4;2;96.00;05/04/2019;-0.106866;38.532385
CV-VUT0494962-A;CL ALCALDE MANUEL CATALAN CH, 1, Es:1 Pl:18 Pt:A1;03503;2200703YH5629S0123HS;4;2;99.00;06/02/2023;-0.106866;38.532385
CV-VUT0517855-A;CL ALCALDE MANUEL CATALAN CH, 1, Es:1 Pl:22 Pt:A1;03503;2200703YH5629S0151SI;4;2;99.00;24/07/2025;-0.106866;38.532385
CV-VUT0476677-A;CL ALCALDE MANUEL CATALAN CH, 10, Es:1 Pl:01 Pt:04;03503;2290706YH5628N0011QZ;4;2;47.00;12/06/2019;-0.106785;38.532024
CV-VUT0517768-A;CL ALCALDE MANUEL CATALAN CH, 10, Es:1 Pl:01 Pt:07;03503;2290706YH5628N0014RQ;2;0;36.00;15/07/2025;-0.106785;38.532024
CV-VUT0320847-A;CL ALCALDE MANUEL CATALAN CH, 10, Es:1 Pl:01 Pt:13;03503;2290706YH5628N0020UR;4;2;77.00;09/03/2009;-0.106785;38.532024
CV-VUT0324092-A;CL ALCALDE MANUEL CATALAN CH, 10, Es:1 Pl:02 Pt:05;03503;2290706YH5628N0025SO;2;1;42.00;13/10/2023;-0.106785;38.532024
CV-VUT0463362-A;CL ALCALDE MANUEL CATALAN CH, 10, Es:1 Pl:02 Pt:16;03503;2290706YH5628N0036BJ;2;1;41.00;02/02/2018;-0.106785;38.532024
CV-VUT0493459-A;CL ALCALDE MANUEL CATALAN CH, 10, Es:1 Pl:03 Pt:01;03503;2290706YH5628N0039MB;2;1;41.00;18/11/2022;-0.106785;38.532024
CV-VUT0463363-A;CL ALCALDE MANUEL CATALAN CH, 10, Es:1 Pl:03 Pt:05;03503;2290706YH5628N0043QZ;2;1;42.00;02/02/2018;-0.106785;38.532024
CV-VUT0487193-A;CL ALCALDE MANUEL CATALAN CH, 10, Es:1 Pl:03 Pt:08;03503;2290706YH5628N0046RQ;2;1;48.00;10/08/2021;-0.106785;38.532024
CV-VUT0464291-A;CL ALCALDE MANUEL CATALAN CH, 10, Es:1 Pl:04 Pt:05;03503;2290706YH5628N0061DP;4;2;45.00;01/03/2018;-0.106785;38.532024
CV-VUT0463365-A;CL ALCALDE MANUEL CATALAN CH, 10, Es:1 Pl:04 Pt:15;03503;2290706YH5628N0071BJ;2;1;44.00;02/02/2018;-0.106785;38.532024
CV-VUT0463366-A;CL ALCALDE MANUEL CATALAN CH, 10, Es:1 Pl:05 Pt:02;03503;2290706YH5628N0073XL;2;1;45.00;02/02/2018;-0.106785;38.532024
CV-VUT0463367-A;CL ALCALDE MANUEL CATALAN CH, 10, Es:1 Pl:05 Pt:04;03503;2290706YH5628N0075QZ;2;1;41.00;02/02/2018;-0.106785;38.532024
CV-VUT0463368-A;CL ALCALDE MANUEL CATALAN CH, 10, Es:1 Pl:05 Pt:05;03503;2290706YH5628N0076WX;2;1;41.00;02/02/2018;-0.106785;38.532024
CV-VUT0463370-A;CL ALCALDE MANUEL CATALAN CH, 10, Es:1 Pl:05 Pt:06;03503;2290706YH5628N0077EM;2;1;41.00;02/02/2018;-0.106785;38.532024
CV-VUT0463371-A;CL ALCALDE MANUEL CATALAN CH, 10, Es:1 Pl:05 Pt:07;03503;2290706YH5628N0078RQ;2;1;44.00;02/02/2018;-0.106785;38.532024
CV-VUT0477248-A;CL ALCALDE MANUEL CATALAN CH, 11, Es:1 Pl:00 Pt:E;03503;2481017YH5628N0057PO;2;1;58.00;04/07/2019;-0.107440;38.530072
CV-VUT0324126-A;CL ALCALDE MANUEL CATALAN CH, 11, Es:1 Pl:01 Pt:H;03503;2481017YH5628N0012MX;2;1;67.00;10/11/2023;-0.107440;38.530072
CV-VUT0475141-A;CL ALCALDE MANUEL CATALAN CH, 11, Es:1 Pl:02 Pt:B;03503;2481017YH5628N0014WQ;4;2;58.00;11/04/2019;-0.107440;38.530072
CV-VUT0323443-A;CL ALCALDE MANUEL CATALAN CH, 11, Es:1 Pl:02 Pt:C;03503;2481017YH5628N0015EW;2;1;58.00;13/11/2020;-0.107440;38.530072
CV-VUT0485162-A;CL ALCALDE MANUEL CATALAN CH, 11, Es:1 Pl:02 Pt:C;03503;2481017YH5628N0016RE;2;1;58.00;25/02/2021;-0.107440;38.530072
CV-VUT0324122-A;CL ALCALDE MANUEL CATALAN CH, 11, Es:1 Pl:02 Pt:E;03503;2481017YH5628N0017TR;2;1;58.00;10/11/2023;-0.107440;38.530072
CV-VUT0450166-A;CL ALCALDE MANUEL CATALAN CH, 11, Es:1 Pl:03 Pt:G;03503;2481017YH5628N0027SA;2;1;58.00;07/09/2016;-0.107440;38.530072
CV-VUT0450167-A;CL ALCALDE MANUEL CATALAN CH, 11, Es:1 Pl:03 Pt:H;03503;2481017YH5628N0028DS;6;3;67.00;07/09/2016;-0.107440;38.530072
CV-VUT0324120-A;CL ALCALDE MANUEL CATALAN CH, 11, Es:1 Pl:04 Pt:F;03503;2481017YH5628N0034HG;2;1;58.00;10/11/2023;-0.107440;38.530072
CV-VUT0485010-A;CL ALCALDE MANUEL CATALAN CH, 11, Es:1 Pl:05 Pt:C;03503;2481017YH5628N0039ZB;2;1;58.00;16/02/2021;-0.107440;38.530072
CV-VUT0324123-A;CL ALCALDE MANUEL CATALAN CH, 11, Es:1 Pl:05 Pt:G;03503;2481017YH5628N0043XZ;2;1;58.00;10/11/2023;-0.107440;38.530072
CV-VUT0323695-A;CL ALCALDE MANUEL CATALAN CH, 11, Es:1 Pl:06 Pt:C;03503;2481017YH5628N0047EW;2;1;58.00;27/05/2022;-0.107440;38.530072
CV-VUT0322460-A;CL ALCALDE MANUEL CATALAN CH, 11, Es:1 Pl:06 Pt:E;03503;2481017YH5628N0049TR;2;1;58.00;14/03/2018;-0.107440;38.530072
CV-VUT0522610-A;CL ALCALDE MANUEL CATALAN CH, 11, Es:1 Pl:07 Pt:C;03503;2481017YH5628N0055IU;2;1;58.00;26/08/2026;-0.107440;38.530072
CV-VUT0515399-A;CL ALCALDE MANUEL CATALAN CH, 11, Es:1 Pl:07 Pt:H;03503;2481017YH5628N0060PO;2;1;67.00;27/03/2025;-0.107440;38.530072
CV-VUT0457535-A;CL ALCALDE MANUEL CATALAN CH, 11, Es:1 Pl:08 Pt:D;03503;2481017YH5628N0064FD;4;2;58.00;26/07/2017;-0.107440;38.530072
CV-VUT0450165-A;CL ALCALDE MANUEL CATALAN CH, 11, Es:1 Pl:09 Pt:B;03503;2481017YH5628N0070JH;2;1;58.00;07/09/2016;-0.107440;38.530072
CV-VUT0462679-A;CL ALCALDE MANUEL CATALAN CH, 11, Es:1 Pl:10 Pt:A;03503;2481017YH5628N0077QM;4;2;67.00;16/01/2018;-0.107440;38.530072
CV-VUT0494794-A;CL ALCALDE MANUEL CATALAN CH, 11, Es:1 Pl:10 Pt:B;03503;2481017YH5628N0078WQ;2;1;58.00;31/01/2023;-0.107440;38.530072
CV-VUT0461086-A;CL ALCALDE MANUEL CATALAN CH, 11, Es:1 Pl:11 Pt:C;03503;2481017YH5628N0087IU;4;2;58.00;07/12/2017;-0.107440;38.530072
CV-VUT0477155-A;CL ALCALDE MANUEL CATALAN CH, 11, Es:1 Pl:11 Pt:G;03503;2481017YH5628N0091OI;2;1;58.00;02/07/2019;-0.107440;38.530072
CV-VUT0491816-A;CL ALCALDE MANUEL CATALAN CH, 11, Es:1 Pl:12 Pt:D;03503;2481017YH5628N0096FD;2;1;58.00;10/08/2022;-0.107440;38.530072
CV-VUT0457582-A;CL ALCALDE MANUEL CATALAN CH, 11, Es:1 Pl:13 Pt:B;03503;2481017YH5628N0102LK;2;1;58.00;27/07/2017;-0.107440;38.530072
CV-VUT0510454-A;CL ALCALDE MANUEL CATALAN CH, 11, Es:1 Pl:13 Pt:F;03503;2481017YH5628N0106MX;2;1;58.00;23/07/2024;-0.107440;38.530072
CV-VUT0462433-A;CL ALCALDE MANUEL CATALAN CH, 11, Es:1 Pl:14 Pt:D;03503;2481017YH5628N0112EW;4;2;58.00;09/01/2018;-0.107440;38.530072
CV-VUT0452438-A;CL ALCALDE MANUEL CATALAN CH, 11, Es:1 Pl:14 Pt:D;03503;2481017YH5628N0112EW;8;5;58.00;16/01/2017;-0.107440;38.530072
CV-VUT0522609-A;CL ALCALDE MANUEL CATALAN CH, 11, Es:1 Pl:14 Pt:F;03503;2481017YH5628N0114TR;2;1;58.00;26/08/2026;-0.107440;38.530072
CV-VUT0003419-A;CL ALCALDE MANUEL CATALAN CH, 11, Es:1 Pl:16 Pt:B;03503;2481017YH5628N0126FD;2;1;58.00;05/10/1993;-0.107440;38.530072
CV-VUT0461479-A;CL ALCALDE MANUEL CATALAN CH, 11, Es:1 Pl:17 Pt:A;03503;2481017YH5628N0133KJ;4;2;67.00;18/12/2017;-0.107440;38.530072
CV-VUT0322697-A;CL ALCALDE MANUEL CATALAN CH, 11, Es:1 Pl:18 Pt:D;03503;2481017YH5628N0144EW;4;2;58.00;22/06/2018;-0.107440;38.530072
CV-VUT0522769-A;CL ALCALDE MANUEL CATALAN CH, 11, Es:1 Pl:18 Pt:E;03503;2481017YH5628N0145RE;2;1;58.00;17/09/2026;-0.107440;38.530072
CV-VUT0324127-A;CL ALCALDE MANUEL CATALAN CH, 11, Es:1 Pl:18 Pt:G;03503;2481017YH5628N0147YT;2;1;58.00;10/11/2023;-0.107440;38.530072
CV-VUT0324180-A;CL ALCALDE MANUEL CATALAN CH, 11, Es:1 Pl:18 Pt:H;03503;2481017YH5628N0148UY;2;1;67.00;06/02/2024;-0.107440;38.530072
CV-VUT0448263-A;CL ALCALDE MANUEL CATALAN CH, 11, Es:1 Pl:19 Pt:D;03503;2481017YH5628N0152IU;2;1;58.00;17/06/2016;-0.107440;38.530072
CV-VUT0457534-A;CL ALCALDE MANUEL CATALAN CH, 11, Es:1 Pl:20 Pt:E;03503;2481017YH5628N0161FD;2;1;58.00;26/07/2017;-0.107440;38.530072
CV-VUT0522394-A;CL ALCALDE MANUEL CATALAN CH, 11, Es:1 Pl:20 Pt:G;03503;2481017YH5628N0163HG;2;1;58.00;28/07/2026;-0.107440;38.530072
CV-VUT0324251-A;CL ALCALDE MANUEL CATALAN CH, 11, Es:1 Pl:20 Pt:H;03503;2481017YH5628N0164JH;4;2;67.00;27/03/2024;-0.107440;38.530072
CV-VUT0521433-A;CL ALCALDE MANUEL CATALAN CH, 11, Es:1 Pl:22 Pt:C;03503;2481017YH5628N0175WQ;4;2;58.00;15/05/2026;-0.107440;38.530072
CV-VUT0451346-A;CL ALCALDE MANUEL CATALAN CH, 11, Es:1 Pl:22 Pt:D;03503;2481017YH5628N0176EW;4;2;58.00;18/11/2016;-0.107440;38.530072
CV-VUT0323724-A;CL ALCALDE MANUEL CATALAN CH, 11, Es:1 Pl:23 Pt:C;03503;2481017YH5628N0183UY;2;1;58.00;01/07/2022;-0.107440;38.530072
CV-VUT0485008-A;CL ALCALDE MANUEL CATALAN CH, 11, Es:1 Pl:24 Pt:C;03503;2481017YH5628N0191SA;2;1;58.00;16/02/2021;-0.107440;38.530072
CV-VUT0321970-A;CL ALCALDE MANUEL CATALAN CH, 11, Es:1 Pl:24 Pt:E;03503;2481017YH5628N0193FD;2;1;58.00;12/07/2016;-0.107440;38.530072
CV-VUT0513019-A;CL ALCALDE MANUEL CATALAN CH, 11, Es:1 Pl:25 Pt:EF;03503;2481017YH5628N0200BL;2;1;62.00;27/11/2024;-0.107440;38.530072
CV-VUT0480250-A;CL ALCALDE MANUEL CATALAN CH, 11, Es:1 Pl:25 Pt:H;03503;2481017YH5628N0202XZ;3;2;67.00;12/12/2019;-0.107440;38.530072
CV-VUT0323002-A;CL ALCALDE MANUEL CATALAN CH, 13A, Es:1 Pl:04 Pt:0C;03503;2389518YH5628N0010YB;2;1;58.00;14/05/2019;-0.107598;38.529927
CV-VUT0321843-A;CL ALCALDE MANUEL CATALAN CH, 13A, Es:1 Pl:07 Pt:0A;03503;2389518YH5628N0017DR;4;2;57.00;15/02/2016;-0.107598;38.529927
CV-VUT0476577-A;CL ALCALDE MANUEL CATALAN CH, 13A, Es:1 Pl:09 Pt:0C;03503;2389518YH5628N0025KO;2;1;58.00;10/06/2019;-0.107598;38.529927
CV-VUT0476970-A;CL ALCALDE MANUEL CATALAN CH, 14, Es:1 Pl:04 Pt:B;03503;2288403YH5628N0040PK;4;2;98.00;27/06/2019;-0.107097;38.531119
CV-VUT0485787-A;CL ALCALDE MANUEL CATALAN CH, 14, Es:1 Pl:06 Pt:A;03503;2288403YH5628N0043DZ;4;2;98.00;23/04/2021;-0.107097;38.531119
CV-VUT0485776-A;CL ALCALDE MANUEL CATALAN CH, 14, Es:1 Pl:08 Pt:B;03503;2288403YH5628N0049LR;2;1;55.00;23/04/2021;-0.107097;38.531119
CV-VUT0470837-A;CL ALCALDE MANUEL CATALAN CH, 14, Es:1 Pl:12 Pt:B;03503;2288403YH5628N0058WP;6;3;98.00;25/09/2018;-0.107097;38.531119
CV-VUT0445065-A;CL ALCALDE MANUEL CATALAN CH, 15, Es:1 Pl:09 Pt:DR;03503;2389515YH5628N0019AY;6;3;107.00;18/12/2015;-0.107859;38.529618
CV-VUT0445064-A;CL ALCALDE MANUEL CATALAN CH, 15, Es:1 Pl:09 Pt:IZ;03503;2389515YH5628N0020OR;6;3;107.00;18/12/2015;-0.107859;38.529618
CV-VUT0445066-A;CL ALCALDE MANUEL CATALAN CH, 15, Es:1 Pl:10 Pt:DR;03503;2389515YH5628N0021PT;6;3;107.00;18/12/2015;-0.107859;38.529618
CV-VUT0322134-A;CL ALCALDE MANUEL CATALAN CH, 15, Es:1 Pl:10 Pt:IZ;03503;2389515YH5628N0022AY;4;2;107.00;04/04/2017;-0.107859;38.529618
CV-VUT0445067-A;CL ALCALDE MANUEL CATALAN CH, 15, Es:1 Pl:11 Pt:DR;03503;2389515YH5628N0023SU;6;3;107.00;18/12/2015;-0.107859;38.529618
CV-VUT0445069-A;CL ALCALDE MANUEL CATALAN CH, 15, Es:1 Pl:12 Pt:DR;03503;2389515YH5628N0025FO;6;3;107.00;18/12/2015;-0.107859;38.529618
CV-VUT0445068-A;CL ALCALDE MANUEL CATALAN CH, 15, Es:1 Pl:12 Pt:IZ;03503;2389515YH5628N0026GP;6;3;107.00;18/12/2015;-0.107859;38.529618
CV-VUT0445070-A;CL ALCALDE MANUEL CATALAN CH, 15, Es:1 Pl:13 Pt:IZ;03503;2389515YH5628N0028JS;6;3;107.00;18/12/2015;-0.107859;38.529618
CV-VUT0445071-A;CL ALCALDE MANUEL CATALAN CH, 15, Es:1 Pl:14 Pt:IZ;03503;2389515YH5628N0030HA;6;3;107.00;18/12/2015;-0.107859;38.529618
CV-VUT0445072-A;CL ALCALDE MANUEL CATALAN CH, 15, Es:1 Pl:15 Pt:IZ;03503;2389515YH5628N0032KD;6;3;107.00;18/12/2015;-0.107859;38.529618
CV-VUT0445074-A;CL ALCALDE MANUEL CATALAN CH, 15, Es:1 Pl:16 Pt:DR;03503;2389515YH5628N0033LF;6;3;107.00;18/12/2015;-0.107859;38.529618
CV-VUT0445073-A;CL ALCALDE MANUEL CATALAN CH, 15, Es:1 Pl:16 Pt:IZ;03503;2389515YH5628N0034BG;6;3;107.00;18/12/2015;-0.107859;38.529618
CV-VUT0445077-A;CL ALCALDE MANUEL CATALAN CH, 15, Es:1 Pl:17 Pt:DR;03503;2389515YH5628N0035ZH;6;3;107.00;18/12/2015;-0.107859;38.529618
CV-VUT0445075-A;CL ALCALDE MANUEL CATALAN CH, 15, Es:1 Pl:17 Pt:IZ;03503;2389515YH5628N0036XJ;6;3;107.00;18/12/2015;-0.107859;38.529618
CV-VUT0445079-A;CL ALCALDE MANUEL CATALAN CH, 15, Es:1 Pl:18 Pt:DR;03503;2389515YH5628N0037MK;6;3;107.00;18/12/2015;-0.107859;38.529618
CV-VUT0445078-A;CL ALCALDE MANUEL CATALAN CH, 15, Es:1 Pl:18 Pt:IZ;03503;2389515YH5628N0038QL;6;3;107.00;18/12/2015;-0.107859;38.529618
CV-VUT0445081-A;CL ALCALDE MANUEL CATALAN CH, 15, Es:1 Pl:19 Pt:DR;03503;2389515YH5628N0039WB;6;3;107.00;18/12/2015;-0.107859;38.529618
CV-VUT0445080-A;CL ALCALDE MANUEL CATALAN CH, 15, Es:1 Pl:19 Pt:IZ;03503;2389515YH5628N0040MK;6;3;107.00;18/12/2015;-0.107859;38.529618
CV-VUT0445082-A;CL ALCALDE MANUEL CATALAN CH, 15, Es:1 Pl:20 Pt:IZ;03503;2389515YH5628N0042WB;6;3;107.00;18/12/2015;-0.107859;38.529618
CV-VUT0321572-A;CL ALCALDE MANUEL CATALAN CH, 18, Es:1 Pl:01 Pt:A;03503;2288408YH5628N0067UH;4;2;90.00;03/06/2013;-0.107447;38.530499
CV-VUT0323816-A;CL ALCALDE MANUEL CATALAN CH, 18, Es:1 Pl:01 Pt:D;03503;2288408YH5628N0070UH;4;2;91.00;01/10/2022;-0.107447;38.530499
CV-VUT0435812-A;CL ALCALDE MANUEL CATALAN CH, 18, Es:1 Pl:02 Pt:A;03503;2288408YH5628N0071IJ;4;2;90.00;03/02/2011;-0.107447;38.530499
CV-VUT0435813-A;CL ALCALDE MANUEL CATALAN CH, 18, Es:1 Pl:02 Pt:B;03503;2288408YH5628N0072OK;4;2;87.00;03/02/2011;-0.107447;38.530499
CV-VUT0435814-A;CL ALCALDE MANUEL CATALAN CH, 18, Es:1 Pl:02 Pt:C;03503;2288408YH5628N0073PL;4;2;87.00;03/02/2011;-0.107447;38.530499
CV-VUT0321853-A;CL ALCALDE MANUEL CATALAN CH, 18, Es:1 Pl:02 Pt:D;03503;2288408YH5628N0074AB;4;2;91.00;04/03/2016;-0.107447;38.530499
CV-VUT0505758-A;CL ALCALDE MANUEL CATALAN CH, 18, Es:1 Pl:03 Pt:D;03503;2288408YH5628N0078GQ;2;1;91.00;26/02/2024;-0.107447;38.530499
CV-VUT0516061-A;CL ALCALDE MANUEL CATALAN CH, 18, Es:1 Pl:04 Pt:B;03503;2288408YH5628N0080FM;4;2;87.00;21/04/2025;-0.107447;38.530499
CV-VUT0504974-A;CL ALCALDE MANUEL CATALAN CH, 18, Es:1 Pl:04 Pt:C;03503;2288408YH5628N0081GQ;2;1;87.00;31/01/2024;-0.107447;38.530499
CV-VUT0516062-A;CL ALCALDE MANUEL CATALAN CH, 18, Es:1 Pl:04 Pt:D;03503;2288408YH5628N0082HW;4;2;91.00;21/04/2025;-0.107447;38.530499
CV-VUT0489704-A;CL ALCALDE MANUEL CATALAN CH, 18, Es:1 Pl:05 Pt:B;03503;2288408YH5628N0084KR;4;2;87.00;29/04/2022;-0.107447;38.530499
CV-VUT0320804-A;CL ALCALDE MANUEL CATALAN CH, 18, Es:1 Pl:06 Pt:C;03503;2288408YH5628N0089MO;2;1;87.00;31/07/2008;-0.107447;38.530499
CV-VUT0320805-A;CL ALCALDE MANUEL CATALAN CH, 18, Es:1 Pl:06 Pt:D;03503;2288408YH5628N0090ZU;2;1;91.00;31/07/2008;-0.107447;38.530499
CV-VUT0506143-A;CL ALCALDE MANUEL CATALAN CH, 18, Es:1 Pl:07 Pt:B;03503;2288408YH5628N0092MO;2;1;87.00;11/03/2024;-0.107447;38.530499
CV-VUT0517865-A;CL ALCALDE MANUEL CATALAN CH, 18, Es:1 Pl:08 Pt:B;03503;2288408YH5628N0096RD;4;2;87.00;24/07/2025;-0.107447;38.530499
CV-VUT0506142-A;CL ALCALDE MANUEL CATALAN CH, 18, Es:1 Pl:09 Pt:C;03503;2288408YH5628N0101IJ;2;1;87.00;11/03/2024;-0.107447;38.530499
CV-VUT0435816-A;CL ALCALDE MANUEL CATALAN CH, 18, Es:1 Pl:10 Pt:A;03503;2288408YH5628N0103PL;4;2;90.00;03/02/2011;-0.107447;38.530499
CV-VUT0435817-A;CL ALCALDE MANUEL CATALAN CH, 18, Es:1 Pl:10 Pt:B;03503;2288408YH5628N0104AB;4;2;87.00;03/02/2011;-0.107447;38.530499
CV-VUT0435818-A;CL ALCALDE MANUEL CATALAN CH, 18, Es:1 Pl:10 Pt:C;03503;2288408YH5628N0105SZ;4;2;87.00;03/02/2011;-0.107447;38.530499
CV-VUT0321854-A;CL ALCALDE MANUEL CATALAN CH, 18, Es:1 Pl:10 Pt:D;03503;2288408YH5628N0106DX;4;2;91.00;04/03/2016;-0.107447;38.530499
CV-VUT0321855-A;CL ALCALDE MANUEL CATALAN CH, 18, Es:1 Pl:11 Pt:C;03503;2288408YH5628N0108GQ;4;2;87.00;04/03/2016;-0.107447;38.530499
CV-VUT0321856-A;CL ALCALDE MANUEL CATALAN CH, 18, Es:1 Pl:11 Pt:E;03503;2288408YH5628N0107FM;4;2;86.00;04/03/2016;-0.107447;38.530499
CV-VUT0490299-A;CL ALCALDE MANUEL CATALAN CH, 22, Es:1 Pl:00 Pt:05;03503;2288405YH5628N0005TK;1;1;52.00;25/05/2022;-0.107694;38.530255
CV-VUT0445325-A;CL ALCALDE MANUEL CATALAN CH, 22, Es:1 Pl:05 Pt:01;03503;2288405YH5628N0023JU;4;2;103.00;13/01/2016;-0.107694;38.530255
CV-VUT0322893-A;CL ALCALDE MANUEL CATALAN CH, 24, Es:1 Pl:02 Pt:D;03503;2288406YH5628N0011JZ;4;2;120.00;08/09/2017;-0.108231;38.529590
CV-VUT0321803-A;CL ALCALDE MANUEL CATALAN CH, 24, Es:1 Pl:05 Pt:D;03503;2288406YH5628N0023EU;4;2;120.00;07/08/2015;-0.108231;38.529590
CV-VUT0321804-A;CL ALCALDE MANUEL CATALAN CH, 24, Es:1 Pl:07 Pt:D;03503;2288406YH5628N0031IS;4;2;120.00;07/08/2015;-0.108231;38.529590
CV-VUT0321802-A;CL ALCALDE MANUEL CATALAN CH, 24, Es:1 Pl:10 Pt:B;03503;2288406YH5628N0041GL;2;1;67.00;07/08/2015;-0.108231;38.529590
CV-VUT0513870-A;CL ALCALDE MANUEL CATALAN CH, 24, Es:1 Pl:16 Pt:D;03503;2288406YH5628N0067SH;4;2;120.00;22/01/2025;-0.108231;38.529590
CV-VUT0322241-A;CL ALCALDE MANUEL CATALAN CH, 24, Es:1 Pl:20 Pt:B;03503;2288406YH5628N0081BQ;4;2;67.00;22/07/2017;-0.108231;38.529590
CV-VUT0446359-A;CL ALCALDE MANUEL CATALAN CH, 24, Es:1 Pl:21 Pt:D;03503;2288406YH5628N0087EU;4;2;140.00;07/03/2016;-0.108231;38.529590
CV-VUT0480689-A;CL ALCALDE MANUEL CATALAN CH, 24, Es:2 Pl:02 Pt:A;03503;2288406YH5628N0093YP;4;2;120.00;20/01/2020;-0.108231;38.529590
CV-VUT0322006-A;CL ALCALDE MANUEL CATALAN CH, 24, Es:2 Pl:03 Pt:B;03503;2288406YH5628N0098AG;2;1;67.00;29/07/2016;-0.108231;38.529590
CV-VUT0322007-A;CL ALCALDE MANUEL CATALAN CH, 24, Es:2 Pl:03 Pt:C;03503;2288406YH5628N0099SH;2;1;67.00;29/07/2016;-0.108231;38.529590
CV-VUT0480426-A;CL ALCALDE MANUEL CATALAN CH, 24, Es:2 Pl:05 Pt:A;03503;2288406YH5628N0105JZ;4;2;120.00;26/12/2019;-0.108231;38.529590
CV-VUT0480428-A;CL ALCALDE MANUEL CATALAN CH, 24, Es:2 Pl:05 Pt:B;03503;2288406YH5628N0106KX;4;2;67.00;26/12/2019;-0.108231;38.529590
CV-VUT0485936-A;CL ALCALDE MANUEL CATALAN CH, 24, Es:2 Pl:08 Pt:B;03503;2288406YH5628N0118RI;4;2;67.00;06/05/2021;-0.108231;38.529590
CV-VUT0322217-A;CL ALCALDE MANUEL CATALAN CH, 24, Es:2 Pl:08 Pt:C;03503;2288406YH5628N0119TO;2;1;67.00;21/06/2017;-0.108231;38.529590
CV-VUT0451966-A;CL ALCALDE MANUEL CATALAN CH, 24, Es:2 Pl:11 Pt:C;03503;2288406YH5628N0131AG;2;1;67.00;20/12/2016;-0.108231;38.529590
CV-VUT0451967-A;CL ALCALDE MANUEL CATALAN CH, 24, Es:2 Pl:12 Pt:B;03503;2288406YH5628N0134FK;2;1;67.00;20/12/2016;-0.108231;38.529590
CV-VUT0451968-A;CL ALCALDE MANUEL CATALAN CH, 24, Es:2 Pl:12 Pt:C;03503;2288406YH5628N0135GL;2;1;67.00;20/12/2016;-0.108231;38.529590
CV-VUT0451969-A;CL ALCALDE MANUEL CATALAN CH, 24, Es:2 Pl:13 Pt:B;03503;2288406YH5628N0138KX;2;1;67.00;20/12/2016;-0.108231;38.529590
CV-VUT0451970-A;CL ALCALDE MANUEL CATALAN CH, 24, Es:2 Pl:13 Pt:C;03503;2288406YH5628N0139LM;2;1;67.00;20/12/2016;-0.108231;38.529590
CV-VUT0322087-A;CL ALCALDE MANUEL CATALAN CH, 24, Es:2 Pl:14 Pt:B;03503;2288406YH5628N0142LM;2;1;67.00;20/12/2016;-0.108231;38.529590
CV-VUT0322088-A;CL ALCALDE MANUEL CATALAN CH, 24, Es:2 Pl:15 Pt:C;03503;2288406YH5628N0147QT;2;1;67.00;20/12/2016;-0.108231;38.529590
CV-VUT0321806-A;CL ALCALDE MANUEL CATALAN CH, 24, Es:2 Pl:16 Pt:D;03503;2288406YH5628N0152EU;4;2;120.00;07/08/2015;-0.108231;38.529590
CV-VUT0516622-A;CL ALCALDE MANUEL CATALAN CH, 24, Es:2 Pl:17 Pt:A;03503;2288406YH5628N0153RI;4;2;120.00;21/05/2025;-0.108231;38.529590
CV-VUT0516533-A;CL ALCALDE MANUEL CATALAN CH, 24, Es:2 Pl:17 Pt:B;03503;2288406YH5628N0154TO;2;1;67.00;19/05/2025;-0.108231;38.529590
CV-VUT0322089-A;CL ALCALDE MANUEL CATALAN CH, 24, Es:2 Pl:17 Pt:C;03503;2288406YH5628N0155YP;2;1;67.00;20/12/2016;-0.108231;38.529590
CV-VUT0322090-A;CL ALCALDE MANUEL CATALAN CH, 24, Es:2 Pl:18 Pt:B;03503;2288406YH5628N0158OD;2;1;67.00;20/12/2016;-0.108231;38.529590
CV-VUT0322091-A;CL ALCALDE MANUEL CATALAN CH, 24, Es:2 Pl:18 Pt:C;03503;2288406YH5628N0159PF;2;1;67.00;20/12/2016;-0.108231;38.529590
CV-VUT0461151-A;CL ALCALDE MANUEL CATALAN CH, 24, Es:2 Pl:21 Pt:B;03503;2288406YH5628N0170GL;3;2;67.00;07/12/2017;-0.108231;38.529590
CV-VUT0447726-A;CL ALCALDE MANUEL CATALAN CH, 24, Es:2 Pl:21 Pt:C;03503;2288406YH5628N0171HB;6;3;67.00;27/05/2016;-0.108231;38.529590
CV-VUT0447727-A;CL ALCALDE MANUEL CATALAN CH, 24, Es:2 Pl:21 Pt:D;03503;2288406YH5628N0172JZ;6;3;140.00;27/05/2016;-0.108231;38.529590
CV-VUT0321937-A;CL ALCALDE MANUEL CATALAN CH, 3, Es:1 Pl:02 Pt:D;03503;2389512YH5628N0014WQ;4;2;73.00;28/06/2016;-0.106170;38.532058
CV-VUT0502710-A;CL ALCALDE MANUEL CATALAN CH, 3, Es:1 Pl:04 Pt:C;03503;2389512YH5628N0025PO;4;2;73.00;02/11/2023;-0.106170;38.532058
CV-VUT0512323-A;CL ALCALDE MANUEL CATALAN CH, 3, Es:1 Pl:04 Pt:E;03503;2389512YH5628N0027SA;4;2;74.00;23/10/2024;-0.106170;38.532058
CV-VUT0323639-A;CL ALCALDE MANUEL CATALAN CH, 3, Es:1 Pl:05 Pt:A;03503;2389512YH5628N0029FD;6;3;107.00;18/03/2022;-0.106170;38.532058
CV-VUT0489134-A;CL ALCALDE MANUEL CATALAN CH, 3, Es:1 Pl:05 Pt:E;03503;2389512YH5628N0033GF;4;2;74.00;21/03/2022;-0.106170;38.532058
CV-VUT0505699-A;CL ALCALDE MANUEL CATALAN CH, 3, Es:1 Pl:06 Pt:C;03503;2389512YH5628N0037LK;4;2;73.00;23/02/2024;-0.106170;38.532058
CV-VUT0477399-A;CL ALCALDE MANUEL CATALAN CH, 3, Es:1 Pl:07 Pt:A;03503;2389512YH5628N0041BL;7;4;107.00;09/07/2019;-0.106170;38.532058
CV-VUT0324044-A;CL ALCALDE MANUEL CATALAN CH, 3, Es:1 Pl:07 Pt:B;03503;2389512YH5628N0042ZB;6;3;74.00;21/07/2023;-0.106170;38.532058
CV-VUT0484510-A;CL ALCALDE MANUEL CATALAN CH, 3, Es:1 Pl:08 Pt:A;03503;2389512YH5628N0047EW;6;3;107.00;15/12/2020;-0.106170;38.532058
CV-VUT0516051-A;CL ALCALDE MANUEL CATALAN CH, 3, Es:1 Pl:08 Pt:C;03503;2389512YH5628N0049TR;4;2;73.00;18/04/2025;-0.106170;38.532058
CV-VUT0500457-A;CL ALCALDE MANUEL CATALAN CH, 3, Es:1 Pl:09 Pt:C;03503;2389512YH5628N0055IU;4;2;73.00;11/07/2023;-0.106170;38.532058
CV-VUT0460912-A;CL ALCALDE MANUEL CATALAN CH, 3, Es:1 Pl:11 Pt:F;03503;2389512YH5628N0070JH;6;3;107.00;04/12/2017;-0.106170;38.532058
CV-VUT0442356-A;CL ALCALDE MANUEL CATALAN CH, 3, Es:1 Pl:12 Pt:C;03503;2389512YH5628N0073BL;4;2;73.00;25/03/2015;-0.106170;38.532058
CV-VUT0481743-A;CL ALCALDE MANUEL CATALAN CH, 3, Es:1 Pl:15 Pt:B;03503;2389512YH5628N0090IU;4;2;74.00;09/04/2020;-0.106170;38.532058
CV-VUT0518736-A;CL ALCALDE MANUEL CATALAN CH, 3, Es:1 Pl:15 Pt:D;03503;2389512YH5628N0092PO;4;2;73.00;15/10/2025;-0.106170;38.532058
CV-VUT0514187-A;CL ALCALDE MANUEL CATALAN CH, 3, Es:1 Pl:17 Pt:C;03503;2389512YH5628N0103BL;6;3;73.00;10/02/2025;-0.106170;38.532058
CV-VUT0514691-A;CL ALCALDE MANUEL CATALAN CH, 7, Es:1 Pl:03 Pt:D;03503;2389513YH5628N0049FR;4;2;70.00;05/03/2025;-0.106748;38.531171
CV-VUT0505740-A;CL ALCALDE MANUEL CATALAN CH, 7, Es:1 Pl:03 Pt:E;03503;2389513YH5628N0050SW;4;2;70.00;26/02/2024;-0.106748;38.531171
CV-VUT0502101-A;CL ALCALDE MANUEL CATALAN CH, 7, Es:1 Pl:04 Pt:E;03503;2389513YH5628N0058BP;4;2;70.00;04/10/2023;-0.106748;38.531171
CV-VUT0322092-A;CL ALCALDE MANUEL CATALAN CH, 7, Es:1 Pl:04 Pt:F;03503;2389513YH5628N0059ZA;4;2;52.00;20/12/2016;-0.106748;38.531171
CV-VUT0512117-A;CL ALCALDE MANUEL CATALAN CH, 7, Es:1 Pl:05 Pt:A;03503;2389513YH5628N0062ZA;4;2;93.00;15/10/2024;-0.106748;38.531171
CV-VUT0463761-A;CL ALCALDE MANUEL CATALAN CH, 7, Es:1 Pl:05 Pt:B;03503;2389513YH5628N0063XS;4;2;52.00;14/02/2018;-0.106748;38.531171
CV-VUT0463762-A;CL ALCALDE MANUEL CATALAN CH, 7, Es:1 Pl:05 Pt:C;03503;2389513YH5628N0064MD;4;2;52.00;14/02/2018;-0.106748;38.531171
CV-VUT0479694-A;CL ALCALDE MANUEL CATALAN CH, 7, Es:1 Pl:06 Pt:A;03503;2389513YH5628N0070EH;6;3;93.00;14/11/2019;-0.106748;38.531171
CV-VUT0463763-A;CL ALCALDE MANUEL CATALAN CH, 7, Es:1 Pl:06 Pt:B;03503;2389513YH5628N0071RJ;4;2;52.00;14/02/2018;-0.106748;38.531171
CV-VUT0463764-A;CL ALCALDE MANUEL CATALAN CH, 7, Es:1 Pl:06 Pt:C;03503;2389513YH5628N0072TK;4;2;52.00;14/02/2018;-0.106748;38.531171
CV-VUT0463765-A;CL ALCALDE MANUEL CATALAN CH, 7, Es:1 Pl:07 Pt:C;03503;2389513YH5628N0081AQ;4;2;52.00;14/02/2018;-0.106748;38.531171
CV-VUT0442355-A;CL ALCALDE MANUEL CATALAN CH, 7, Es:1 Pl:07 Pt:H;03503;2389513YH5628N0084FR;4;2;93.00;25/03/2015;-0.106748;38.531171
CV-VUT0512288-A;CL ALCALDE MANUEL CATALAN CH, 7, Es:1 Pl:09 Pt:A;03503;2389513YH5628N0093BP;6;3;93.00;22/10/2024;-0.106748;38.531171
CV-VUT0003253-A;CL ALCALDE MANUEL CATALAN CH, 7, Es:1 Pl:09 Pt:C;03503;2389513YH5628N0095XS;2;1;52.00;05/10/1993;-0.106748;38.531171
CV-VUT0324047-A;CL ALCALDE MANUEL CATALAN CH, 7, Es:1 Pl:09 Pt:F;03503;2389513YH5628N0098WG;4;2;52.00;01/08/2023;-0.106748;38.531171
CV-VUT0515528-A;CL ALCALDE MANUEL CATALAN CH, 7, Es:1 Pl:10 Pt:D;03503;2389513YH5628N0104UB;6;3;70.00;31/03/2025;-0.106748;38.531171
CV-VUT0489183-A;CL ALCALDE MANUEL CATALAN CH, 7, Es:1 Pl:10 Pt:E;03503;2389513YH5628N0105IZ;2;1;70.00;23/03/2022;-0.106748;38.531171
CV-VUT0463766-A;CL ALCALDE MANUEL CATALAN CH, 7, Es:1 Pl:11 Pt:G;03503;2389513YH5628N0115GT;4;2;52.00;14/02/2018;-0.106748;38.531171
CV-VUT0320608-A;CL ALCALDE MANUEL CATALAN CH, 7, Es:1 Pl:12 Pt:H;03503;2389513YH5628N0124ZA;6;3;93.00;07/05/2007;-0.106748;38.531171
CV-VUT0479695-A;CL ALCALDE MANUEL CATALAN CH, 7, Es:1 Pl:14 Pt:A;03503;2389513YH5628N0133RJ;6;3;93.00;14/11/2019;-0.106748;38.531171
CV-VUT0463767-A;CL ALCALDE MANUEL CATALAN CH, 7, Es:1 Pl:14 Pt:B;03503;2389513YH5628N0134TK;4;2;52.00;14/02/2018;-0.106748;38.531171
CV-VUT0463768-A;CL ALCALDE MANUEL CATALAN CH, 7, Es:1 Pl:14 Pt:G;03503;2389513YH5628N0139PM;4;2;52.00;14/02/2018;-0.106748;38.531171
CV-VUT0322530-A;CL ALCALDE MANUEL CATALAN CH, 7, Es:1 Pl:17 Pt:B;03503;2389513YH5628N0158MD;2;1;52.00;05/05/2018;-0.106748;38.531171
CV-VUT0487111-A;CL ALCALDE MANUEL CATALAN CH, 7, Es:1 Pl:17 Pt:C;03503;2389513YH5628N0159QF;2;1;52.00;05/08/2021;-0.106748;38.531171
CV-VUT0518432-A;CL ALCALDE MANUEL CATALAN CH, 7, Es:1 Pl:17 Pt:D;03503;2389513YH5628N0160XS;4;3;70.00;14/09/2025;-0.106748;38.531171
CV-VUT0489030-A;CL ALCALDE MANUEL CATALAN CH, 7, Es:1 Pl:18 Pt:F;03503;2389513YH5628N0170YL;2;1;52.00;16/03/2022;-0.106748;38.531171
CV-VUT0323351-A;CL ALCALDE MANUEL CATALAN CH, 7, Es:1 Pl:18 Pt:G;03503;2389513YH5628N0171UB;2;1;52.00;01/07/2020;-0.106748;38.531171
CV-VUT0463769-A;CL ALCALDE MANUEL CATALAN CH, 7, Es:1 Pl:19 Pt:B;03503;2389513YH5628N0174PM;4;2;52.00;14/02/2018;-0.106748;38.531171
CV-VUT0463770-A;CL ALCALDE MANUEL CATALAN CH, 7, Es:1 Pl:19 Pt:C;03503;2389513YH5628N0175AQ;4;2;52.00;14/02/2018;-0.106748;38.531171
CV-VUT0322698-A;CL ALCALDE MANUEL CATALAN CH, 7, Es:1 Pl:19 Pt:D;03503;2389513YH5628N0176SW;4;2;70.00;22/06/2018;-0.106748;38.531171
CV-VUT0323674-A;CL ALCALDE MANUEL CATALAN CH, 7, Es:1 Pl:19 Pt:F;03503;2389513YH5628N0178FR;4;2;52.00;22/04/2022;-0.106748;38.531171
CV-VUT0463771-A;CL ALCALDE MANUEL CATALAN CH, 7, Es:1 Pl:20 Pt:B;03503;2389513YH5628N0183HY;4;2;52.00;14/02/2018;-0.106748;38.531171
CV-VUT0323795-A;CL ALCALDE MANUEL CATALAN CH, 7, Es:1 Pl:20 Pt:G;03503;2389513YH5628N0186LO;2;1;52.00;07/09/2022;-0.106748;38.531171
CV-VUT0461363-A;CL ALCALDE MANUEL CATALAN CH, 9, Es:1 Pl:00 Pt:02;03503;2389514YH5628N0003SH;2;1;36.00;15/12/2017;-0.107062;38.530504
CV-VUT0464093-A;CL ALCALDE MANUEL CATALAN CH, 9, Es:1 Pl:00 Pt:03;03503;2389514YH5628N0004DJ;2;1;36.00;26/02/2018;-0.107062;38.530504
CV-VUT0489292-A;CL ALCALDE MANUEL CATALAN CH, 9, Es:1 Pl:02 Pt:02;03503;2389514YH5628N0015ZW;2;1;36.00;30/03/2022;-0.107062;38.530504
CV-VUT0504988-A;CL ALCALDE MANUEL CATALAN CH, 9, Es:1 Pl:03 Pt:01;03503;2389514YH5628N0019WY;2;1;36.00;31/01/2024;-0.107062;38.530504
CV-VUT0486050-A;CL ALCALDE MANUEL CATALAN CH, 9, Es:1 Pl:04 Pt:02;03503;2389514YH5628N0025TO;2;1;36.00;14/05/2021;-0.107062;38.530504
CV-VUT0454945-A;CL ALCALDE MANUEL CATALAN CH, 9, Es:1 Pl:04 Pt:03;03503;2389514YH5628N0026YP;2;0;36.00;03/05/2017;-0.107062;38.530504
CV-VUT0462605-A;CL ALCALDE MANUEL CATALAN CH, 9, Es:1 Pl:05 Pt:06;03503;2389514YH5628N0036DJ;4;2;76.00;11/01/2018;-0.107062;38.530504
CV-VUT0484740-A;CL ALCALDE MANUEL CATALAN CH, 9, Es:1 Pl:06 Pt:03;03503;2389514YH5628N0039HB;2;1;51.00;21/01/2021;-0.107062;38.530504
CV-VUT0472585-A;CL ALCALDE MANUEL CATALAN CH, 9, Es:1 Pl:07 Pt:01;03503;2389514YH5628N0043JZ;5;3;74.00;17/12/2018;-0.107062;38.530504
CV-VUT0482476-A;CL ALCALDE MANUEL CATALAN CH, 9, Es:1 Pl:07 Pt:02;03503;2389514YH5628N0044KX;2;1;36.00;02/07/2020;-0.107062;38.530504
CV-VUT0322731-A;CL ALCALDE MANUEL CATALAN CH, 9, Es:1 Pl:07 Pt:03;03503;2389514YH5628N0045LM;2;1;36.00;03/07/2018;-0.107062;38.530504
CV-VUT0471257-A;CL ALCALDE MANUEL CATALAN CH, 9, Es:1 Pl:08 Pt:03;03503;2389514YH5628N0050ZW;2;1;51.00;18/10/2018;-0.107062;38.530504
CV-VUT0465610-A;CL ALCALDE MANUEL CATALAN CH, 9, Es:1 Pl:10 Pt:01;03503;2389514YH5628N0059UA;2;1;62.00;17/04/2018;-0.107062;38.530504
CV-VUT0511821-A;CL ALCALDE MANUEL CATALAN CH, 9, Es:1 Pl:11 Pt:06;03503;2389514YH5628N0069FK;4;2;74.00;30/09/2024;-0.107062;38.530504
CV-VUT0479614-A;CL ALCALDE MANUEL CATALAN CH, 9, Es:1 Pl:13 Pt:01;03503;2389514YH5628N0076KX;2;1;51.00;11/11/2019;-0.107062;38.530504
CV-VUT0471258-A;CL ALCALDE MANUEL CATALAN CH, 9, Es:1 Pl:13 Pt:02;03503;2389514YH5628N0077LM;4;2;62.00;18/10/2018;-0.107062;38.530504
CV-VUT0494343-A;CL ALCALDE MANUEL CATALAN CH, 9, Es:1 Pl:13 Pt:03;03503;2389514YH5628N0078BQ;4;2;74.00;10/01/2023;-0.107062;38.530504
CV-VUT0489052-A;CL ALCALDE MANUEL CATALAN CH, 9, Es:1 Pl:13 Pt:04;03503;2389514YH5628N0079ZW;2;1;36.00;17/03/2022;-0.107062;38.530504
CV-VUT0522640-A;CL ALCALDE MANUEL CATALAN CH, 9, Es:1 Pl:15 Pt:00;03503;2389514YH5628N0086WY;5;3;214.00;01/09/2026;-0.107062;38.530504
CV-VUT0486950-A;CL AMSTERDAN, 3, Es:A Pl:00 Pt:01;03503;2394902YH5629S0001QH;4;2;70.00;09/07/2021;-0.105675;38.535514
CV-VUT0503923-A;CL AMSTERDAN, 4, Es:1 Pl:02 Pt:B;03503;2394301YH5629S0009XQ;4;2;68.00;18/12/2023;-0.106570;38.535479
CV-VUT0512475-A;CL AMSTERDAN, 4, Es:1 Pl:05 Pt:B;03503;2394301YH5629S0015WR;4;2;68.00;29/10/2024;-0.106570;38.535479
CV-VUT0459075-A;CL AMSTERDAN, 4, Es:1 Pl:06 Pt:B;03503;2394301YH5629S0017RY;4;2;68.00;06/07/2017;-0.106570;38.535479
CV-VUT0323475-A;CL AMSTERDAN, 4, Es:1 Pl:12 Pt:B;03503;2394301YH5629S0029DG;4;2;68.00;03/02/2021;-0.106570;38.535479
CV-VUT0502463-A;CL AMSTERDAN, 4, Es:1 Pl:14 Pt:A;03503;2394301YH5629S0032DG;1;1;68.00;18/10/2023;-0.106570;38.535479
CV-VUT0313313-A;CL AMSTERDAN, 6B, Es:1 Pl:01 Pt:A;03503;2394309YH5629S0004BL;4;2;70.00;30/04/1996;-0.106222;38.535295
CV-VUT0313314-A;CL AMSTERDAN, 6B, Es:1 Pl:01 Pt:B;03503;2394309YH5629S0005ZB;4;2;70.00;30/04/1996;-0.106222;38.535295
CV-VUT0313311-A;CL AMSTERDAN, 6B, Es:1 Pl:02 Pt:A;03503;2394309YH5629S0006XZ;4;2;70.00;30/04/1996;-0.106222;38.535295
CV-VUT0313312-A;CL AMSTERDAN, 6B, Es:1 Pl:02 Pt:B;03503;2394309YH5629S0007MX;4;2;70.00;30/04/1996;-0.106222;38.535295
CV-VUT0313309-A;CL AMSTERDAN, 6B, Es:1 Pl:03 Pt:A;03503;2394309YH5629S0008QM;4;2;70.00;30/04/1996;-0.106222;38.535295
CV-VUT0313310-A;CL AMSTERDAN, 6B, Es:1 Pl:03 Pt:B;03503;2394309YH5629S0009WQ;4;2;70.00;30/04/1996;-0.106222;38.535295
CV-VUT0313307-A;CL AMSTERDAN, 6B, Es:1 Pl:04 Pt:A;03503;2394309YH5629S0010MX;4;2;70.00;30/04/1996;-0.106222;38.535295
CV-VUT0313308-A;CL AMSTERDAN, 6B, Es:1 Pl:04 Pt:B;03503;2394309YH5629S0011QM;4;2;70.00;30/04/1996;-0.106222;38.535295
CV-VUT0313303-A;CL AMSTERDAN, 6B, Es:1 Pl:05 Pt:A;03503;2394309YH5629S0012WQ;4;2;70.00;30/04/1996;-0.106222;38.535295
CV-VUT0313305-A;CL AMSTERDAN, 6B, Es:1 Pl:05 Pt:A;03503;2394309YH5629S0012WQ;4;2;70.00;30/04/1996;-0.106222;38.535295
CV-VUT0313306-A;CL AMSTERDAN, 6B, Es:1 Pl:05 Pt:A;03503;2394309YH5629S0012WQ;4;2;70.00;30/04/1996;-0.106222;38.535295
CV-VUT0313304-A;CL AMSTERDAN, 6B, Es:1 Pl:06 Pt:B;03503;2394309YH5629S0015TR;4;2;70.00;30/04/1996;-0.106222;38.535295
CV-VUT0313301-A;CL AMSTERDAN, 6B, Es:1 Pl:07 Pt:A;03503;2394309YH5629S0016YT;4;2;70.00;30/04/1996;-0.106222;38.535295
CV-VUT0313302-A;CL AMSTERDAN, 6B, Es:1 Pl:07 Pt:B;03503;2394309YH5629S0017UY;4;2;70.00;30/04/1996;-0.106222;38.535295
CV-VUT0313299-A;CL AMSTERDAN, 6B, Es:1 Pl:08 Pt:A;03503;2394309YH5629S0018IU;4;2;70.00;30/04/1996;-0.106222;38.535295
CV-VUT0313300-A;CL AMSTERDAN, 6B, Es:1 Pl:08 Pt:B;03503;2394309YH5629S0019OI;4;2;70.00;30/04/1996;-0.106222;38.535295
CV-VUT0313298-A;CL AMSTERDAN, 6B, Es:1 Pl:09 Pt:B;03503;2394309YH5629S0021IU;4;2;70.00;30/04/1996;-0.106222;38.535295
CV-VUT0313296-A;CL AMSTERDAN, 6B, Es:1 Pl:10 Pt:A;03503;2394309YH5629S0022OI;4;2;70.00;30/04/1996;-0.106222;38.535295
CV-VUT0313297-A;CL AMSTERDAN, 6B, Es:1 Pl:10 Pt:B;03503;2394309YH5629S0023PO;4;2;70.00;30/04/1996;-0.106222;38.535295
CV-VUT0313294-A;CL AMSTERDAN, 6B, Es:1 Pl:11 Pt:A;03503;2394309YH5629S0025SA;4;2;70.00;30/04/1996;-0.106222;38.535295
CV-VUT0313295-A;CL AMSTERDAN, 6B, Es:1 Pl:11 Pt:B;03503;2394309YH5629S0026DS;4;2;70.00;30/04/1996;-0.106222;38.535295
CV-VUT0313293-A;CL AMSTERDAN, 6B, Es:1 Pl:12 Pt:B;03503;2394309YH5629S0028GF;4;2;70.00;30/04/1996;-0.106222;38.535295
CV-VUT0313291-A;CL AMSTERDAN, 6B, Es:1 Pl:13 Pt:A;03503;2394309YH5629S0024AP;4;2;70.00;30/04/1996;-0.106222;38.535295
CV-VUT0313292-A;CL AMSTERDAN, 6B, Es:1 Pl:13 Pt:B;03503;2394309YH5629S0029HG;4;2;70.00;30/04/1996;-0.106222;38.535295
CV-VUT0313289-A;CL AMSTERDAN, 6B, Es:1 Pl:15 Pt:A;03503;2394309YH5629S0032HG;4;2;70.00;30/04/1996;-0.106222;38.535295
CV-VUT0313290-A;CL AMSTERDAN, 6B, Es:1 Pl:15 Pt:B;03503;2394309YH5629S0033JH;4;2;70.00;30/04/1996;-0.106222;38.535295
CV-VUT0313287-A;CL AMSTERDAN, 6B, Es:1 Pl:16 Pt:A;03503;2394309YH5629S0034KJ;4;2;70.00;29/04/1996;-0.106222;38.535295
CV-VUT0313288-A;CL AMSTERDAN, 6B, Es:1 Pl:16 Pt:B;03503;2394309YH5629S0035LK;4;2;70.00;30/04/1996;-0.106222;38.535295
CV-VUT0486680-A;CL AMSTERDAN, 8, Es:A Pl:04 Pt:IZ;03503;2394302YH5629S0010YX;6;3;85.00;23/06/2021;-0.106331;38.535058
CV-VUT0509546-A;CL BERLIN, 1, Es:1 Pl:00 Pt:01;03503;2394307YH5629S0001XH;4;2;71.00;22/06/2024;-0.106982;38.534777
CV-VUT0323616-A;CL BERLIN, 1, Es:1 Pl:01 Pt:08;03503;2394307YH5629S0014OE;6;3;71.00;21/02/2022;-0.106982;38.534777
CV-VUT0323619-A;CL BERLIN, 1, Es:1 Pl:03 Pt:05;03503;2394307YH5629S0027LD;6;3;71.00;24/02/2022;-0.106982;38.534777
CV-VUT0480724-A;CL BERLIN, 1, Es:1 Pl:05 Pt:05;03503;2394307YH5629S0043YM;7;4;71.00;21/01/2020;-0.106982;38.534777
CV-VUT0505979-A;CL BERLIN, 1, Es:1 Pl:06 Pt:08;03503;2394307YH5629S0054FI;6;3;71.00;02/03/2024;-0.106982;38.534777
CV-VUT0321846-A;CL BERLIN, 10, Es:3 Pl:04 Pt:02;03503;2389502YH5629S0143IE;4;2;83.00;15/02/2016;-0.104890;38.533866
CV-VUT0459486-A;CL BERLIN, 10, Es:3 Pl:04 Pt:04;03503;2389502YH5629S0145PT;4;2;83.00;26/10/2017;-0.104890;38.533866
CV-VUT0471828-A;CL BERLIN, 10, Es:3 Pl:05 Pt:03;03503;2389502YH5629S0148DI;7;4;125.00;14/11/2018;-0.104890;38.533866
CV-VUT0519833-A;CL BERLIN, 6, Es:1 Pl:00 Pt:15;03503;2389502YH5629S0018SU;2;1;44.00;26/12/2025;-0.104890;38.533866
CV-VUT0471275-A;CL BERLIN, 6, Es:1 Pl:01 Pt:04;03503;2389502YH5629S0023FO;8;4;125.00;19/10/2018;-0.104890;38.533866
CV-VUT0460049-A;CL BERLIN, 8, Es:2 Pl:06 Pt:05;03503;2389502YH5629S0107UW;10;5;125.00;21/11/2017;-0.104890;38.533866
CV-VUT0460050-A;CL BERLIN, 8, Es:2 Pl:07 Pt:05;03503;2389502YH5629S0112OR;10;5;125.00;21/11/2017;-0.104890;38.533866
CV-VUT0322637-A;CL BRUSELAS, 2, Es:1 Pl:00 Pt:A1;03503;2493501YH5629S0078LE;2;1;47.00;07/06/2018;-0.104854;38.534142
CV-VUT0321347-A;CL BRUSELAS, 2, Es:1 Pl:01 Pt:A;03503;2493501YH5629S0006FZ;4;2;78.00;31/03/2011;-0.104854;38.534142
CV-VUT0321339-A;CL BRUSELAS, 2, Es:1 Pl:01 Pt:B;03503;2493501YH5629S0007GX;2;1;57.00;31/03/2011;-0.104854;38.534142
CV-VUT0321340-A;CL BRUSELAS, 2, Es:1 Pl:01 Pt:C;03503;2493501YH5629S0008HM;2;1;57.00;31/03/2011;-0.104854;38.534142
CV-VUT0321346-A;CL BRUSELAS, 2, Es:1 Pl:01 Pt:D;03503;2493501YH5629S0009JQ;4;2;78.00;31/03/2011;-0.104854;38.534142
CV-VUT0321345-A;CL BRUSELAS, 2, Es:1 Pl:02 Pt:A;03503;2493501YH5629S0010GX;4;2;78.00;31/03/2011;-0.104854;38.534142
CV-VUT0321341-A;CL BRUSELAS, 2, Es:1 Pl:02 Pt:B;03503;2493501YH5629S0011HM;2;1;57.00;31/03/2011;-0.104854;38.534142
CV-VUT0321349-A;CL BRUSELAS, 2, Es:1 Pl:02 Pt:C;03503;2493501YH5629S0012JQ;2;1;57.00;12/04/2011;-0.104854;38.534142
CV-VUT0321348-A;CL BRUSELAS, 2, Es:1 Pl:02 Pt:D;03503;2493501YH5629S0013KW;4;2;78.00;12/04/2011;-0.104854;38.534142
CV-VUT0321445-A;CL BRUSELAS, 2, Es:1 Pl:03 Pt:A;03503;2493501YH5629S0014LE;4;2;78.00;23/04/2012;-0.104854;38.534142
CV-VUT0321342-A;CL BRUSELAS, 2, Es:1 Pl:03 Pt:B;03503;2493501YH5629S0015BR;2;1;57.00;31/03/2011;-0.104854;38.534142
CV-VUT0321343-A;CL BRUSELAS, 2, Es:1 Pl:03 Pt:C;03503;2493501YH5629S0016ZT;2;1;57.00;31/03/2011;-0.104854;38.534142
CV-VUT0321344-A;CL BRUSELAS, 2, Es:1 Pl:03 Pt:D;03503;2493501YH5629S0017XY;4;2;78.00;31/03/2011;-0.104854;38.534142
CV-VUT0322321-A;CL BRUSELAS, 2, Es:1 Pl:04 Pt:D;03503;2493501YH5629S0021MU;2;1;78.00;19/09/2017;-0.104854;38.534142
CV-VUT0321228-A;CL BRUSELAS, 2, Es:1 Pl:06 Pt:B;03503;2493501YH5629S0027YD;2;1;57.00;24/12/2010;-0.104854;38.534142
CV-VUT0321229-A;CL BRUSELAS, 2, Es:1 Pl:06 Pt:C;03503;2493501YH5629S0028UF;2;1;57.00;24/12/2010;-0.104854;38.534142
CV-VUT0455534-A;CL BRUSELAS, 2, Es:1 Pl:08 Pt:B;03503;2493501YH5629S0035AK;2;1;57.00;19/05/2017;-0.104854;38.534142
CV-VUT0323477-A;CL BRUSELAS, 2, Es:1 Pl:10 Pt:B;03503;2493501YH5629S0043HM;4;2;57.00;04/02/2021;-0.104854;38.534142
CV-VUT0322476-A;CL BRUSELAS, 2, Es:1 Pl:11 Pt:B;03503;2493501YH5629S0047BR;2;1;57.00;26/03/2018;-0.104854;38.534142
CV-VUT0323407-A;CL BRUSELAS, 2, Es:1 Pl:11 Pt:C;03503;2493501YH5629S0048ZT;2;1;57.00;27/08/2020;-0.104854;38.534142
CV-VUT0503506-A;CL BRUSELAS, 2, Es:1 Pl:16 Pt:A;03503;2493501YH5629S0066PJ;4;2;78.00;29/11/2023;-0.104854;38.534142
CV-VUT0487697-A;CL BRUSELAS, 9, Es:1 Pl:01 Pt:1A;03503;2594104YH5629S0003LK;4;2;79.00;26/10/2021;-0.103693;38.535066
CV-VUT0518397-A;CL BRUSELAS, 9, Es:1 Pl:04 Pt:08;03503;2594104YH5629S0034KJ;2;1;79.00;10/09/2025;-0.103693;38.535066
CV-VUT0323157-A;CL BRUSELAS, 9, Es:1 Pl:08 Pt:3B;03503;2594104YH5629S0061DS;2;1;44.00;19/10/2019;-0.103693;38.535066
CV-VUT0513157-A;CL BRUSELAS, 9, Es:1 Pl:08 Pt:8A;03503;2594104YH5629S0066KJ;4;2;79.00;05/12/2024;-0.103693;38.535066
CV-VUT0488243-A;CL BRUSELAS, 9, Es:1 Pl:09 Pt:7C;03503;2594104YH5629S0073XZ;2;1;43.00;17/01/2022;-0.103693;38.535066
CV-VUT0490781-A;CL BRUSELAS, 9, Es:1 Pl:10 Pt:5C;03503;2594104YH5629S0079TR;2;1;43.00;13/06/2022;-0.103693;38.535066
CV-VUT0461134-A;CL BRUSELAS, 9, Es:1 Pl:13 Pt:8A;03503;2594104YH5629S0106WQ;2;1;79.00;07/12/2017;-0.103693;38.535066
CV-VUT0481024-A;CL BRUSELAS, 9, Es:1 Pl:14 Pt:7C;03503;2594104YH5629S0113YT;2;1;43.00;06/02/2020;-0.103693;38.535066
CV-VUT0505180-A;CL BRUSELAS, 9, Es:1 Pl:14 Pt:8A;03503;2594104YH5629S0114UY;2;1;79.00;07/02/2024;-0.103693;38.535066
CV-VUT0323406-A;CL BRUSELAS, 9, Es:1 Pl:15 Pt:8A;03503;2594104YH5629S0122SA;4;2;79.00;27/08/2020;-0.103693;38.535066
CV-VUT0480453-A;CL DR SANTIAGO RAMON Y CAJAL, 1, Es:1 Pl:05 Pt:C;03503;2300206YH5720S0058GW;2;1;78.00;27/12/2019;-0.106236;38.540137
CV-VUT0471511-A;CL DR SANTIAGO RAMON Y CAJAL, 3, Es:1 Pl:02 Pt:C;03503;2300205YH5720S0072FP;6;3;80.00;31/10/2018;-0.106184;38.540311
CV-VUT0486129-A;CL DR SANTIAGO RAMON Y CAJAL, 5, Es:1 Pl:03 Pt:C;03503;2300204YH5720S0045PG;4;2;84.00;20/05/2021;-0.106165;38.540744
CV-VUT0483547-A;CL DR SANTIAGO RAMON Y CAJAL, 5, Es:1 Pl:03 Pt:D;03503;2300204YH5720S0046AH;4;2;84.00;12/10/2020;-0.106165;38.540744
CV-VUT0519974-A;CL ESPERANTO, 12, Es:1 Pl:02 Pt:D;03503;0797701YH5609N0008JU;6;3;83.00;26/01/2026;-0.123723;38.539128
CV-VUT0321389-A;CL ESPERANTO, 14, Es:1 Pl:01 Pt:A;03503;0998901YH5609N0021ZF;4;2;121.00;04/11/2011;-0.123155;38.539568
CV-VUT0321396-A;CL ESPERANTO, 14, Es:1 Pl:01 Pt:B;03503;0998901YH5609N0022XG;2;1;92.00;04/11/2011;-0.123155;38.539568
CV-VUT0458389-A;CL ESPERANTO, 14, Es:1 Pl:02 Pt:A;03503;0998901YH5609N0023MH;4;2;121.00;12/09/2017;-0.123155;38.539568
CV-VUT0321397-A;CL ESPERANTO, 14, Es:1 Pl:02 Pt:B;03503;0998901YH5609N0024QJ;2;1;92.00;04/11/2011;-0.123155;38.539568
CV-VUT0321391-A;CL ESPERANTO, 14, Es:1 Pl:03 Pt:A;03503;0998901YH5609N0025WK;4;2;121.00;04/11/2011;-0.123155;38.539568
CV-VUT0321398-A;CL ESPERANTO, 14, Es:1 Pl:03 Pt:B;03503;0998901YH5609N0026EL;2;1;92.00;04/11/2011;-0.123155;38.539568
CV-VUT0321392-A;CL ESPERANTO, 14, Es:1 Pl:05 Pt:A;03503;0998901YH5609N0029YX;4;2;121.00;04/11/2011;-0.123155;38.539568
CV-VUT0321399-A;CL ESPERANTO, 14, Es:1 Pl:05 Pt:B;03503;0998901YH5609N0030RB;2;1;92.00;04/11/2011;-0.123155;38.539568
CV-VUT0321393-A;CL ESPERANTO, 14, Es:1 Pl:06 Pt:A;03503;0998901YH5609N0031TZ;4;2;121.00;04/11/2011;-0.123155;38.539568
CV-VUT0321400-A;CL ESPERANTO, 14, Es:1 Pl:06 Pt:B;03503;0998901YH5609N0032YX;2;1;92.00;04/11/2011;-0.123155;38.539568
CV-VUT0321394-A;CL ESPERANTO, 14, Es:1 Pl:07 Pt:A;03503;0998901YH5609N0033UM;4;2;121.00;04/11/2011;-0.123155;38.539568
CV-VUT0321401-A;CL ESPERANTO, 14, Es:1 Pl:07 Pt:B;03503;0998901YH5609N0034IQ;2;1;92.00;04/11/2011;-0.123155;38.539568
CV-VUT0321395-A;CL ESPERANTO, 14, Es:1 Pl:08 Pt:A;03503;0998901YH5609N0035OW;4;2;121.00;04/11/2011;-0.123155;38.539568
CV-VUT0321402-A;CL ESPERANTO, 14, Es:1 Pl:08 Pt:B;03503;0998901YH5609N0036PE;2;1;92.00;04/11/2011;-0.123155;38.539568
CV-VUT0322651-A;CL ESPERANTO, 17, Es:1 Pl:01 Pt:04;03503;0990604YH5609N0090ZH;2;1;48.00;07/06/2018;-0.122295;38.540910
CV-VUT0324200-A;CL ESPERANTO, 17, Es:1 Pl:04 Pt:07;03503;0990604YH5609N0117ZH;2;1;30.00;14/02/2024;-0.122295;38.540910
CV-VUT0324254-A;CL ESPERANTO, 17, Es:1 Pl:10 Pt:02;03503;0990604YH5609N0154MK;4;2;70.00;08/04/2024;-0.122295;38.540910
CV-VUT0462622-A;CL ESPERANTO, 17, Es:1 Pl:16 Pt:05;03503;0990604YH5609N0193RX;2;1;30.00;11/01/2018;-0.122295;38.540910
CV-VUT0323919-A;CL ESPERANTO, 23, Es:1 Pl:-1 Pt:29;03503;0910502YH5710S0029QQ;4;2;23.00;02/03/2023;-0.120808;38.541749
CV-VUT0460582-A;CL JUAN LLORCA, 2, Es:2 Pl:02 Pt:0C;03503;0910502YH5710S0225EE;4;2;65.00;28/11/2017;-0.120808;38.541749
CV-VUT0484063-A;CL JUAN LLORCA, 2, Es:2 Pl:04 Pt:0E;03503;0910502YH5710S0241DD;2;1;65.00;02/11/2020;-0.120808;38.541749
CV-VUT0321686-A;CL JUAN LLORCA, 2, Es:2 Pl:07 Pt:0B;03503;0910502YH5710S0259TT;2;1;65.00;18/07/2014;-0.120808;38.541749
CV-VUT0442808-A;CL JUAN LLORCA, 2, Es:2 Pl:10 Pt:F;03503;0910502YH5710S0284ZZ;4;2;65.00;29/04/2015;-0.120808;38.541749
CV-VUT0488396-A;CL JUAN LLORCA, 2, Es:2 Pl:11 Pt:0C;03503;0910502YH5710S0288WW;4;2;65.00;28/01/2022;-0.120808;38.541749
CV-VUT0322746-A;CL JUAN LLORCA, 2, Es:2 Pl:12 Pt:0B;03503;0910502YH5710S0294TT;6;3;65.00;08/07/2018;-0.120808;38.541749
CV-VUT0478057-A;CL JUAN LLORCA, 2, Es:2 Pl:16 Pt:0E;03503;0910502YH5710S0320QQ;4;2;67.00;05/08/2019;-0.120808;38.541749
CV-VUT0442810-A;CL JUAN LLORCA, 2, Es:2 Pl:18 Pt:0B;03503;0910502YH5710S0327II;2;1;65.00;29/04/2015;-0.120808;38.541749
CV-VUT0323288-A;CL ESPERANTO, 25, Es:1 Pl:01 Pt:0F;03503;1203111YH5710S0124JX;2;1;55.00;03/02/2020;-0.119300;38.543040
CV-VUT0323100-A;CL ESPERANTO, 25, Es:1 Pl:05 Pt:0B;03503;1203111YH5710S0144ID;2;1;55.00;07/08/2019;-0.119300;38.543040
CV-VUT0321582-A;CL ESPERANTO, 25, Es:1 Pl:07 Pt:A;03503;1203111YH5710S0155HZ;2;1;55.00;10/07/2013;-0.119300;38.543040
CV-VUT0470992-A;CL ESPERANTO, 25, Es:1 Pl:12 Pt:0E;03503;1203111YH5710S0189KM;4;2;56.00;04/10/2018;-0.119300;38.543040
CV-VUT0322242-A;CL ESPERANTO, 27, Es:2 Pl:05 Pt:D;03503;1203111YH5710S0270TP;2;1;56.00;25/07/2017;-0.119300;38.543040
CV-VUT0487957-A;CL ESPERANTO, 27, Es:2 Pl:06 Pt:C;03503;1203111YH5710S0274OF;2;1;56.00;29/11/2021;-0.119300;38.543040
CV-VUT0458807-A;CL ESPERANTO, 27, Es:2 Pl:13 Pt:0D;03503;1203111YH5710S0310SJ;2;1;56.00;27/09/2017;-0.119300;38.543040
CV-VUT0482071-A;CL ESPERANTO, 27, Es:2 Pl:18 Pt:0C;03503;1203111YH5710S0327EI;2;1;56.00;26/05/2020;-0.119300;38.543040
CV-VUT0324051-A;CL ESPERANTO, 27, Es:2 Pl:23 Pt:0C;03503;1203111YH5710S0339SJ;4;2;89.00;22/08/2023;-0.119300;38.543040
CV-VUT0445187-A;CL ESPERANTO, 26, Es:1 Pl:09 Pt:A;03503;1201105YH5710S0046HS;4;2;93.00;04/01/2016;-0.119523;38.542313
CV-VUT0321589-A;CL ESPERANTO, 28, Es:1 Pl:04 Pt:B;03503;1201101YH5710S0074XI;2;1;82.00;10/07/2013;-0.118918;38.542538
CV-VUT0475143-A;CL ESPERANTO, 28, Es:1 Pl:06 Pt:B;03503;1201101YH5710S0082RD;2;1;82.00;11/04/2019;-0.118918;38.542538
CV-VUT0484784-A;CL ESPERANTO, 28, Es:1 Pl:10 Pt:B;03503;1201101YH5710S0098JE;4;2;82.00;25/01/2021;-0.118918;38.542538
CV-VUT0486897-A;CL ESPERANTO, 29A, Es:1 Pl:17 Pt:B;03503;1203113YH5710S0034HE;4;2;158.00;07/07/2021;-0.118290;38.543893
CV-VUT0513285-A;CL ESPERANTO, 33, Es:1 Pl:03 Pt:F;03503;1203006YH5710S0045UA;4;2;72.00;11/12/2024;-0.117188;38.544684
CV-VUT0500249-A;CL ESPERANTO, 4, Es:1 Pl:03 Pt:12;03503;0796704YH5609N0014LP;2;1;72.00;19/07/2023;-0.124885;38.537636
CV-VUT0488036-A;CL ESPERANTO, 4, Es:1 Pl:03 Pt:15;03503;0796704YH5609N0017XD;4;2;64.00;14/12/2021;-0.124885;38.537636
CV-VUT0322112-A;CL ESPERANTO, 7, Es:1 Pl:01 Pt:03;03503;0798807YH5609N0006OT;6;3;68.00;25/02/2017;-0.124904;38.538700
CV-VUT0323725-A;CL ESPERANTO, 7, Es:1 Pl:05 Pt:35;03503;0798807YH5609N0038OT;4;2;68.00;02/07/2022;-0.124904;38.538700
CV-VUT0506019-A;CL ESPERANTO, 7, Es:1 Pl:08 Pt:57;03503;0798807YH5609N0060XK;6;3;84.00;06/03/2024;-0.124904;38.538700
CV-VUT0322691-A;CL FINESTRAT, 2, Es:2 Pl:03 Pt:10;03503;0798807YH5609N0079GA;4;2;41.00;22/06/2018;-0.124904;38.538700
CV-VUT0521105-A;CL FINESTRAT, 2, Es:2 Pl:03 Pt:11;03503;0798807YH5609N0129YW;4;2;41.00;27/04/2026;-0.124904;38.538700
CV-VUT0322305-A;CL FINESTRAT, 2, Es:2 Pl:07 Pt:32;03503;0798807YH5609N0099YW;4;2;41.00;18/09/2017;-0.124904;38.538700
CV-VUT0322032-A;CL FINESTRAT, 2, Es:2 Pl:07 Pt:33;03503;0798807YH5609N0100YW;4;2;41.00;27/09/2016;-0.124904;38.538700
CV-VUT0518758-A;CL FINESTRAT, 2, Es:2 Pl:08 Pt:39;03503;0798807YH5609N0106SI;4;2;41.00;17/10/2025;-0.124904;38.538700
CV-VUT0470451-A;CL FINESTRAT, 2, Es:2 Pl:09 Pt:48;03503;0798807YH5609N0115KF;2;1;46.00;29/08/2018;-0.124904;38.538700
CV-VUT0323921-A;CL FINESTRAT, 3, Es:1 Pl:00 Pt:C;03503;0596605YH5609N0003OW;2;1;70.00;06/03/2023;-0.125588;38.538276
CV-VUT0322726-A;CL GAMBO, 3, Es:1 Pl:03 Pt:10;03503;0395706YH5609S0031YY;4;2;71.00;02/07/2018;-0.128310;38.536746
CV-VUT0323238-A;CL GAMBO, 3, Es:1 Pl:03 Pt:11;03503;0395706YH5609S0032UU;2;1;61.00;12/12/2019;-0.128310;38.536746
CV-VUT0476398-A;CL GAMBO, 3, Es:1 Pl:06 Pt:34;03503;0395706YH5609S0055QQ;4;2;68.00;04/06/2019;-0.128310;38.536746
CV-VUT0461170-A;CL GAMBO, 3, Es:1 Pl:07 Pt:41;03503;0395706YH5609S0062TT;5;3;101.00;07/12/2017;-0.128310;38.536746
CV-VUT0031274-A;CL GAMBO, 6, Es:1 Pl:-1 Pt:02;03503;0494903YH5609S0005ES;2;1;3.301.00;15/12/1993;-0.127758;38.536545
CV-VUT0031281-A;CL GAMBO, 6, Es:1 Pl:-1 Pt:02;03503;0494903YH5609S0005ES;2;1;3.301.00;15/12/1993;-0.127758;38.536545
CV-VUT0459835-A;CL GAMBO, 7, Es:C Pl:04 Pt:07;03503;0495904YH5609N0044ZI;8;4;103.00;15/11/2017;-0.128043;38.536957
CV-VUT0465602-A;CL SOL, 2, Es:A Pl:01 Pt:01;03503;0495904YH5609N0016WS;4;2;92.00;17/04/2018;-0.128043;38.536957
CV-VUT0461411-A;CL SOL, 2, Es:A Pl:02 Pt:03;03503;0495904YH5609N0018RF;4;2;92.00;18/12/2017;-0.128043;38.536957
CV-VUT0323330-A;CL SOL, 2, Es:A Pl:04 Pt:08;03503;0495904YH5609N0023YH;4;2;53.00;21/05/2020;-0.128043;38.536957
CV-VUT0500979-A;CL GERONA, 1, Es:1 Pl:05 Pt:B;03503;0797703YH5609N0033TM;2;1;54.00;21/08/2023;-0.124054;38.538508
CV-VUT0477938-A;CL GERONA, 1, Es:1 Pl:06 Pt:D;03503;0797703YH5609N0039AY;2;1;54.00;30/07/2019;-0.124054;38.538508
CV-VUT0488856-A;CL GERONA, 3, Es:2 Pl:02 Pt:D;03503;0797703YH5609N0055ZH;2;1;38.00;04/03/2022;-0.124054;38.538508
CV-VUT0505169-A;CL GERONA, 3, Es:2 Pl:04 Pt:A;03503;0797703YH5609N0060MK;2;1;37.00;07/02/2024;-0.124054;38.538508
CV-VUT0504192-A;CL GERONA, 3, Es:2 Pl:06 Pt:A;03503;0797703YH5609N0068IE;1;1;37.00;03/01/2024;-0.124054;38.538508
CV-VUT0324091-A;CL GERONA, 3, Es:2 Pl:08 Pt:B;03503;0797703YH5609N0077FO;2;1;37.00;13/10/2023;-0.124054;38.538508
CV-VUT0477513-A;CL GERONA, 3, Es:2 Pl:10 Pt:B;03503;0797703YH5609N0085LF;2;1;37.00;12/07/2019;-0.124054;38.538508
CV-VUT0450434-A;CL GERONA, 17, Es:1 Pl:03 Pt:A;03503;1396308YH5619N0010AP;4;2;96.00;04/10/2016;-0.118233;38.537840
CV-VUT0324012-A;CL GERONA, 17, Es:1 Pl:05 Pt:A;03503;1396308YH5619N0016JH;6;3;96.00;20/06/2023;-0.118233;38.537840
CV-VUT0322018-A;CL GERONA, 17, Es:1 Pl:07 Pt:A;03503;1396308YH5619N0022BL;4;2;96.00;09/08/2016;-0.118233;38.537840
CV-VUT0515571-A;CL GERONA, 17, Es:1 Pl:08 Pt:C;03503;1396308YH5619N0027WQ;4;2;100.00;18/03/2025;-0.118233;38.537840
CV-VUT0321824-A;CL GERONA, 17, Es:1 Pl:10 Pt:B;03503;1396308YH5619N0032RE;2;1;82.00;28/09/2015;-0.118233;38.537840
CV-VUT0484031-A;CL GERONA, 17, Es:1 Pl:11 Pt:A;03503;1396308YH5619N0034YT;4;2;96.00;30/10/2020;-0.118233;38.537840
CV-VUT0466663-A;CL GERONA, 17, Es:1 Pl:13 Pt:A;03503;1396308YH5619N0040OI;6;3;96.00;14/05/2018;-0.118233;38.537840
CV-VUT0324239-A;CL GERONA, 17, Es:1 Pl:14 Pt:B;03503;1396308YH5619N0044DS;4;2;82.00;01/03/2024;-0.118233;38.537840
CV-VUT0322889-A;CL GERONA, 2, Es:1 Pl:08 Pt:A;03503;0796701YH5609N0249QL;6;3;104.00;18/08/2018;-0.124203;38.537886
CV-VUT0321878-A;CL GERONA, 2, Es:1 Pl:09 Pt:B;03503;0796701YH5609N0253WB;2;1;58.00;05/04/2016;-0.124203;38.537886
CV-VUT0320813-A;CL GERONA, 2, Es:1 Pl:12 Pt:B;03503;0796701YH5609N0262IE;2;1;58.00;20/10/2008;-0.124203;38.537886
CV-VUT0503934-A;CL GERONA, 2, Es:1 Pl:16 Pt:B;03503;0796701YH5609N0274JS;2;1;58.00;18/12/2023;-0.124203;38.537886
CV-VUT0482079-A;CL GERONA, 2, Es:1 Pl:19 Pt:A;03503;0796701YH5609N0282XJ;10;5;232.00;26/05/2020;-0.124203;38.537886
CV-VUT0322238-A;CL GERONA, 22, Es:1 Pl:02 Pt:02;03503;1495202YH5619N0030MQ;2;1;58.00;21/07/2017;-0.116689;38.537292
CV-VUT0324109-A;CL GERONA, 22, Es:1 Pl:04 Pt:02;03503;1495202YH5619N0042OP;4;2;58.00;03/11/2023;-0.116689;38.537292
CV-VUT0324150-A;CL GERONA, 22, Es:1 Pl:04 Pt:04;03503;1495202YH5619N0044AS;2;1;58.00;16/01/2024;-0.116689;38.537292
CV-VUT0036292-A;CL GERONA, 22, Es:1 Pl:05 Pt:02;03503;1495202YH5619N0048GH;2;1;58.00;12/05/1994;-0.116689;38.537292
CV-VUT0036293-A;CL GERONA, 22, Es:1 Pl:05 Pt:03;03503;1495202YH5619N0049HJ;2;1;58.00;12/05/1994;-0.116689;38.537292
CV-VUT0036295-A;CL GERONA, 22, Es:1 Pl:05 Pt:04;03503;1495202YH5619N0050FG;2;1;58.00;12/05/1994;-0.116689;38.537292
CV-VUT0036294-A;CL GERONA, 22, Es:1 Pl:05 Pt:05;03503;1495202YH5619N0051GH;2;1;58.00;12/05/1994;-0.116689;38.537292
CV-VUT0324002-A;CL GERONA, 22, Es:1 Pl:07 Pt:01;03503;1495202YH5619N0059MQ;4;2;88.00;02/06/2023;-0.116689;38.537292
CV-VUT0505345-A;CL GERONA, 22, Es:1 Pl:07 Pt:02;03503;1495202YH5619N0060ZX;2;1;58.00;06/02/2024;-0.116689;38.537292
CV-VUT0512856-A;CL GERONA, 22, Es:1 Pl:09 Pt:01;03503;1495202YH5619N0071YU;4;2;88.00;19/11/2024;-0.116689;38.537292
CV-VUT0323523-A;CL GERONA, 22, Es:1 Pl:09 Pt:02;03503;1495202YH5619N0072UI;4;2;58.00;25/06/2021;-0.116689;38.537292
CV-VUT0512857-A;CL GERONA, 22, Es:1 Pl:09 Pt:03;03503;1495202YH5619N0073IO;2;1;58.00;19/11/2024;-0.116689;38.537292
CV-VUT0475746-A;CL GERONA, 22, Es:1 Pl:09 Pt:06;03503;1495202YH5619N0076AS;6;3;88.00;10/05/2019;-0.116689;38.537292
CV-VUT0499244-A;CL GERONA, 22, Es:1 Pl:11 Pt:03;03503;1495202YH5619N0085JK;4;2;58.00;15/06/2023;-0.116689;38.537292
CV-VUT0480709-A;CL GERONA, 22, Es:1 Pl:12 Pt:02;03503;1495202YH5619N0090LB;2;1;58.00;21/01/2020;-0.116689;38.537292
CV-VUT0475741-A;CL GERONA, 22, Es:1 Pl:12 Pt:06;03503;1495202YH5619N0094MQ;6;3;88.00;10/05/2019;-0.116689;38.537292
CV-VUT0323244-A;CL GERONA, 24, Es:1 Pl:03 Pt:A;03503;1495203YH5619N0038JO;6;3;89.00;13/12/2019;-0.116316;38.537265
CV-VUT0470328-A;CL GERONA, 24, Es:1 Pl:08 Pt:A;03503;1495203YH5619N0048QH;6;3;89.00;17/08/2018;-0.116316;38.537265
CV-VUT0513555-A;CL GERONA, 24, Es:1 Pl:14 Pt:A;03503;1495203YH5619N0060UX;8;4;89.00;31/12/2024;-0.116316;38.537265
CV-VUT0513554-A;CL GERONA, 24, Es:1 Pl:15 Pt:A;03503;1495203YH5619N0062OQ;8;4;89.00;31/12/2024;-0.116316;38.537265
CV-VUT0460009-A;CL GERONA, 27, Es:1 Pl:01 Pt:B;03503;1596906YH5619N0003BY;2;1;36.00;21/11/2017;-0.115555;38.537520
CV-VUT0489022-A;CL GERONA, 27, Es:1 Pl:01 Pt:C;03503;1596906YH5619N0004ZU;2;1;48.00;15/03/2022;-0.115555;38.537520
CV-VUT0442827-A;CL GERONA, 27, Es:1 Pl:02 Pt:A;03503;1596906YH5619N0005XI;6;3;53.00;30/04/2015;-0.115555;38.537520
CV-VUT0476297-A;CL GERONA, 27, Es:1 Pl:02 Pt:C;03503;1596906YH5619N0007QP;4;2;48.00;31/05/2019;-0.115555;38.537520
CV-VUT0323008-A;CL GERONA, 27, Es:1 Pl:03 Pt:A;03503;1596906YH5619N0008WA;4;2;53.00;15/05/2019;-0.115555;38.537520
CV-VUT0449567-A;CL GERONA, 27, Es:1 Pl:05 Pt:A;03503;1596906YH5619N0014TF;4;2;53.00;11/08/2016;-0.115555;38.537520
CV-VUT0323885-A;CL GERONA, 27, Es:1 Pl:05 Pt:B;03503;1596906YH5619N0015YG;2;1;36.00;10/01/2023;-0.115555;38.537520
CV-VUT0461640-A;CL GERONA, 27, Es:1 Pl:06 Pt:A;03503;1596906YH5619N0017IJ;4;2;53.00;20/12/2017;-0.115555;38.537520
CV-VUT0458821-A;CL GERONA, 27, Es:1 Pl:06 Pt:C;03503;1596906YH5619N0019PL;4;2;48.00;27/09/2017;-0.115555;38.537520
CV-VUT0475992-A;CL GERONA, 27, Es:1 Pl:07 Pt:C;03503;1596906YH5619N0022PL;4;2;48.00;20/05/2019;-0.115555;38.537520
CV-VUT0313066-A;CL GERONA, 30, Es:1 Pl:00 Pt:A;03503;1595904YH5619N0003BY;2;1;44.00;29/03/1996;-0.115078;38.537117
CV-VUT0318977-A;CL GERONA, 30, Es:1 Pl:00 Pt:B;03503;1595904YH5619N0004ZU;3;2;52.00;28/06/2001;-0.115078;38.537117
CV-VUT0313067-A;CL GERONA, 30, Es:1 Pl:01 Pt:B;03503;1595904YH5619N0008WA;3;2;52.00;29/03/1996;-0.115078;38.537117
CV-VUT0033977-A;CL GERONA, 30, Es:1 Pl:02 Pt:B;03503;1595904YH5619N0011WA;3;2;52.00;05/11/1993;-0.115078;38.537117
CV-VUT0323242-A;CL GERONA, 30, Es:1 Pl:03 Pt:A;03503;1595904YH5619N0013RD;2;1;51.00;13/12/2019;-0.115078;38.537117
CV-VUT0449422-A;CL GERONA, 30, Es:1 Pl:03 Pt:C;03503;1595904YH5619N0015YG;4;2;53.00;08/08/2016;-0.115078;38.537117
CV-VUT0322171-A;CL GERONA, 30, Es:1 Pl:04 Pt:C;03503;1595904YH5619N0018OK;3;2;53.00;22/05/2017;-0.115078;38.537117
CV-VUT0497367-A;CL GERONA, 30, Es:1 Pl:05 Pt:A;03503;1595904YH5619N0019PL;4;2;51.00;27/04/2023;-0.115078;38.537117
CV-VUT0497370-A;CL GERONA, 30, Es:1 Pl:05 Pt:B;03503;1595904YH5619N0020IJ;4;2;52.00;27/04/2023;-0.115078;38.537117
CV-VUT0313068-A;CL GERONA, 30, Es:1 Pl:05 Pt:C;03503;1595904YH5619N0021OK;3;2;53.00;29/03/1996;-0.115078;38.537117
CV-VUT0323467-A;CL GERONA, 30, Es:1 Pl:06 Pt:B;03503;1595904YH5619N0023AB;4;2;52.00;02/02/2021;-0.115078;38.537117
CV-VUT0497368-A;CL GERONA, 30, Es:1 Pl:06 Pt:C;03503;1595904YH5619N0024SZ;4;2;53.00;27/04/2023;-0.115078;38.537117
CV-VUT0313069-A;CL GERONA, 30, Es:1 Pl:07 Pt:A;03503;1595904YH5619N0025DX;3;2;51.00;29/03/1996;-0.115078;38.537117
CV-VUT0313070-A;CL GERONA, 30, Es:1 Pl:07 Pt:B;03503;1595904YH5619N0026FM;3;2;52.00;29/03/1996;-0.115078;38.537117
CV-VUT0313071-A;CL GERONA, 30, Es:1 Pl:07 Pt:C;03503;1595904YH5619N0027GQ;3;2;53.00;29/03/1996;-0.115078;38.537117
CV-VUT0318980-A;CL GERONA, 30, Es:1 Pl:08 Pt:C;03503;1595904YH5619N0030GQ;3;2;53.00;28/06/2001;-0.115078;38.537117
CV-VUT0323469-A;CL GERONA, 30, Es:1 Pl:09 Pt:A;03503;1595904YH5619N0031HW;4;2;51.00;02/02/2021;-0.115078;38.537117
CV-VUT0323470-A;CL GERONA, 30, Es:1 Pl:09 Pt:B;03503;1595904YH5619N0032JE;4;2;53.00;02/02/2021;-0.115078;38.537117
CV-VUT0323471-A;CL GERONA, 30, Es:1 Pl:09 Pt:C;03503;1595904YH5619N0033KR;4;2;53.00;02/02/2021;-0.115078;38.537117
CV-VUT0323472-A;CL GERONA, 30, Es:1 Pl:10 Pt:B;03503;1595904YH5619N0034LT;4;2;104.00;02/02/2021;-0.115078;38.537117
CV-VUT0323473-A;CL GERONA, 30, Es:1 Pl:10 Pt:C;03503;1595904YH5619N0035BY;4;2;53.00;02/02/2021;-0.115078;38.537117
CV-VUT0323969-A;CL GERONA, 30, Es:1 Pl:11 Pt:B;03503;1595904YH5619N0037XI;4;2;52.00;04/05/2023;-0.115078;38.537117
CV-VUT0496266-A;CL GERONA, 30, Es:1 Pl:12 Pt:A;03503;1595904YH5619N0039QP;4;2;51.00;20/03/2023;-0.115078;38.537117
CV-VUT0323676-A;CL GERONA, 30, Es:1 Pl:13 Pt:B;03503;1595904YH5619N0043WA;4;2;52.00;24/04/2022;-0.115078;38.537117
CV-VUT0522142-A;CL GERONA, 30, Es:1 Pl:14 Pt:B;03503;1595904YH5619N0046TF;4;2;52.00;06/07/2026;-0.115078;38.537117
CV-VUT0313073-A;CL GERONA, 30, Es:1 Pl:14 Pt:C;03503;1595904YH5619N0047YG;3;2;53.00;29/03/1996;-0.115078;38.537117
CV-VUT0467588-A;CL GERONA, 30, Es:1 Pl:15 Pt:B;03503;1595904YH5619N0049IJ;4;2;53.00;30/05/2018;-0.115078;38.537117
CV-VUT0313074-A;CL GERONA, 30, Es:1 Pl:15 Pt:C;03503;1595904YH5619N0050YG;3;2;53.00;29/03/1996;-0.115078;38.537117
CV-VUT0313075-A;CL GERONA, 30, Es:1 Pl:16 Pt:B;03503;1595904YH5619N0051UH;3;2;58.00;29/03/1996;-0.115078;38.537117
CV-VUT0476466-A;CL GERONA, 32, Es:1 Pl:01 Pt:A;03503;1595905YH5619N0010PP;4;2;77.00;06/06/2019;-0.114670;38.537115
CV-VUT0476467-A;CL GERONA, 32, Es:1 Pl:01 Pt:B;03503;1595905YH5619N0011AA;2;1;52.00;06/06/2019;-0.114670;38.537115
CV-VUT0476469-A;CL GERONA, 32, Es:1 Pl:01 Pt:C;03503;1595905YH5619N0012SS;4;2;77.00;06/06/2019;-0.114670;38.537115
CV-VUT0323020-A;CL GERONA, 32, Es:1 Pl:02 Pt:A;03503;1595905YH5619N0013DD;4;2;77.00;27/05/2019;-0.114670;38.537115
CV-VUT0478045-A;CL GERONA, 32, Es:1 Pl:02 Pt:B;03503;1595905YH5619N0014FF;3;2;52.00;05/08/2019;-0.114670;38.537115
CV-VUT0476323-A;CL GERONA, 32, Es:1 Pl:02 Pt:C;03503;1595905YH5619N0015GG;6;3;77.00;03/06/2019;-0.114670;38.537115
CV-VUT0323019-A;CL GERONA, 32, Es:1 Pl:03 Pt:A;03503;1595905YH5619N0016HH;4;2;77.00;27/05/2019;-0.114670;38.537115
CV-VUT0465606-A;CL GERONA, 32, Es:1 Pl:03 Pt:B;03503;1595905YH5619N0017JJ;2;1;52.00;17/04/2018;-0.114670;38.537115
CV-VUT0462326-A;CL GERONA, 32, Es:1 Pl:04 Pt:A;03503;1595905YH5619N0019LL;4;2;77.00;08/01/2018;-0.114670;38.537115
CV-VUT0461719-A;CL GERONA, 32, Es:1 Pl:04 Pt:B;03503;1595905YH5619N0020JJ;2;1;52.00;21/12/2017;-0.114670;38.537115
CV-VUT0462328-A;CL GERONA, 32, Es:1 Pl:05 Pt:A;03503;1595905YH5619N0022LL;4;2;77.00;08/01/2018;-0.114670;38.537115
CV-VUT0470396-A;CL GERONA, 32, Es:1 Pl:05 Pt:B;03503;1595905YH5619N0023BB;4;2;52.00;27/08/2018;-0.114670;38.537115
CV-VUT0461721-A;CL GERONA, 32, Es:1 Pl:05 Pt:C;03503;1595905YH5619N0024ZZ;4;2;77.00;21/12/2017;-0.114670;38.537115
CV-VUT0462329-A;CL GERONA, 32, Es:1 Pl:06 Pt:A;03503;1595905YH5619N0025XX;4;2;77.00;08/01/2018;-0.114670;38.537115
CV-VUT0461722-A;CL GERONA, 32, Es:1 Pl:06 Pt:B;03503;1595905YH5619N0026MM;2;1;52.00;21/12/2017;-0.114670;38.537115
CV-VUT0461202-A;CL GERONA, 32, Es:1 Pl:07 Pt:C;03503;1595905YH5619N0030QQ;5;3;77.00;12/12/2017;-0.114670;38.537115
CV-VUT0462330-A;CL GERONA, 32, Es:1 Pl:08 Pt:A;03503;1595905YH5619N0031WW;4;2;77.00;08/01/2018;-0.114670;38.537115
CV-VUT0465638-A;CL GERONA, 32, Es:1 Pl:08 Pt:C;03503;1595905YH5619N0033RR;4;2;77.00;18/04/2018;-0.114670;38.537115
CV-VUT0475752-A;CL GERONA, 42, Es:1 Pl:04 Pt:C;03503;1894904YH5619N0015MG;6;3;64.00;10/05/2019;-0.110911;38.536600
CV-VUT0323352-A;CL GERONA, 42, Es:1 Pl:05 Pt:A;03503;1894904YH5619N0016QH;4;2;62.00;01/07/2020;-0.110911;38.536600
CV-VUT0507724-A;CL GERONA, 42, Es:1 Pl:06 Pt:B;03503;1894904YH5619N0020WJ;4;2;46.00;06/05/2024;-0.110911;38.536600
CV-VUT0484780-A;CL GERONA, 42, Es:1 Pl:08 Pt:B;03503;1894904YH5619N0026IM;2;1;46.00;24/01/2021;-0.110911;38.536600
CV-VUT0487970-A;CL GERONA, 42, Es:1 Pl:09 Pt:A;03503;1894904YH5619N0028PW;4;2;62.00;01/12/2021;-0.110911;38.536600
CV-VUT0475709-A;CL GERONA, 42, Es:1 Pl:10 Pt:C;03503;1894904YH5619N0033SR;4;2;60.00;09/05/2019;-0.110911;38.536600
CV-VUT0323137-A;CL GERONA, 43, Es:1 Pl:04 Pt:A;03503;1896112YH5629N0016QB;4;2;83.00;02/10/2019;-0.109399;38.536781
CV-VUT0475743-A;CL GERONA, 43, Es:1 Pl:08 Pt:C;03503;1896112YH5629N0030OT;8;4;83.00;10/05/2019;-0.109399;38.536781
CV-VUT0322137-A;CL GERONA, 43, Es:1 Pl:11 Pt:B;03503;1896112YH5629N0038JD;4;2;62.00;13/04/2017;-0.109399;38.536781
CV-VUT0517856-A;CL GERONA, 43, Es:1 Pl:12 Pt:C;03503;1896112YH5629N0042KF;4;2;83.00;24/07/2025;-0.109399;38.536781
CV-VUT0494418-A;CL GERONA, 43, Es:1 Pl:14 Pt:A;03503;1896112YH5629N0046XK;4;2;83.00;16/01/2023;-0.109399;38.536781
CV-VUT0480723-A;CL GERONA, 48, Es:1 Pl:01 Pt:03;03503;2194702YH5629S0010GX;2;1;35.00;21/01/2020;-0.107740;38.535820
CV-VUT0506490-A;CL GERONA, 48, Es:1 Pl:01 Pt:04;03503;2194702YH5629S0011HM;2;1;35.00;25/03/2024;-0.107740;38.535820
CV-VUT0451993-A;CL GERONA, 48, Es:1 Pl:04 Pt:05;03503;2194702YH5629S0038FZ;2;1;35.00;22/12/2016;-0.107740;38.535820
CV-VUT0451994-A;CL GERONA, 48, Es:1 Pl:04 Pt:06;03503;2194702YH5629S0039GX;2;1;35.00;22/12/2016;-0.107740;38.535820
CV-VUT0486694-A;CL GERONA, 48, Es:1 Pl:05 Pt:01;03503;2194702YH5629S0043HM;2;1;35.00;23/06/2021;-0.107740;38.535820
CV-VUT0472006-A;CL GERONA, 48, Es:1 Pl:05 Pt:09;03503;2194702YH5629S0051ZT;2;1;35.00;20/11/2018;-0.107740;38.535820
CV-VUT0323022-A;CL GERONA, 48, Es:1 Pl:06 Pt:03;03503;2194702YH5629S0054QI;2;1;53.00;27/05/2019;-0.107740;38.535820
CV-VUT0450622-A;CL GERONA, 48, Es:1 Pl:08 Pt:01;03503;2194702YH5629S0066PJ;2;1;35.00;11/10/2016;-0.107740;38.535820
CV-VUT0459630-A;CL GERONA, 48, Es:1 Pl:08 Pt:03;03503;2194702YH5629S0068SL;4;2;53.00;03/11/2017;-0.107740;38.535820
CV-VUT0448238-A;CL GERONA, 48, Es:1 Pl:13 Pt:04;03503;2194702YH5629S0104GX;2;1;35.00;16/06/2016;-0.107740;38.535820
CV-VUT0481292-A;CL GERONA, 48, Es:1 Pl:14 Pt:06;03503;2194702YH5629S0114XY;2;1;35.00;20/02/2020;-0.107740;38.535820
CV-VUT0505883-A;CL GERONA, 48, Es:1 Pl:14 Pt:07;03503;2194702YH5629S0115MU;2;1;35.00;01/03/2024;-0.107740;38.535820
CV-VUT0324171-A;CL GERONA, 48, Es:1 Pl:15 Pt:01;03503;2194702YH5629S0116QI;8;4;141.00;01/02/2024;-0.107740;38.535820
CV-VUT0481943-A;CL GERONA, 48, Es:1 Pl:15 Pt:02;03503;2194702YH5629S0117WO;2;1;35.00;13/05/2020;-0.107740;38.535820
CV-VUT0500280-A;CL GERONA, 6, Es:1 Pl:05 Pt:A;03503;0996102YH5609N0013YO;4;2;71.00;21/07/2023;-0.122199;38.537900
CV-VUT0324146-A;CL GERONA, 6, Es:1 Pl:07 Pt:B;03503;0996102YH5609N0018AF;4;2;71.00;30/12/2023;-0.122199;38.537900
CV-VUT0483112-A;CL GERONA, 6, Es:1 Pl:08 Pt:A;03503;0996102YH5609N0019SG;4;2;71.00;31/08/2020;-0.122199;38.537900
CV-VUT0482255-A;CL GERONA, 6, Es:1 Pl:09 Pt:A;03503;0996102YH5609N0021AF;4;2;71.00;11/06/2020;-0.122199;38.537900
CV-VUT0478831-A;CL GERONA, 8, Es:1 Pl:03 Pt:F;03503;1095401YH5609N0028OZ;4;2;65.00;26/09/2019;-0.121417;38.537686
CV-VUT0323515-A;CL GERONA, 8, Es:1 Pl:09 Pt:A;03503;1095401YH5609N0059IB;2;1;65.00;04/06/2021;-0.121417;38.537686
CV-VUT0459543-A;CL GERONA, 8, Es:1 Pl:10 Pt:D;03503;1095401YH5609N0068FE;2;1;41.00;27/10/2017;-0.121417;38.537686
CV-VUT0459537-A;CL GERONA, 8, Es:1 Pl:10 Pt:E;03503;1095401YH5609N0069GR;2;1;41.00;27/10/2017;-0.121417;38.537686
CV-VUT0322104-A;CL GERONA, 8, Es:1 Pl:10 Pt:F;03503;1095401YH5609N0070DW;2;1;65.00;31/01/2017;-0.121417;38.537686
CV-VUT0322193-A;CL GERONA, 8, Es:1 Pl:11 Pt:A;03503;1095401YH5609N0071FE;3;2;65.00;09/06/2017;-0.121417;38.537686
CV-VUT0498894-A;CL GERONA, 8, Es:1 Pl:11 Pt:D;03503;1095401YH5609N0074JY;2;1;41.00;06/06/2023;-0.121417;38.537686
CV-VUT0498900-A;CL GERONA, 8, Es:1 Pl:11 Pt:E;03503;1095401YH5609N0075KU;2;1;41.00;06/06/2023;-0.121417;38.537686
CV-VUT0475341-A;CL GERONA, 8, Es:1 Pl:12 Pt:C;03503;1095401YH5609N0079XA;2;1;41.00;24/04/2019;-0.121417;38.537686
CV-VUT0003680-A;CL IBIZA, 10, Es:1 Pl:01 Pt:D;03503;1397301YH5619N0147UK;2;1;65.00;28/10/1993;-0.118148;38.539042
CV-VUT0462212-A;CL IBIZA, 10, Es:1 Pl:01 Pt:E;03503;1397301YH5619N0148IL;2;1;65.00;29/12/2017;-0.118148;38.539042
CV-VUT0321985-A;CL IBIZA, 10, Es:1 Pl:01 Pt:F;03503;1397301YH5619N0149OB;4;2;95.00;29/07/2016;-0.118148;38.539042
CV-VUT0321986-A;CL IBIZA, 10, Es:1 Pl:03 Pt:A;03503;1397301YH5619N0156DQ;4;2;95.00;29/07/2016;-0.118148;38.539042
CV-VUT0481212-A;CL IBIZA, 10, Es:1 Pl:03 Pt:D;03503;1397301YH5619N0159HR;2;1;65.00;18/02/2020;-0.118148;38.539042
CV-VUT0324307-A;CL IBIZA, 10, Es:1 Pl:03 Pt:E;03503;1397301YH5619N0160FW;4;2;65.00;10/05/2024;-0.118148;38.539042
CV-VUT0444024-A;CL IBIZA, 10, Es:1 Pl:04 Pt:B;03503;1397301YH5619N0163JT;2;1;65.00;12/08/2015;-0.118148;38.539042
CV-VUT0323156-A;CL IBIZA, 10, Es:1 Pl:04 Pt:D;03503;1397301YH5619N0165LU;2;1;65.00;19/10/2019;-0.118148;38.539042
CV-VUT0318635-A;CL IBIZA, 10, Es:1 Pl:04 Pt:F;03503;1397301YH5619N0167ZO;2;1;95.00;03/08/2000;-0.118148;38.539042
CV-VUT0323027-A;CL IBIZA, 10, Es:1 Pl:05 Pt:C;03503;1397301YH5619N0170ZO;2;1;65.00;29/05/2019;-0.118148;38.539042
CV-VUT0320505-A;CL IBIZA, 10, Es:1 Pl:07 Pt:D;03503;1397301YH5619N0183IL;2;1;65.00;31/08/2006;-0.118148;38.539042
CV-VUT0323893-A;CL IBIZA, 10, Es:1 Pl:08 Pt:E;03503;1397301YH5619N0190SM;2;1;65.00;18/01/2023;-0.118148;38.539042
CV-VUT0003208-A;CL IBIZA, 10, Es:1 Pl:09 Pt:E;03503;1397301YH5619N0196KY;2;1;65.00;05/10/1993;-0.118148;38.539042
CV-VUT0321983-A;CL IBIZA, 10, Es:1 Pl:11 Pt:D;03503;1397301YH5619N0206RG;2;1;65.00;29/07/2016;-0.118148;38.539042
CV-VUT0514329-A;CL IBIZA, 10, Es:1 Pl:11 Pt:E;03503;1397301YH5619N0207TH;2;1;65.00;19/02/2025;-0.118148;38.539042
CV-VUT0457265-A;CL IBIZA, 10, Es:1 Pl:13 Pt:B;03503;1397301YH5619N0216AX;2;1;65.00;18/07/2017;-0.118148;38.539042
CV-VUT0482191-A;CL IBIZA, 10, Es:1 Pl:13 Pt:E;03503;1397301YH5619N0219FW;2;1;65.00;08/06/2020;-0.118148;38.539042
CV-VUT0318241-A;CL IBIZA, 10, Es:1 Pl:14 Pt:A;03503;1397301YH5619N0221DQ;4;2;95.00;26/07/1999;-0.118148;38.539042
CV-VUT0319468-A;CL IBIZA, 10, Es:1 Pl:14 Pt:D;03503;1397301YH5619N0224HR;2;1;65.00;30/08/2002;-0.118148;38.539042
CV-VUT0034931-A;CL IBIZA, 10, Es:1 Pl:15 Pt:C;03503;1397301YH5619N0229ZO;2;1;65.00;25/03/1994;-0.118148;38.539042
CV-VUT0031175-A;CL IBIZA, 10, Es:1 Pl:15 Pt:E;03503;1397301YH5619N0231BI;2;1;65.00;25/11/1993;-0.118148;38.539042
CV-VUT0486283-A;CL IBIZA, 10, Es:1 Pl:18 Pt:E;03503;1397301YH5619N0249SM;2;1;65.00;28/05/2021;-0.118148;38.539042
CV-VUT0319587-A;CL IBIZA, 10, Es:1 Pl:19 Pt:A;03503;1397301YH5619N0251AX;4;2;95.00;24/04/2003;-0.118148;38.539042
CV-VUT0003682-A;CL IBIZA, 10, Es:1 Pl:19 Pt:D;03503;1397301YH5619N0254FW;2;1;65.00;28/10/1993;-0.118148;38.539042
CV-VUT0502677-A;CL IBIZA, 10, Es:1 Pl:19 Pt:E;03503;1397301YH5619N0255GE;2;1;65.00;27/10/2023;-0.118148;38.539042
CV-VUT0319667-A;CL IBIZA, 10, Es:1 Pl:20 Pt:A;03503;1397301YH5619N0257JT;4;2;95.00;20/06/2003;-0.118148;38.539042
CV-VUT0324058-A;CL IBIZA, 10, Es:1 Pl:20 Pt:D;03503;1397301YH5619N0260JT;2;1;65.00;26/09/2023;-0.118148;38.539042
CV-VUT0322991-A;CL IBIZA, 10, Es:1 Pl:21 Pt:B;03503;1397301YH5619N0264ZO;2;1;65.00;10/05/2019;-0.118148;38.539042
CV-VUT0031178-A;CL IBIZA, 10, Es:1 Pl:21 Pt:E;03503;1397301YH5619N0267QS;2;1;65.00;25/11/1993;-0.118148;38.539042
CV-VUT0442296-A;CL IBIZA, 10, Es:1 Pl:22 Pt:B;03503;1397301YH5619N0270QS;4;2;65.00;23/03/2015;-0.118148;38.539042
CV-VUT0442297-A;CL IBIZA, 10, Es:1 Pl:22 Pt:C;03503;1397301YH5619N0271WD;4;2;65.00;23/03/2015;-0.118148;38.539042
CV-VUT0311146-A;CL IBIZA, 10, Es:1 Pl:22 Pt:E;03503;1397301YH5619N0273RG;2;1;65.00;30/06/1995;-0.118148;38.539042
CV-VUT0320600-A;CL IBIZA, 10, Es:1 Pl:22 Pt:F;03503;1397301YH5619N0274TH;2;1;95.00;07/05/2007;-0.118148;38.539042
CV-VUT0321984-A;CL IBIZA, 10, Es:1 Pl:23 Pt:B;03503;1397301YH5619N0276UK;2;1;65.00;29/07/2016;-0.118148;38.539042
CV-VUT0470327-A;CL IBIZA, 10, Es:1 Pl:24 Pt:F;03503;1397301YH5619N0286FW;4;2;95.00;17/08/2018;-0.118148;38.539042
CV-VUT0315597-A;CL IBIZA, 8, Es:2 Pl:01 Pt:E;03503;1397301YH5619N0292JT;2;1;65.00;10/07/1997;-0.118148;38.539042
CV-VUT0312855-A;CL IBIZA, 8, Es:2 Pl:02 Pt:B;03503;1397301YH5619N0295BI;2;1;65.00;08/03/1996;-0.118148;38.539042
CV-VUT0312856-A;CL IBIZA, 8, Es:2 Pl:02 Pt:C;03503;1397301YH5619N0296ZO;2;1;65.00;08/03/1996;-0.118148;38.539042
CV-VUT0312857-A;CL IBIZA, 8, Es:2 Pl:02 Pt:D;03503;1397301YH5619N0297XP;2;1;65.00;08/03/1996;-0.118148;38.539042
CV-VUT0312858-A;CL IBIZA, 8, Es:2 Pl:03 Pt:B;03503;1397301YH5619N0301WD;2;1;65.00;08/03/1996;-0.118148;38.539042
CV-VUT0312859-A;CL IBIZA, 8, Es:2 Pl:03 Pt:E;03503;1397301YH5619N0304TH;2;1;65.00;08/03/1996;-0.118148;38.539042
CV-VUT0319585-A;CL IBIZA, 8, Es:2 Pl:05 Pt:B;03503;1397301YH5619N0314SM;2;1;65.00;24/04/2003;-0.118148;38.539042
CV-VUT0320509-A;CL IBIZA, 8, Es:2 Pl:05 Pt:C;03503;1397301YH5619N0315DQ;2;1;65.00;31/08/2006;-0.118148;38.539042
CV-VUT0315606-A;CL IBIZA, 8, Es:2 Pl:06 Pt:D;03503;1397301YH5619N0322JT;2;1;65.00;09/07/1997;-0.118148;38.539042
CV-VUT0320507-A;CL IBIZA, 8, Es:2 Pl:06 Pt:E;03503;1397301YH5619N0323KY;2;1;65.00;31/08/2006;-0.118148;38.539042
CV-VUT0323571-A;CL IBIZA, 8, Es:2 Pl:07 Pt:E;03503;1397301YH5619N0329QS;2;1;65.00;11/11/2021;-0.118148;38.539042
CV-VUT0321962-A;CL IBIZA, 8, Es:2 Pl:08 Pt:D;03503;1397301YH5619N0333WD;2;1;65.00;05/07/2016;-0.118148;38.539042
CV-VUT0482865-A;CL IBIZA, 8, Es:2 Pl:09 Pt:C;03503;1397301YH5619N0337YJ;2;1;65.00;06/08/2020;-0.118148;38.539042
CV-VUT0312860-A;CL IBIZA, 8, Es:2 Pl:09 Pt:D;03503;1397301YH5619N0338UK;2;1;65.00;08/03/1996;-0.118148;38.539042
CV-VUT0003659-A;CL IBIZA, 8, Es:2 Pl:11 Pt:E;03503;1397301YH5619N0351FW;2;1;65.00;28/10/1993;-0.118148;38.539042
CV-VUT0003212-A;CL IBIZA, 8, Es:2 Pl:12 Pt:C;03503;1397301YH5619N0355KY;2;1;65.00;05/10/1993;-0.118148;38.539042
CV-VUT0322632-A;CL IBIZA, 8, Es:2 Pl:12 Pt:D;03503;1397301YH5619N0356LU;2;1;65.00;06/06/2018;-0.118148;38.539042
CV-VUT0034925-A;CL IBIZA, 8, Es:2 Pl:13 Pt:B;03503;1397301YH5619N0360BI;2;1;65.00;25/03/1994;-0.118148;38.539042
CV-VUT0459357-A;CL IBIZA, 8, Es:2 Pl:14 Pt:D;03503;1397301YH5619N0368TH;2;1;65.00;20/10/2017;-0.118148;38.539042
CV-VUT0318242-A;CL IBIZA, 8, Es:2 Pl:14 Pt:E;03503;1397301YH5619N0369YJ;2;1;65.00;26/07/1999;-0.118148;38.539042
CV-VUT0320508-A;CL IBIZA, 8, Es:2 Pl:17 Pt:C;03503;1397301YH5619N0385HR;2;1;65.00;31/08/2006;-0.118148;38.539042
CV-VUT0458878-A;CL IBIZA, 8, Es:2 Pl:17 Pt:F;03503;1397301YH5619N0388LU;4;2;95.00;29/09/2017;-0.118148;38.539042
CV-VUT0321987-A;CL IBIZA, 8, Es:2 Pl:19 Pt:C;03503;1397301YH5619N0397WD;2;1;65.00;29/07/2016;-0.118148;38.539042
CV-VUT0312861-A;CL IBIZA, 8, Es:2 Pl:20 Pt:B;03503;1397301YH5619N0402YJ;2;1;65.00;08/03/1996;-0.118148;38.539042
CV-VUT0312862-A;CL IBIZA, 8, Es:2 Pl:20 Pt:C;03503;1397301YH5619N0403UK;2;1;65.00;08/03/1996;-0.118148;38.539042
CV-VUT0311145-A;CL IBIZA, 8, Es:2 Pl:20 Pt:E;03503;1397301YH5619N0405OB;2;1;65.00;30/06/1995;-0.118148;38.539042
CV-VUT0318081-A;CL IBIZA, 8, Es:2 Pl:21 Pt:E;03503;1397301YH5619N0411SM;2;1;65.00;06/05/1999;-0.118148;38.539042
CV-VUT0312864-A;CL IBIZA, 8, Es:2 Pl:22 Pt:B;03503;1397301YH5619N0414GE;2;1;65.00;08/03/1996;-0.118148;38.539042
CV-VUT0312865-A;CL IBIZA, 8, Es:2 Pl:22 Pt:C;03503;1397301YH5619N0415HR;2;1;65.00;08/03/1996;-0.118148;38.539042
CV-VUT0037755-A;CL IBIZA, 8, Es:2 Pl:23 Pt:A;03503;1397301YH5619N0419BI;4;2;95.00;10/08/1994;-0.118148;38.539042
CV-VUT0312866-A;CL IBIZA, 8, Es:2 Pl:23 Pt:B;03503;1397301YH5619N0420KY;2;1;65.00;08/03/1996;-0.118148;38.539042
CV-VUT0312867-A;CL IBIZA, 8, Es:2 Pl:23 Pt:C;03503;1397301YH5619N0421LU;2;1;65.00;08/03/1996;-0.118148;38.539042
CV-VUT0319589-A;CL IBIZA, 8, Es:2 Pl:24 Pt:A;03503;1397301YH5619N0425MA;4;2;95.00;24/04/2003;-0.118148;38.539042
CV-VUT0472150-A;CL IBIZA, 8, Es:2 Pl:24 Pt:C;03503;1397301YH5619N0427WD;2;1;65.00;23/11/2018;-0.118148;38.539042
CV-VUT0479697-A;CL IBIZA, 12, Es:1 Pl:10 Pt:01;03503;1497401YH5619N0061IM;4;2;95.00;14/11/2019;-0.116478;38.539468
CV-VUT0323522-A;CL IBIZA, 12, Es:1 Pl:16 Pt:02;03503;1497401YH5619N0080ZD;6;3;122.00;25/06/2021;-0.116478;38.539468
CV-VUT0313423-A;CL IBIZA, 15, Es:1 Pl:00 Pt:A;03503;1498402YH5619N0001ER;4;2;785.00;20/05/1996;-0.115927;38.539698
CV-VUT0313422-A;CL IBIZA, 15, Es:1 Pl:00 Pt:B;03503;1498402YH5619N0002RT;4;2;93.00;20/05/1996;-0.115927;38.539698
CV-VUT0036463-A;CL IBIZA, 15, Es:1 Pl:01 Pt:C;03503;1498402YH5619N0004YU;0; ;71.00;17/05/1994;-0.115927;38.539698
CV-VUT0036464-A;CL IBIZA, 15, Es:1 Pl:01 Pt:D;03503;1498402YH5619N0005UI;4;2;71.00;17/05/1994;-0.115927;38.539698
CV-VUT0313424-A;CL IBIZA, 15, Es:1 Pl:02 Pt:A;03503;1498402YH5619N0006IO;4;2;71.00;20/05/1996;-0.115927;38.539698
CV-VUT0313425-A;CL IBIZA, 15, Es:1 Pl:02 Pt:B;03503;1498402YH5619N0007OP;0; ;71.00;20/05/1996;-0.115927;38.539698
CV-VUT0313426-A;CL IBIZA, 15, Es:1 Pl:02 Pt:C;03503;1498402YH5619N0008PA;4;2;71.00;20/05/1996;-0.115927;38.539698
CV-VUT0036465-A;CL IBIZA, 15, Es:1 Pl:02 Pt:D;03503;1498402YH5619N0009AS;4;2;71.00;17/05/1994;-0.115927;38.539698
CV-VUT0313428-A;CL IBIZA, 15, Es:1 Pl:03 Pt:A;03503;1498402YH5619N0010OP;4;2;71.00;20/05/1996;-0.115927;38.539698
CV-VUT0313429-A;CL IBIZA, 15, Es:1 Pl:03 Pt:B;03503;1498402YH5619N0011PA;4;2;71.00;20/05/1996;-0.115927;38.539698
CV-VUT0313430-A;CL IBIZA, 15, Es:1 Pl:03 Pt:C;03503;1498402YH5619N0012AS;4;2;71.00;20/05/1996;-0.115927;38.539698
CV-VUT0319947-A;CL IBIZA, 15, Es:1 Pl:03 Pt:D;03503;1498402YH5619N0013SD;4;2;71.00;04/12/2003;-0.115927;38.539698
CV-VUT0321064-A;CL IBIZA, 15, Es:1 Pl:04 Pt:B;03503;1498402YH5619N0015FG;4;2;71.00;14/12/2009;-0.115927;38.539698
CV-VUT0505016-A;CL IBIZA, 15, Es:1 Pl:04 Pt:C;03503;1498402YH5619N0016GH;4;2;71.00;01/02/2024;-0.115927;38.539698
CV-VUT0036466-A;CL IBIZA, 15, Es:1 Pl:04 Pt:D;03503;1498402YH5619N0017HJ;4;2;71.00;17/05/1994;-0.115927;38.539698
CV-VUT0036467-A;CL IBIZA, 15, Es:1 Pl:05 Pt:D;03503;1498402YH5619N0021JK;4;2;71.00;17/05/1994;-0.115927;38.539698
CV-VUT0036468-A;CL IBIZA, 15, Es:1 Pl:06 Pt:A;03503;1498402YH5619N0022KL;4;2;71.00;17/05/1994;-0.115927;38.539698
CV-VUT0313427-A;CL IBIZA, 15, Es:1 Pl:06 Pt:B;03503;1498402YH5619N0023LB;4;2;71.00;20/05/1996;-0.115927;38.539698
CV-VUT0319946-A;CL IBIZA, 15, Es:1 Pl:06 Pt:C;03503;1498402YH5619N0024BZ;4;2;71.00;04/12/2003;-0.115927;38.539698
CV-VUT0321063-A;CL IBIZA, 15, Es:1 Pl:06 Pt:D;03503;1498402YH5619N0025ZX;4;2;71.00;14/12/2009;-0.115927;38.539698
CV-VUT0036471-A;CL IBIZA, 15, Es:1 Pl:07 Pt:A;03503;1498402YH5619N0026XM;4;2;71.00;17/05/1994;-0.115927;38.539698
CV-VUT0036469-A;CL IBIZA, 15, Es:1 Pl:07 Pt:C;03503;1498402YH5619N0028QW;4;2;71.00;17/05/1994;-0.115927;38.539698
CV-VUT0036470-A;CL IBIZA, 15, Es:1 Pl:07 Pt:D;03503;1498402YH5619N0029WE;4;2;71.00;17/05/1994;-0.115927;38.539698
CV-VUT0319943-A;CL IBIZA, 15, Es:1 Pl:08 Pt:A;03503;1498402YH5619N0030MQ;4;2;71.00;04/12/2003;-0.115927;38.539698
CV-VUT0319944-A;CL IBIZA, 15, Es:1 Pl:08 Pt:B;03503;1498402YH5619N0031QW;4;2;71.00;04/12/2003;-0.115927;38.539698
CV-VUT0319945-A;CL IBIZA, 15, Es:1 Pl:08 Pt:C;03503;1498402YH5619N0032WE;4;2;71.00;04/12/2003;-0.115927;38.539698
CV-VUT0313421-A;CL IBIZA, 15, Es:1 Pl:08 Pt:D;03503;1498402YH5619N0033ER;4;2;71.00;20/05/1996;-0.115927;38.539698
CV-VUT0481754-A;CL IBIZA, 16, Es:1 Pl:05 Pt:0B;03503;1597503YH5619N0073IO;4;2;59.00;10/04/2020;-0.115503;38.539140
CV-VUT0493811-A;CL IBIZA, 16, Es:1 Pl:05 Pt:E;03503;1597503YH5619N0076AS;4;2;70.00;05/12/2022;-0.115503;38.539140
CV-VUT0032498-A;CL IBIZA, 16, Es:1 Pl:09 Pt:D;03503;1597503YH5619N0095QW;4;2;59.00;25/10/1993;-0.115503;38.539140
CV-VUT0323838-A;CL IBIZA, 16, Es:1 Pl:11 Pt:0B;03503;1597503YH5619N0103IO;2;1;59.00;23/11/2022;-0.115503;38.539140
CV-VUT0322585-A;CL IBIZA, 16, Es:1 Pl:11 Pt:0D;03503;1597503YH5619N0105PA;1;1;59.00;22/05/2018;-0.115503;38.539140
CV-VUT0318816-A;CL IBIZA, 16, Es:1 Pl:13 Pt:0D;03503;1597503YH5619N0115JK;2;1;59.00;23/05/2001;-0.115503;38.539140
CV-VUT0318674-A;CL IBIZA, 16, Es:1 Pl:14 Pt:B;03503;1597503YH5619N0118BZ;3;2;59.00;19/10/2000;-0.115503;38.539140
CV-VUT0461847-A;CL IBIZA, 16, Es:1 Pl:14 Pt:C;03503;1597503YH5619N0119ZX;2;1;59.00;22/12/2017;-0.115503;38.539140
CV-VUT0483721-A;CL IBIZA, 16, Es:1 Pl:17 Pt:0C;03503;1597503YH5619N0134UI;2;1;59.00;19/10/2020;-0.115503;38.539140
CV-VUT0324308-A;CL IBIZA, 6, Bloque:1 Es:1 Pl:01 Pt:B;03503;1198701YH5619N0056QZ;4;2;103.00;10/05/2024;-0.119447;38.539329
CV-VUT0514111-A;CL IBIZA, 6, Bloque:1 Es:1 Pl:05 Pt:A;03503;1198701YH5619N0071PU;6;3;125.00;27/01/2025;-0.119447;38.539329
CV-VUT0319039-A;CL IBIZA, 6, Bloque:1 Es:1 Pl:07 Pt:B;03503;1198701YH5619N0080HD;4;2;103.00;07/08/2001;-0.119447;38.539329
CV-VUT0320513-A;CL IBIZA, 6, Bloque:1 Es:1 Pl:09 Pt:A;03503;1198701YH5619N0087MB;6;3;125.00;31/08/2006;-0.119447;38.539329
CV-VUT0320514-A;CL IBIZA, 6, Bloque:1 Es:1 Pl:09 Pt:B;03503;1198701YH5619N0088QZ;4;2;103.00;31/08/2006;-0.119447;38.539329
CV-VUT0321995-A;CL IBIZA, 6, Bloque:1 Es:1 Pl:09 Pt:C;03503;1198701YH5619N0089WX;4;2;103.00;29/07/2016;-0.119447;38.539329
CV-VUT0319216-A;CL IBIZA, 6, Bloque:1 Es:1 Pl:11 Pt:C;03503;1198701YH5619N0097UR;4;2;103.00;10/04/2002;-0.119447;38.539329
CV-VUT0323072-A;CL IBIZA, 6, Bloque:1 Es:1 Pl:12 Pt:C;03503;1198701YH5619N0101PU;4;2;103.00;03/07/2019;-0.119447;38.539329
CV-VUT0322976-A;CL IBIZA, 6, Bloque:1 Es:1 Pl:18 Pt:B;03503;1198701YH5619N0124RQ;4;2;103.00;23/04/2019;-0.119447;38.539329
CV-VUT0321996-A;CL IBIZA, 6, Bloque:1 Es:1 Pl:20 Pt:C;03503;1198701YH5619N0133PU;4;2;103.00;29/07/2016;-0.119447;38.539329
CV-VUT0319042-A;CL IBIZA, 6, Bloque:1 Es:1 Pl:27 Pt:N;03503;1198701YH5619N0154WX;4;2;108.00;07/08/2001;-0.119447;38.539329
CV-VUT0319004-A;CL IBIZA, 6, Bloque:2 Es:2 Pl:01 Pt:B;03503;1198701YH5619N0160TW;2;1;74.00;07/08/2001;-0.119447;38.539329
CV-VUT0319008-A;CL IBIZA, 6, Bloque:2 Es:2 Pl:01 Pt:C;03503;1198701YH5619N0161YE;2;1;70.00;07/08/2001;-0.119447;38.539329
CV-VUT0321998-A;CL IBIZA, 6, Bloque:2 Es:2 Pl:02 Pt:A;03503;1198701YH5619N0164OY;4;2;103.00;29/07/2016;-0.119447;38.539329
CV-VUT0319011-A;CL IBIZA, 6, Bloque:2 Es:2 Pl:02 Pt:B;03503;1198701YH5619N0165PU;2;1;74.00;07/08/2001;-0.119447;38.539329
CV-VUT0319009-A;CL IBIZA, 6, Bloque:2 Es:2 Pl:02 Pt:C;03503;1198701YH5619N0166AI;2;1;70.00;07/08/2001;-0.119447;38.539329
CV-VUT0319012-A;CL IBIZA, 6, Bloque:2 Es:2 Pl:02 Pt:D;03503;1198701YH5619N0167SO;2;1;74.00;07/08/2001;-0.119447;38.539329
CV-VUT0319013-A;CL IBIZA, 6, Bloque:2 Es:2 Pl:03 Pt:B;03503;1198701YH5619N0170SO;2;1;74.00;07/08/2001;-0.119447;38.539329
CV-VUT0319014-A;CL IBIZA, 6, Bloque:2 Es:2 Pl:03 Pt:C;03503;1198701YH5619N0171DP;2;1;70.00;07/08/2001;-0.119447;38.539329
CV-VUT0319016-A;CL IBIZA, 6, Bloque:2 Es:2 Pl:03 Pt:D;03503;1198701YH5619N0172FA;2;1;74.00;07/08/2001;-0.119447;38.539329
CV-VUT0319959-A;CL IBIZA, 6, Bloque:2 Es:2 Pl:04 Pt:B;03503;1198701YH5619N0175JF;2;1;74.00;04/03/2004;-0.119447;38.539329
CV-VUT0319076-A;CL IBIZA, 6, Bloque:2 Es:2 Pl:04 Pt:C;03503;1198701YH5619N0176KG;2;1;70.00;14/08/2001;-0.119447;38.539329
CV-VUT0319960-A;CL IBIZA, 6, Bloque:2 Es:2 Pl:04 Pt:D;03503;1198701YH5619N0177LH;2;1;74.00;04/03/2004;-0.119447;38.539329
CV-VUT0505647-A;CL IBIZA, 6, Bloque:2 Es:2 Pl:05 Pt:A;03503;1198701YH5619N0179ZK;4;2;103.00;21/02/2024;-0.119447;38.539329
CV-VUT0466453-A;CL IBIZA, 6, Bloque:2 Es:2 Pl:05 Pt:B;03503;1198701YH5619N0180LH;2;1;74.00;09/05/2018;-0.119447;38.539329
CV-VUT0518193-A;CL IBIZA, 6, Bloque:2 Es:2 Pl:06 Pt:B;03503;1198701YH5619N0185QZ;2;1;74.00;20/08/2025;-0.119447;38.539329
CV-VUT0518940-A;CL IBIZA, 6, Bloque:2 Es:2 Pl:06 Pt:D;03503;1198701YH5619N0187EM;4;2;74.00;04/11/2025;-0.119447;38.539329
CV-VUT0323739-A;CL IBIZA, 6, Bloque:2 Es:2 Pl:07 Pt:B;03503;1198701YH5619N0190EM;2;1;74.00;12/07/2022;-0.119447;38.539329
CV-VUT0322977-A;CL IBIZA, 6, Bloque:2 Es:2 Pl:07 Pt:C;03503;1198701YH5619N0191RQ;2;1;70.00;23/04/2019;-0.119447;38.539329
CV-VUT0319384-A;CL IBIZA, 6, Bloque:2 Es:2 Pl:08 Pt:C;03503;1198701YH5619N0196OY;2;1;70.00;06/08/2002;-0.119447;38.539329
CV-VUT0319961-A;CL IBIZA, 6, Bloque:2 Es:2 Pl:09 Pt:B;03503;1198701YH5619N0200SO;2;1;72.00;04/03/2004;-0.119447;38.539329
CV-VUT0318759-A;CL IBIZA, 6, Bloque:2 Es:2 Pl:09 Pt:C;03503;1198701YH5619N0201DP;2;1;70.00;24/01/2001;-0.119447;38.539329
CV-VUT0319336-A;CL IBIZA, 6, Bloque:2 Es:2 Pl:10 Pt:C;03503;1198701YH5619N0206KG;2;1;70.00;01/07/2002;-0.119447;38.539329
CV-VUT0319962-A;CL IBIZA, 6, Bloque:2 Es:2 Pl:10 Pt:D;03503;1198701YH5619N0207LH;2;1;74.00;05/03/2004;-0.119447;38.539329
CV-VUT0321068-A;CL IBIZA, 6, Bloque:2 Es:2 Pl:10 Pt:D;03503;1198701YH5619N0207LH;4;2;74.00;13/01/2010;-0.119447;38.539329
CV-VUT0319963-A;CL IBIZA, 6, Bloque:2 Es:2 Pl:11 Pt:B;03503;1198701YH5619N0210LH;2;1;74.00;05/03/2004;-0.119447;38.539329
CV-VUT0319337-A;CL IBIZA, 6, Bloque:2 Es:2 Pl:11 Pt:C;03503;1198701YH5619N0211BJ;2;1;70.00;01/07/2002;-0.119447;38.539329
CV-VUT0319964-A;CL IBIZA, 6, Bloque:2 Es:2 Pl:11 Pt:D;03503;1198701YH5619N0212ZK;2;1;74.00;05/03/2004;-0.119447;38.539329
CV-VUT0488648-A;CL IBIZA, 6, Bloque:2 Es:2 Pl:13 Pt:A;03503;1198701YH5619N0219TW;4;2;103.00;18/02/2022;-0.119447;38.539329
CV-VUT0319017-A;CL IBIZA, 6, Bloque:2 Es:2 Pl:13 Pt:B;03503;1198701YH5619N0220EM;2;1;74.00;07/08/2001;-0.119447;38.539329
CV-VUT0319019-A;CL IBIZA, 6, Bloque:2 Es:2 Pl:13 Pt:D;03503;1198701YH5619N0222TW;2;1;74.00;07/08/2001;-0.119447;38.539329
CV-VUT0319021-A;CL IBIZA, 6, Bloque:2 Es:2 Pl:13 Pt:E;03503;1198701YH5619N0223YE;4;2;103.00;07/08/2001;-0.119447;38.539329
CV-VUT0519144-A;CL IBIZA, 6, Bloque:2 Es:2 Pl:14 Pt:A;03503;1198701YH5619N0224UR;4;2;103.00;18/11/2025;-0.119447;38.539329
CV-VUT0323217-A;CL IBIZA, 6, Bloque:2 Es:2 Pl:14 Pt:C;03503;1198701YH5619N0226OY;2;1;70.00;15/11/2019;-0.119447;38.539329
CV-VUT0321997-A;CL IBIZA, 6, Bloque:2 Es:2 Pl:14 Pt:E;03503;1198701YH5619N0228AI;4;2;103.00;29/07/2016;-0.119447;38.539329
CV-VUT0319486-A;CL IBIZA, 6, Bloque:2 Es:2 Pl:15 Pt:B;03503;1198701YH5619N0230PU;2;1;74.00;14/01/2003;-0.119447;38.539329
CV-VUT0319022-A;CL IBIZA, 6, Bloque:2 Es:2 Pl:15 Pt:D;03503;1198701YH5619N0232SO;2;1;74.00;07/08/2001;-0.119447;38.539329
CV-VUT0319023-A;CL IBIZA, 6, Bloque:2 Es:2 Pl:16 Pt:D;03503;1198701YH5619N0237JF;2;1;74.00;07/08/2001;-0.119447;38.539329
CV-VUT0319025-A;CL IBIZA, 6, Bloque:2 Es:2 Pl:17 Pt:B;03503;1198701YH5619N0240JF;2;1;74.00;07/08/2001;-0.119447;38.539329
CV-VUT0319026-A;CL IBIZA, 6, Bloque:2 Es:2 Pl:17 Pt:D;03503;1198701YH5619N0242LH;2;1;74.00;07/08/2001;-0.119447;38.539329
CV-VUT0319027-A;CL IBIZA, 6, Bloque:2 Es:2 Pl:17 Pt:E;03503;1198701YH5619N0243BJ;4;2;103.00;07/08/2001;-0.119447;38.539329
CV-VUT0319385-A;CL IBIZA, 6, Bloque:2 Es:2 Pl:18 Pt:C;03503;1198701YH5619N0246MB;2;1;70.00;06/08/2002;-0.119447;38.539329
CV-VUT0319029-A;CL IBIZA, 6, Bloque:2 Es:2 Pl:19 Pt:C;03503;1198701YH5619N0251WX;2;1;70.00;07/08/2001;-0.119447;38.539329
CV-VUT0319335-A;CL IBIZA, 6, Bloque:2 Es:2 Pl:20 Pt:C;03503;1198701YH5619N0256UR;2;1;70.00;01/07/2002;-0.119447;38.539329
CV-VUT0319030-A;CL IBIZA, 6, Bloque:2 Es:2 Pl:20 Pt:D;03503;1198701YH5619N0257IT;2;1;74.00;07/08/2001;-0.119447;38.539329
CV-VUT0319592-A;CL IBIZA, 6, Bloque:2 Es:2 Pl:21 Pt:D;03503;1198701YH5619N0262PU;2;1;74.00;24/04/2003;-0.119447;38.539329
CV-VUT0486410-A;CL IBIZA, 6, Bloque:2 Es:2 Pl:21 Pt:E;03503;1198701YH5619N0263AI;4;2;103.00;07/06/2021;-0.119447;38.539329
CV-VUT0319318-A;CL IBIZA, 6, Bloque:2 Es:2 Pl:22 Pt:B;03503;1198701YH5619N0265DP;2;1;74.00;19/06/2002;-0.119447;38.539329
CV-VUT0321999-A;CL IBIZA, 6, Bloque:2 Es:2 Pl:23 Pt:C;03503;1198701YH5619N0271HD;2;1;70.00;29/07/2016;-0.119447;38.539329
CV-VUT0319591-A;CL IBIZA, 6, Bloque:2 Es:2 Pl:23 Pt:D;03503;1198701YH5619N0272JF;2;1;74.00;24/04/2003;-0.119447;38.539329
CV-VUT0319034-A;CL IBIZA, 6, Bloque:2 Es:2 Pl:24 Pt:B;03503;1198701YH5619N0275BJ;2;1;74.00;07/08/2001;-0.119447;38.539329
CV-VUT0319035-A;CL IBIZA, 6, Bloque:2 Es:2 Pl:24 Pt:D;03503;1198701YH5619N0277XL;2;1;74.00;07/08/2001;-0.119447;38.539329
CV-VUT0319036-A;CL IBIZA, 6, Bloque:2 Es:2 Pl:25 Pt:B;03503;1198701YH5619N0280XL;2;1;74.00;07/08/2001;-0.119447;38.539329
CV-VUT0319038-A;CL IBIZA, 6, Bloque:2 Es:2 Pl:25 Pt:D;03503;1198701YH5619N0282QZ;2;1;74.00;07/08/2001;-0.119447;38.539329
CV-VUT0323634-A;CL IBIZA, 6, Es:B Pl:01 Pt:A;03503;1399102YH5619N0114JJ;2;1;70.00;11/03/2022;-0.117921;38.539962
CV-VUT0323894-A;CL IBIZA, 6, Es:B Pl:03 Pt:A;03503;1399102YH5619N0124QQ;2;1;70.00;18/01/2023;-0.117921;38.539962
CV-VUT0321338-A;CL IBIZA, 6, Es:B Pl:03 Pt:C;03503;1399102YH5619N0126EE;2;1;65.00;04/06/2011;-0.117921;38.539962
CV-VUT0003621-A;CL IBIZA, 6, Es:B Pl:04 Pt:B;03503;1399102YH5619N0130RR;2;1;65.00;28/10/1993;-0.117921;38.539962
CV-VUT0321337-A;CL IBIZA, 6, Es:B Pl:05 Pt:C;03503;1399102YH5619N0135OO;2;1;65.00;04/06/2011;-0.117921;38.539962
CV-VUT0459849-A;CL IBIZA, 6, Es:B Pl:05 Pt:E;03503;1399102YH5619N0137AA;4;2;85.00;17/11/2017;-0.117921;38.539962
CV-VUT0512571-A;CL IBIZA, 6, Es:B Pl:06 Pt:A;03503;1399102YH5619N0138SS;4;2;70.00;06/11/2024;-0.117921;38.539962
CV-VUT0323277-A;CL IBIZA, 6, Es:B Pl:07 Pt:A;03503;1399102YH5619N0143FF;2;1;70.00;22/01/2020;-0.117921;38.539962
CV-VUT0323122-A;CL IBIZA, 6, Es:B Pl:07 Pt:C;03503;1399102YH5619N0145HH;2;1;65.00;10/09/2019;-0.117921;38.539962
CV-VUT0485661-A;CL IBIZA, 6, Es:B Pl:09 Pt:B;03503;1399102YH5619N0154XX;2;1;65.00;15/04/2021;-0.117921;38.539962
CV-VUT0003624-A;CL IBIZA, 6, Es:B Pl:10 Pt:B;03503;1399102YH5619N0159RR;2;1;65.00;28/10/1993;-0.117921;38.539962
CV-VUT0318747-A;CL IBIZA, 6, Es:B Pl:11 Pt:B;03503;1399102YH5619N0164YY;2;1;65.00;03/01/2001;-0.117921;38.539962
CV-VUT0469314-A;CL IBIZA, 6, Es:B Pl:11 Pt:C;03503;1399102YH5619N0165UU;4;2;65.00;06/07/2018;-0.117921;38.539962
CV-VUT0322917-A;CL IBIZA, 6, Es:B Pl:11 Pt:D;03503;1399102YH5619N0166II;2;1;65.00;04/02/2019;-0.117921;38.539962
CV-VUT0320207-A;CL IBIZA, 6, Es:B Pl:11 Pt:E;03503;1399102YH5619N0167OO;4;3;85.00;22/01/2005;-0.117921;38.539962
CV-VUT0321990-A;CL IBIZA, 6, Es:B Pl:15 Pt:B;03503;1399102YH5619N0184BB;2;1;65.00;29/07/2016;-0.117921;38.539962
CV-VUT0321991-A;CL IBIZA, 6, Es:B Pl:15 Pt:C;03503;1399102YH5619N0185ZZ;2;1;65.00;29/07/2016;-0.117921;38.539962
CV-VUT0461760-A;CL IBIZA, 6, Es:B Pl:16 Pt:A;03503;1399102YH5619N0188QQ;2;1;70.00;21/12/2017;-0.117921;38.539962
CV-VUT0488282-A;CL IBIZA, 6, Es:B Pl:16 Pt:C;03503;1399102YH5619N0190MM;4;2;65.00;19/01/2022;-0.117921;38.539962
CV-VUT0321992-A;CL IBIZA, 6, Es:B Pl:16 Pt:D;03503;1399102YH5619N0191QQ;2;1;65.00;29/07/2016;-0.117921;38.539962
CV-VUT0312869-A;CL IBIZA, 6, Es:B Pl:18 Pt:B;03503;1399102YH5619N0199OO;2;1;65.00;08/03/1996;-0.117921;38.539962
CV-VUT0482192-A;CL IBIZA, 6, Es:B Pl:18 Pt:D;03503;1399102YH5619N0201PP;2;1;65.00;08/06/2020;-0.117921;38.539962
CV-VUT0321989-A;CL IBIZA, 6, Es:B Pl:19 Pt:B;03503;1399102YH5619N0204DD;2;1;65.00;29/07/2016;-0.117921;38.539962
CV-VUT0003616-A;CL IBIZA, 6, Es:B Pl:20 Pt:D;03503;1399102YH5619N0211JJ;2;1;65.00;28/10/1993;-0.117921;38.539962
CV-VUT0316575-A;CL IBIZA, 6, Es:B Pl:21 Pt:D;03503;1399102YH5619N0216XX;2;1;65.00;20/04/1998;-0.117921;38.539962
CV-VUT0000359-A;CL IBIZA, 6, Es:B Pl:22 Pt:D;03503;1399102YH5619N0221QQ;2;1;65.00;23/08/1993;-0.117921;38.539962
CV-VUT0000358-A;CL IBIZA, 6, Es:B Pl:22 Pt:E;03503;1399102YH5619N0222WW;4;2;85.00;23/08/1993;-0.117921;38.539962
CV-VUT0506302-A;CL IBIZA, 6, Es:B Pl:24 Pt:A;03503;1399102YH5619N0228II;2;1;70.00;18/03/2024;-0.117921;38.539962
CV-VUT0320427-A;CL IBIZA, 7, Es:2 Pl:10 Pt:C;03503;1399102YH5619N0160WW;2;1;65.00;26/01/2006;-0.117921;38.539962
CV-VUT0513120-A;CL IBIZA, 9, Es:A Pl:03 Pt:C;03503;1399102YH5619N0038OO;4;2;84.00;03/12/2024;-0.117921;38.539962
CV-VUT0324266-A;CL IBIZA, 9, Es:A Pl:05 Pt:B;03503;1399102YH5619N0042PP;4;2;62.00;15/04/2024;-0.117921;38.539962
CV-VUT0322031-A;CL IBIZA, 9, Es:A Pl:13 Pt:C;03503;1399102YH5619N0066TT;2;1;84.00;24/09/2016;-0.117921;38.539962
CV-VUT0324148-A;CL IBIZA, 9, Es:A Pl:14 Pt:B;03503;1399102YH5619N0068UU;2;1;62.00;08/01/2024;-0.117921;38.539962
CV-VUT0319221-A;CL IBIZA, 9, Es:A Pl:14 Pt:C;03503;1399102YH5619N0069II;4;2;84.00;11/04/2002;-0.117921;38.539962
CV-VUT0318228-A;CL IBIZA, 9, Es:A Pl:17 Pt:C;03503;1399102YH5619N0078FF;4;2;84.00;26/07/1999;-0.117921;38.539962
CV-VUT0323552-A;CL JAEN, 6, Es:B Pl:05 Pt:B;03503;1399102YH5619N0134II;2;1;65.00;19/10/2021;-0.117921;38.539962
CV-VUT0322409-A;CL JAEN, 1, Es:1 Pl:-1 Pt:29;03503;1100704YH5710S0102TY;4;2;25.00;29/01/2018;-0.119550;38.541090
CV-VUT0516302-A;CL JAEN, 1, Es:1 Pl:04 Pt:B;03503;1100704YH5710S0026BZ;3;2;92.00;07/05/2025;-0.119550;38.541090
CV-VUT0324184-A;CL JAEN, 1, Es:1 Pl:16 Pt:C;03503;1100704YH5710S0063XM;4;2;122.00;07/02/2024;-0.119550;38.541090
CV-VUT0316946-A;CL JAEN, 4, Es:1 Pl:03 Pt:B;03503;1399101YH5619N0016UH;2;1;59.00;25/05/2000;-0.117884;38.540582
CV-VUT0316947-A;CL JAEN, 4, Es:1 Pl:14 Pt:B;03503;1399101YH5619N0071ZU;2;1;59.00;25/05/2000;-0.117884;38.540582
CV-VUT0507142-A;CL JAEN, 4, Es:1 Pl:15 Pt:E;03503;1399101YH5619N0079YG;4;2;91.00;17/04/2024;-0.117884;38.540582
CV-VUT0461133-A;CL JAEN, 4, Es:1 Pl:16 Pt:E;03503;1399101YH5619N0084IJ;6;3;91.00;07/12/2017;-0.117884;38.540582
CV-VUT0470993-A;CL JAEN, 8, Es:1 Pl:08 Pt:C;03503;1498401YH5699N0028GA;6;3;95.00;04/10/2018;-0.115924;38.540300
CV-VUT0513239-A;CL JAEN, 8, Es:1 Pl:12 Pt:B;03503;1498401YH5699N0040ZJ;4;2;122.00;10/12/2024;-0.115924;38.540300
CV-VUT0476193-A;CL JAEN, 8, Es:1 Pl:17 Pt:C1;03503;1498401YH5699N0053IR;4;2;95.00;27/05/2019;-0.115924;38.540300
CV-VUT0316775-A;CL JUAN LLORCA, 1, Es:1 Pl:01 Pt:A;03503;0999302YH5700S0042ER;4;2;104.00;01/06/1998;-0.121867;38.540950
CV-VUT0316776-A;CL JUAN LLORCA, 1, Es:1 Pl:01 Pt:B;03503;0999302YH5700S0043RT;2;1;74.00;01/06/1998;-0.121867;38.540950
CV-VUT0316777-A;CL JUAN LLORCA, 1, Es:1 Pl:01 Pt:C;03503;0999302YH5700S0044TY;2;1;74.00;01/06/1998;-0.121867;38.540950
CV-VUT0316778-A;CL JUAN LLORCA, 1, Es:1 Pl:01 Pt:D;03503;0999302YH5700S0045YU;2;1;74.00;01/06/1998;-0.121867;38.540950
CV-VUT0316779-A;CL JUAN LLORCA, 1, Es:1 Pl:02 Pt:A;03503;0999302YH5700S0047IO;4;2;104.00;01/06/1998;-0.121867;38.540950
CV-VUT0316780-A;CL JUAN LLORCA, 1, Es:1 Pl:02 Pt:B;03503;0999302YH5700S0048OP;2;1;74.00;01/06/1998;-0.121867;38.540950
CV-VUT0316782-A;CL JUAN LLORCA, 1, Es:1 Pl:02 Pt:D;03503;0999302YH5700S0050IO;2;1;74.00;01/06/1998;-0.121867;38.540950
CV-VUT0316783-A;CL JUAN LLORCA, 1, Es:1 Pl:02 Pt:E;03503;0999302YH5700S0051OP;4;2;104.00;01/06/1998;-0.121867;38.540950
CV-VUT0316784-A;CL JUAN LLORCA, 1, Es:1 Pl:03 Pt:A;03503;0999302YH5700S0052PA;4;2;104.00;01/06/1998;-0.121867;38.540950
CV-VUT0316786-A;CL JUAN LLORCA, 1, Es:1 Pl:03 Pt:C;03503;0999302YH5700S0054SD;2;1;74.00;01/06/1998;-0.121867;38.540950
CV-VUT0316788-A;CL JUAN LLORCA, 1, Es:1 Pl:03 Pt:E;03503;0999302YH5700S0056FG;4;2;104.00;01/06/1998;-0.121867;38.540950
CV-VUT0316791-A;CL JUAN LLORCA, 1, Es:1 Pl:04 Pt:C;03503;0999302YH5700S0059JK;2;1;74.00;01/06/1998;-0.121867;38.540950
CV-VUT0316792-A;CL JUAN LLORCA, 1, Es:1 Pl:04 Pt:D;03503;0999302YH5700S0060GH;2;1;74.00;01/06/1998;-0.121867;38.540950
CV-VUT0316794-A;CL JUAN LLORCA, 1, Es:1 Pl:05 Pt:A;03503;0999302YH5700S0062JK;4;2;104.00;01/06/1998;-0.121867;38.540950
CV-VUT0316795-A;CL JUAN LLORCA, 1, Es:1 Pl:05 Pt:B;03503;0999302YH5700S0063KL;2;1;74.00;01/06/1998;-0.121867;38.540950
CV-VUT0517841-A;CL JUAN LLORCA, 1, Es:1 Pl:08 Pt:A;03503;0999302YH5700S0077YU;4;2;104.00;23/07/2025;-0.121867;38.540950
CV-VUT0316799-A;CL JUAN LLORCA, 1, Es:1 Pl:08 Pt:B;03503;0999302YH5700S0078UI;2;1;74.00;01/06/1998;-0.121867;38.540950
CV-VUT0316801-A;CL JUAN LLORCA, 1, Es:1 Pl:08 Pt:D;03503;0999302YH5700S0080YU;2;1;74.00;01/06/1998;-0.121867;38.540950
CV-VUT0316802-A;CL JUAN LLORCA, 1, Es:1 Pl:09 Pt:C;03503;0999302YH5700S0084PA;2;1;74.00;01/06/1998;-0.121867;38.540950
CV-VUT0316806-A;CL JUAN LLORCA, 1, Es:1 Pl:11 Pt:A;03503;0999302YH5700S0092GH;4;2;104.00;01/06/1998;-0.121867;38.540950
CV-VUT0316808-A;CL JUAN LLORCA, 1, Es:1 Pl:11 Pt:C;03503;0999302YH5700S0094JK;2;1;74.00;01/06/1998;-0.121867;38.540950
CV-VUT0504029-A;CL JUAN LLORCA, 1, Es:1 Pl:12 Pt:E;03503;0999302YH5700S0101MQ;4;2;104.00;22/12/2023;-0.121867;38.540950
CV-VUT0321456-A;CL JUAN LLORCA, 1, Es:1 Pl:13 Pt:B;03503;0999302YH5700S0103WE;2;1;74.00;11/06/2012;-0.121867;38.540950
CV-VUT0321457-A;CL JUAN LLORCA, 1, Es:1 Pl:13 Pt:C;03503;0999302YH5700S0104ER;2;1;74.00;11/06/2012;-0.121867;38.540950
CV-VUT0322432-A;CL JUAN LLORCA, 1, Es:1 Pl:13 Pt:E;03503;0999302YH5700S0106TY;4;2;104.00;21/02/2018;-0.121867;38.540950
CV-VUT0316812-A;CL JUAN LLORCA, 1, Es:1 Pl:14 Pt:A;03503;0999302YH5700S0107YU;4;2;104.00;01/06/1998;-0.121867;38.540950
CV-VUT0316813-A;CL JUAN LLORCA, 1, Es:1 Pl:14 Pt:B;03503;0999302YH5700S0108UI;2;1;74.00;01/06/1998;-0.121867;38.540950
CV-VUT0316814-A;CL JUAN LLORCA, 1, Es:1 Pl:14 Pt:C;03503;0999302YH5700S0109IO;2;1;74.00;01/06/1998;-0.121867;38.540950
CV-VUT0316815-A;CL JUAN LLORCA, 1, Es:1 Pl:14 Pt:D;03503;0999302YH5700S0110YU;2;1;74.00;01/06/1998;-0.121867;38.540950
CV-VUT0316816-A;CL JUAN LLORCA, 1, Es:1 Pl:14 Pt:E;03503;0999302YH5700S0111UI;4;2;104.00;01/06/1998;-0.121867;38.540950
CV-VUT0316817-A;CL JUAN LLORCA, 1, Es:1 Pl:15 Pt:A;03503;0999302YH5700S0112IO;4;2;104.00;01/06/1998;-0.121867;38.540950
CV-VUT0316819-A;CL JUAN LLORCA, 1, Es:1 Pl:15 Pt:C;03503;0999302YH5700S0114PA;2;1;74.00;01/06/1998;-0.121867;38.540950
CV-VUT0316820-A;CL JUAN LLORCA, 1, Es:1 Pl:15 Pt:D;03503;0999302YH5700S0115AS;2;1;74.00;01/06/1998;-0.121867;38.540950
CV-VUT0316823-A;CL JUAN LLORCA, 1, Es:1 Pl:17 Pt:C;03503;0999302YH5700S0124JK;2;1;74.00;01/06/1998;-0.121867;38.540950
CV-VUT0316824-A;CL JUAN LLORCA, 1, Es:1 Pl:17 Pt:D;03503;0999302YH5700S0125KL;2;1;74.00;01/06/1998;-0.121867;38.540950
CV-VUT0439301-A;CL JUAN LLORCA, 1, Es:1 Pl:18 Pt:B;03503;0999302YH5700S0128ZX;4;2;74.00;18/10/2013;-0.121867;38.540950
CV-VUT0316826-A;CL JUAN LLORCA, 1, Es:1 Pl:18 Pt:F;03503;0999302YH5700S0127BZ;2;1;75.00;01/06/1998;-0.121867;38.540950
CV-VUT0322431-A;CL JUAN LLORCA, 1, Es:1 Pl:18 Pt:G;03503;0999302YH5700S0131ZX;2;1;75.00;21/02/2018;-0.121867;38.540950
CV-VUT0316827-A;CL JUAN LLORCA, 1, Es:1 Pl:19 Pt:B;03503;0999302YH5700S0133MQ;2;1;74.00;01/06/1998;-0.121867;38.540950
CV-VUT0316828-A;CL JUAN LLORCA, 1, Es:1 Pl:19 Pt:C;03503;0999302YH5700S0134QW;2;1;74.00;01/06/1998;-0.121867;38.540950
CV-VUT0316829-A;CL JUAN LLORCA, 1, Es:1 Pl:19 Pt:D;03503;0999302YH5700S0135WE;2;1;74.00;01/06/1998;-0.121867;38.540950
CV-VUT0476451-A;CL KENNEDY, 1, Es:1 Pl:08 Pt:A;03503;1201104YH5710S0015ID;4;2;59.00;06/06/2019;-0.119714;38.541931
CV-VUT0458321-A;CL KENNEDY, 10, Es:4 Pl:02 Pt:D;03503;1400702YH5710S0020KG;4;2;40.00;07/09/2017;-0.115661;38.541181
CV-VUT0477659-A;CL KENNEDY, 10, Es:4 Pl:03 Pt:B;03503;1400702YH5710S0028EM;2;1;40.00;19/07/2019;-0.115661;38.541181
CV-VUT0458479-A;CL KENNEDY, 10, Es:4 Pl:03 Pt:C;03503;1400702YH5710S0029RQ;4;2;40.00;14/09/2017;-0.115661;38.541181
CV-VUT0324038-A;CL KENNEDY, 10, Es:4 Pl:04 Pt:C;03503;1400702YH5710S0039AI;2;1;40.00;18/07/2023;-0.115661;38.541181
CV-VUT0482375-A;CL KENNEDY, 10, Es:4 Pl:05 Pt:A;03503;1400702YH5710S0047HD;4;2;44.00;25/06/2020;-0.115661;38.541181
CV-VUT0455698-A;CL KENNEDY, 10, Es:4 Pl:07 Pt:B;03503;1400702YH5710S0068IT;2;1;40.00;24/05/2017;-0.115661;38.541181
CV-VUT0454357-A;CL KENNEDY, 10, Es:4 Pl:07 Pt:E;03503;1400702YH5710S0071IT;4;2;44.00;10/04/2017;-0.115661;38.541181
CV-VUT0322941-A;CL KENNEDY, 10, Es:4 Pl:08 Pt:B;03503;1400702YH5710S0078GS;2;1;40.00;27/02/2019;-0.115661;38.541181
CV-VUT0322942-A;CL KENNEDY, 10, Es:4 Pl:08 Pt:C;03503;1400702YH5710S0079HD;2;1;40.00;27/02/2019;-0.115661;38.541181
CV-VUT0445188-A;CL KENNEDY, 10, Es:4 Pl:14 Pt:A;03503;1400702YH5710S0137SO;2;1;44.00;04/01/2016;-0.115661;38.541181
CV-VUT0318083-A;CL KENNEDY, 12, Es:5 Pl:03 Pt:A;03503;1400702YH5710S0032RQ;4;2;44.00;06/05/1999;-0.115661;38.541181
CV-VUT0319949-A;CL KENNEDY, 12, Es:5 Pl:03 Pt:C;03503;1400702YH5710S0034YE;2;1;40.00;17/12/2003;-0.115661;38.541181
CV-VUT0003194-A;CL KENNEDY, 12, Es:5 Pl:05 Pt:B;03503;1400702YH5710S0053LH;2;1;40.00;05/10/1993;-0.115661;38.541181
CV-VUT0003197-A;CL KENNEDY, 12, Es:5 Pl:06 Pt:B;03503;1400702YH5710S0063EM;2;1;40.00;05/10/1993;-0.115661;38.541181
CV-VUT0003198-A;CL KENNEDY, 12, Es:5 Pl:06 Pt:C;03503;1400702YH5710S0064RQ;2;1;40.00;05/10/1993;-0.115661;38.541181
CV-VUT0003199-A;CL KENNEDY, 12, Es:5 Pl:06 Pt:D;03503;1400702YH5710S0065TW;2;1;40.00;05/10/1993;-0.115661;38.541181
CV-VUT0321072-A;CL KENNEDY, 12, Es:5 Pl:07 Pt:B;03503;1400702YH5710S0073PU;2;1;40.00;29/03/2010;-0.115661;38.541181
CV-VUT0321073-A;CL KENNEDY, 12, Es:5 Pl:07 Pt:C;03503;1400702YH5710S0074AI;4;3;40.00;29/03/2010;-0.115661;38.541181
CV-VUT0321070-A;CL KENNEDY, 12, Es:5 Pl:07 Pt:D;03503;1400702YH5710S0075SO;2;1;40.00;29/03/2010;-0.115661;38.541181
CV-VUT0520904-A;CL KENNEDY, 12, Es:5 Pl:08 Pt:A;03503;1400702YH5710S0082HD;4;2;44.00;10/04/2026;-0.115661;38.541181
CV-VUT0450442-A;CL KENNEDY, 12, Es:5 Pl:08 Pt:B;03503;1400702YH5710S0083JF;2;1;40.00;05/10/2016;-0.115661;38.541181
CV-VUT0321071-A;CL KENNEDY, 12, Es:5 Pl:08 Pt:D;03503;1400702YH5710S0085LH;2;1;40.00;29/03/2010;-0.115661;38.541181
CV-VUT0451984-A;CL KENNEDY, 12, Es:5 Pl:09 Pt:C;03503;1400702YH5710S0094WX;4;2;40.00;21/12/2016;-0.115661;38.541181
CV-VUT0323123-A;CL KENNEDY, 12, Es:5 Pl:10 Pt:A;03503;1400702YH5710S0102OY;4;2;44.00;16/09/2019;-0.115661;38.541181
CV-VUT0000340-A;CL KENNEDY, 12, Es:5 Pl:10 Pt:B;03503;1400702YH5710S0103PU;2;1;40.00;14/01/1994;-0.115661;38.541181
CV-VUT0039929-A;CL KENNEDY, 12, Es:5 Pl:10 Pt:D;03503;1400702YH5710S0105SO;2;1;40.00;13/12/1994;-0.115661;38.541181
CV-VUT0322379-A;CL KENNEDY, 12, Es:5 Pl:12 Pt:A;03503;1400702YH5710S0122MB;4;2;44.00;13/12/2017;-0.115661;38.541181
CV-VUT0321465-A;CL KENNEDY, 12, Es:5 Pl:12 Pt:D;03503;1400702YH5710S0125EM;4;2;40.00;11/06/2012;-0.115661;38.541181
CV-VUT0510043-A;CL KENNEDY, 12, Es:5 Pl:15 Pt:B;03503;1400702YH5710S0153XL;4;2;40.00;10/07/2024;-0.115661;38.541181
CV-VUT0324131-A;CL KENNEDY, 13, Es:1 Pl:05 Pt:B;03503;1400403YH5710S0089BB;4;2;79.00;13/11/2023;-0.115898;38.541583
CV-VUT0450136-A;CL KENNEDY, 13, Es:1 Pl:09 Pt:A;03503;1400403YH5710S0100RR;4;2;82.00;07/09/2016;-0.115898;38.541583
CV-VUT0322921-A;CL KENNEDY, 13, Es:1 Pl:12 Pt:A;03503;1400403YH5710S0109DD;4;2;82.00;05/02/2019;-0.115898;38.541583
CV-VUT0320191-A;CL KENNEDY, 14, Es:1 Pl:03 Pt:B;03503;1598503YH5619N0074FP;4;2;99.00;10/12/2004;-0.115132;38.540936
CV-VUT0453327-A;CL KENNEDY, 14, Es:1 Pl:05 Pt:C;03503;1598503YH5619N0081KF;4;2;87.00;01/03/2017;-0.115132;38.540936
CV-VUT0324059-A;CL KENNEDY, 14, Es:1 Pl:11 Pt:A;03503;1598503YH5619N0097IR;4;2;87.00;26/09/2023;-0.115132;38.540936
CV-VUT0320190-A;CL KENNEDY, 14, Es:1 Pl:14 Pt:B;03503;1598503YH5619N0107JD;4;2;99.00;10/12/2004;-0.115132;38.540936
CV-VUT0464684-A;CL KENNEDY, 14, Es:1 Pl:15 Pt:B;03503;1598503YH5619N0110JD;4;2;99.00;20/03/2018;-0.115132;38.540936
CV-VUT0319145-A;CL KENNEDY, 14, Es:1 Pl:16 Pt:A;03503;1598503YH5619N0112LG;4;2;87.00;07/11/2001;-0.115132;38.540936
CV-VUT0324289-A;CL KENNEDY, 2, Es:1 Pl:03 Pt:D;03503;1100701YH5710S0061HZ;2;1;71.00;30/04/2024;-0.119209;38.541500
CV-VUT0450278-A;CL KENNEDY, 2, Es:1 Pl:07 Pt:B;03503;1100701YH5710S0079ID;2;1;71.00;27/09/2016;-0.119209;38.541500
CV-VUT0033723-A;CL KENNEDY, 2, Es:1 Pl:11 Pt:B;03503;1100701YH5710S0097BW;2;1;71.00;10/11/1993;-0.119209;38.541500
CV-VUT0323918-A;CL KENNEDY, 2, Es:1 Pl:14 Pt:B;03503;1100701YH5710S0112ID;2;1;71.00;27/02/2023;-0.119209;38.541500
CV-VUT0458822-A;CL KENNEDY, 2, Es:1 Pl:15 Pt:D;03503;1100701YH5710S0119GB;2;1;71.00;27/09/2017;-0.119209;38.541500
CV-VUT0450279-A;CL KENNEDY, 2, Es:1 Pl:17 Pt:D;03503;1100701YH5710S0129XR;2;1;71.00;27/09/2016;-0.119209;38.541500
CV-VUT0520777-A;CL KENNEDY, 2, Es:1 Pl:18 Pt:B;03503;1100701YH5710S0132XR;4;2;64.00;30/03/2026;-0.119209;38.541500
CV-VUT0512382-A;CL KENNEDY, 2, Es:1 Pl:18 Pt:C;03503;1100701YH5710S0133MT;2;1;78.00;24/10/2024;-0.119209;38.541500
CV-VUT0324203-A;CL KENNEDY, 3A, Es:1 Pl:05 Pt:C;03503;1201103YH5710S0037GY;4;2;73.00;14/02/2024;-0.119294;38.541965
CV-VUT0461939-A;CL KENNEDY, 5, Es:1 Pl:01 Pt:A;03503;1201102YH5710S0003RR;2;1;54.00;26/12/2017;-0.118722;38.542131
CV-VUT0032420-A;CL KENNEDY, 5, Es:1 Pl:01 Pt:B;03503;1201102YH5710S0004TT;2;1;54.00;04/10/1993;-0.118722;38.542131
CV-VUT0322083-A;CL KENNEDY, 5, Es:1 Pl:01 Pt:C;03503;1201102YH5710S0005YY;4;2;54.00;16/12/2016;-0.118722;38.542131
CV-VUT0032422-A;CL KENNEDY, 5, Es:1 Pl:02 Pt:A;03503;1201102YH5710S0010II;4;2;54.00;04/10/1993;-0.118722;38.542131
CV-VUT0032423-A;CL KENNEDY, 5, Es:1 Pl:02 Pt:B;03503;1201102YH5710S0011OO;4;2;54.00;04/10/1993;-0.118722;38.542131
CV-VUT0032424-A;CL KENNEDY, 5, Es:1 Pl:02 Pt:C;03503;1201102YH5710S0012PP;4;2;54.00;04/10/1993;-0.118722;38.542131
CV-VUT0032425-A;CL KENNEDY, 5, Es:1 Pl:02 Pt:D;03503;1201102YH5710S0013AA;4;2;54.00;04/10/1993;-0.118722;38.542131
CV-VUT0032426-A;CL KENNEDY, 5, Es:1 Pl:02 Pt:E;03503;1201102YH5710S0014SS;4;3;54.00;04/10/1993;-0.118722;38.542131
CV-VUT0032427-A;CL KENNEDY, 5, Es:1 Pl:02 Pt:G;03503;1201102YH5710S0016FF;4;2;54.00;04/10/1993;-0.118722;38.542131
CV-VUT0481022-A;CL KENNEDY, 5, Es:1 Pl:03 Pt:E;03503;1201102YH5710S0021HH;5;3;54.00;06/02/2020;-0.118722;38.542131
CV-VUT0453319-A;CL KENNEDY, 5, Es:1 Pl:03 Pt:G;03503;1201102YH5710S0023KK;2;1;54.00;01/03/2017;-0.118722;38.542131
CV-VUT0477762-A;CL KENNEDY, 5, Es:1 Pl:04 Pt:D;03503;1201102YH5710S0027XX;2;1;54.00;23/07/2019;-0.118722;38.542131
CV-VUT0032428-A;CL KENNEDY, 5, Es:1 Pl:04 Pt:F;03503;1201102YH5710S0029QQ;4;2;54.00;04/10/1993;-0.118722;38.542131
CV-VUT0461944-A;CL KENNEDY, 5, Es:1 Pl:05 Pt:E;03503;1201102YH5710S0035RR;2;1;54.00;26/12/2017;-0.118722;38.542131
CV-VUT0486003-A;CL KENNEDY, 5, Es:1 Pl:06 Pt:A;03503;1201102YH5710S0038UU;2;1;54.00;11/05/2021;-0.118722;38.542131
CV-VUT0478010-A;CL KENNEDY, 5, Es:1 Pl:06 Pt:C;03503;1201102YH5710S0040YY;2;1;54.00;02/08/2019;-0.118722;38.542131
CV-VUT0479984-A;CL KENNEDY, 5, Es:1 Pl:06 Pt:D;03503;1201102YH5710S0041UU;4;2;54.00;27/11/2019;-0.118722;38.542131
CV-VUT0032429-A;CL KENNEDY, 5, Es:1 Pl:07 Pt:D;03503;1201102YH5710S0048FF;4;2;54.00;04/10/1993;-0.118722;38.542131
CV-VUT0512858-A;CL KENNEDY, 5, Es:1 Pl:09 Pt:B;03503;1201102YH5710S0060BB;4;2;54.00;19/11/2024;-0.118722;38.542131
CV-VUT0454505-A;CL KENNEDY, 5, Es:1 Pl:09 Pt:C;03503;1201102YH5710S0061ZZ;4;2;54.00;19/04/2017;-0.118722;38.542131
CV-VUT0322925-A;CL KENNEDY, 5, Es:1 Pl:10 Pt:A;03503;1201102YH5710S0066EE;4;2;54.00;12/02/2019;-0.118722;38.542131
CV-VUT0512855-A;CL KENNEDY, 5, Es:1 Pl:10 Pt:B;03503;1201102YH5710S0067RR;4;2;54.00;19/11/2024;-0.118722;38.542131
CV-VUT0461948-A;CL KENNEDY, 5, Es:1 Pl:10 Pt:C;03503;1201102YH5710S0068TT;2;1;54.00;26/12/2017;-0.118722;38.542131
CV-VUT0518836-A;CL KENNEDY, 5, Es:1 Pl:10 Pt:G;03503;1201102YH5710S0072YY;4;2;54.00;25/10/2025;-0.118722;38.542131
CV-VUT0480534-A;CL KENNEDY, 5, Es:1 Pl:11 Pt:C;03503;1201102YH5710S0075OO;2;1;54.00;10/01/2020;-0.118722;38.542131
CV-VUT0032433-A;CL KENNEDY, 5, Es:1 Pl:11 Pt:E;03503;1201102YH5710S0077AA;4;2;54.00;04/10/1993;-0.118722;38.542131
CV-VUT0461950-A;CL KENNEDY, 5, Es:1 Pl:11 Pt:F;03503;1201102YH5710S0078SS;2;1;54.00;26/12/2017;-0.118722;38.542131
CV-VUT0322937-A;CL KENNEDY, 5, Es:1 Pl:12 Pt:B;03503;1201102YH5710S0081SS;4;2;54.00;22/02/2019;-0.118722;38.542131
CV-VUT0323264-A;CL KENNEDY, 5, Es:1 Pl:12 Pt:C;03503;1201102YH5710S0082DD;2;1;54.00;08/01/2020;-0.118722;38.542131
CV-VUT0323059-A;CL KENNEDY, 5, Es:1 Pl:12 Pt:E;03503;1201102YH5710S0084GG;4;2;54.00;28/06/2019;-0.118722;38.542131
CV-VUT0477939-A;CL KENNEDY, 5, Es:1 Pl:13 Pt:G;03503;1201102YH5710S0093ZZ;2;1;54.00;30/07/2019;-0.118722;38.542131
CV-VUT0505294-A;CL KENNEDY, 5, Es:1 Pl:14 Pt:E;03503;1201102YH5710S0098EE;4;2;54.00;12/02/2024;-0.118722;38.542131
CV-VUT0513222-A;CL KENNEDY, 5, Es:1 Pl:15 Pt:B;03503;1201102YH5710S0102YY;2;1;54.00;10/12/2024;-0.118722;38.542131
CV-VUT0481286-A;CL KENNEDY, 5, Es:1 Pl:16 Pt:C;03503;1201102YH5710S0110AA;2;1;54.00;20/02/2020;-0.118722;38.542131
CV-VUT0481963-A;CL KENNEDY, 5, Es:1 Pl:16 Pt:G;03503;1201102YH5710S0114GG;2;1;54.00;14/05/2020;-0.118722;38.542131
CV-VUT0322531-A;CL LEPANTO, 1, Es:1 Pl:03 Pt:B;03503;0998905YH5609N0013YO;2;1;51.00;07/05/2018;-0.122764;38.539289
CV-VUT0490411-A;CL LEPANTO, 1, Es:1 Pl:10 Pt:C;03503;0998905YH5609N0042EY;2;1;52.00;30/05/2022;-0.122764;38.539289
CV-VUT0451384-A;CL LEPANTO, 14, Es:1 Pl:-1 Pt:53;03503;1396307YH5619N0053PK;2;1;32.00;18/11/2016;-0.118097;38.538581
CV-VUT0520638-A;CL LEPANTO, 14, Es:1 Pl:02 Pt:0B;03503;1396307YH5619N0079UG;4;2;51.00;20/03/2026;-0.118097;38.538581
CV-VUT0479660-A;CL LEPANTO, 14, Es:1 Pl:04 Pt:0F;03503;1396307YH5619N0095JW;4;2;51.00;12/11/2019;-0.118097;38.538581
CV-VUT0319092-A;CL LEPANTO, 14, Es:1 Pl:05 Pt:0C;03503;1396307YH5619N0098BT;2;1;51.00;04/09/2001;-0.118097;38.538581
CV-VUT0318607-A;CL LEPANTO, 14, Es:1 Pl:05 Pt:0D;03503;1396307YH5619N0099ZY;2;1;51.00;28/08/2000;-0.118097;38.538581
CV-VUT0462214-A;CL LEPANTO, 14, Es:1 Pl:06 Pt:0A;03503;1396307YH5619N0102MI;2;1;51.00;29/12/2017;-0.118097;38.538581
CV-VUT0459451-A;CL LEPANTO, 14, Es:1 Pl:06 Pt:0E;03503;1396307YH5619N0106RS;5;3;51.00;25/10/2017;-0.118097;38.538581
CV-VUT0324069-A;CL LEPANTO, 14, Es:1 Pl:08 Pt:F;03503;1396307YH5619N0119FX;2;1;51.00;29/09/2023;-0.118097;38.538581
CV-VUT0322920-A;CL LEPANTO, 14, Es:1 Pl:09 Pt:0C;03503;1396307YH5619N0122FX;2;1;51.00;05/02/2019;-0.118097;38.538581
CV-VUT0318608-A;CL LEPANTO, 14, Es:1 Pl:10 Pt:0F;03503;1396307YH5619N0131BT;2;1;51.00;28/08/2000;-0.118097;38.538581
CV-VUT0522798-A;CL LEPANTO, 14, Es:1 Pl:12 Pt:D;03503;1396307YH5619N0141RS;4;2;51.00;21/09/2026;-0.118097;38.538581
CV-VUT0477596-A;CL LEPANTO, 14, Es:1 Pl:13 Pt:A;03503;1396307YH5619N0144UG;2;1;51.00;17/07/2019;-0.118097;38.538581
CV-VUT0476290-A;CL LEPANTO, 14, Es:1 Pl:14 Pt:0E;03503;1396307YH5619N0154FX;2;1;51.00;31/05/2019;-0.118097;38.538581
CV-VUT0323931-A;CL LEPANTO, 14, Es:1 Pl:16 Pt:F;03503;1396307YH5619N0167QO;2;1;51.00;12/03/2023;-0.118097;38.538581
CV-VUT0324082-A;CL LEPANTO, 14, Es:1 Pl:17 Pt:0D;03503;1396307YH5619N0171WP;2;1;51.00;07/10/2023;-0.118097;38.538581
CV-VUT0320569-A;CL LEPANTO, 14, Es:1 Pl:17 Pt:0F;03503;1396307YH5619N0173RS;2;1;51.00;12/01/2007;-0.118097;38.538581
CV-VUT0323922-A;CL LEPANTO, 14, Es:1 Pl:21 Pt:0C;03503;1396307YH5619N0194LR;2;1;51.00;06/03/2023;-0.118097;38.538581
CV-VUT0323638-A;CL LEPANTO, 14, Es:1 Pl:21 Pt:0D;03503;1396307YH5619N0195BT;2;1;51.00;18/03/2022;-0.118097;38.538581
CV-VUT0320568-A;CL LEPANTO, 14, Es:1 Pl:22 Pt:0C;03503;1396307YH5619N0200QO;2;1;51.00;12/01/2007;-0.118097;38.538581
CV-VUT0477600-A;CL LEPANTO, 14, Es:1 Pl:23 Pt:0E;03503;1396307YH5619N0208OJ;4;2;51.00;17/07/2019;-0.118097;38.538581
CV-VUT0477603-A;CL LEPANTO, 14, Es:1 Pl:23 Pt:0F;03503;1396307YH5619N0209PK;4;2;51.00;17/07/2019;-0.118097;38.538581
CV-VUT0324098-A;CL LEPANTO, 17, Es:1 Pl:01 Pt:06;03503;1597502YH5619N0025SX;2;1;39.00;13/10/2023;-0.115042;38.538523
CV-VUT0442948-A;CL LEPANTO, 17, Es:1 Pl:01 Pt:08;03503;1597502YH5619N0027FQ;5; ;39.00;12/05/2015;-0.115042;38.538523
CV-VUT0493083-A;CL LEPANTO, 17, Es:1 Pl:01 Pt:11;03503;1597502YH5619N0030FQ;2;1;39.00;27/10/2022;-0.115042;38.538523
CV-VUT0480105-A;CL LEPANTO, 17, Es:1 Pl:01 Pt:12;03503;1597502YH5619N0031GW;2;1;39.00;03/12/2019;-0.115042;38.538523
CV-VUT0323240-A;CL LEPANTO, 17, Es:1 Pl:01 Pt:15;03503;1597502YH5619N0034KT;2;1;39.00;13/12/2019;-0.115042;38.538523
CV-VUT0322598-A;CL LEPANTO, 17, Es:1 Pl:01 Pt:19;03503;1597502YH5619N0038XO;2;1;39.00;25/05/2018;-0.115042;38.538523
CV-VUT0321850-A;CL LEPANTO, 17, Es:1 Pl:01 Pt:21;03503;1597502YH5619N0040ZI;2;1;39.00;17/02/2016;-0.115042;38.538523
CV-VUT0459166-A;CL LEPANTO, 22, Es:1 Pl:01 Pt:B;03503;1596901YH5619N0051IH;2;1;60.00;11/10/2017;-0.115363;38.538229
CV-VUT0324097-A;CL LEPANTO, 22, Es:1 Pl:03 Pt:B;03503;1596901YH5619N0066BT;2;1;60.00;13/10/2023;-0.115363;38.538229
CV-VUT0497726-A;CL LEPANTO, 22, Es:1 Pl:03 Pt:C;03503;1596901YH5619N0067ZY;4;2;60.00;08/05/2023;-0.115363;38.538229
CV-VUT0324152-A;CL LEPANTO, 22, Es:1 Pl:03 Pt:G;03503;1596901YH5619N0071XU;2;1;60.00;17/01/2024;-0.115363;38.538229
CV-VUT0323057-A;CL LEPANTO, 22, Es:1 Pl:04 Pt:E;03503;1596901YH5619N0077TD;4;2;60.00;22/06/2019;-0.115363;38.538229
CV-VUT0324041-A;CL LEPANTO, 22, Es:1 Pl:04 Pt:H;03503;1596901YH5619N0080TD;2;1;68.00;19/07/2023;-0.115363;38.538229
CV-VUT0490024-A;CL LEPANTO, 22, Es:1 Pl:06 Pt:C;03503;1596901YH5619N0091DZ;4;2;60.00;13/05/2022;-0.115363;38.538229
CV-VUT0324037-A;CL LEPANTO, 22, Es:1 Pl:08 Pt:D;03503;1596901YH5619N0110TD;2;1;60.00;18/07/2023;-0.115363;38.538229
CV-VUT0480437-A;CL LEPANTO, 22, Es:1 Pl:08 Pt:GH;03503;1596901YH5619N0106RS;6;3;128.00;27/12/2019;-0.115363;38.538229
CV-VUT0324039-A;CL LEPANTO, 22, Es:1 Pl:09 Pt:A;03503;1596901YH5619N0113IH;4;2;68.00;18/07/2023;-0.115363;38.538229
CV-VUT0321217-A;CL LEPANTO, 22, Es:1 Pl:09 Pt:B;03503;1596901YH5619N0114OJ;2;1;60.00;19/11/2010;-0.115363;38.538229
CV-VUT0321218-A;CL LEPANTO, 22, Es:1 Pl:09 Pt:C;03503;1596901YH5619N0115PK;2;1;60.00;19/11/2010;-0.115363;38.538229
CV-VUT0321220-A;CL LEPANTO, 22, Es:1 Pl:09 Pt:E;03503;1596901YH5619N0117SB;2;1;60.00;19/11/2010;-0.115363;38.538229
CV-VUT0322022-A;CL LEPANTO, 22, Es:1 Pl:09 Pt:F;03503;1596901YH5619N0118DZ;2;1;60.00;24/08/2016;-0.115363;38.538229
CV-VUT0324121-A;CL LEPANTO, 22, Es:1 Pl:09 Pt:H;03503;1596901YH5619N0120SB;2;1;68.00;10/11/2023;-0.115363;38.538229
CV-VUT0480914-A;CL LEPANTO, 22, Es:1 Pl:10 Pt:E;03503;1596901YH5619N0125JW;2;1;60.00;30/01/2020;-0.115363;38.538229
CV-VUT0323911-A;CL LEPANTO, 22, Es:1 Pl:12 Pt:C;03503;1596901YH5619N0137EA;4;2;60.00;10/02/2023;-0.115363;38.538229
CV-VUT0509835-A;CL LEPANTO, 22, Es:1 Pl:12 Pt:H;03503;1596901YH5619N0165XU;4;2;68.00;03/07/2024;-0.115363;38.538229
CV-VUT0481129-A;CL LEPANTO, 22, Es:1 Pl:13 Pt:C;03503;1596901YH5619N0143YF;2;1;60.00;13/02/2020;-0.115363;38.538229
CV-VUT0481327-A;CL LEPANTO, 22, Es:1 Pl:13 Pt:G;03503;1596901YH5619N0147PK;2;1;60.00;24/02/2020;-0.115363;38.538229
CV-VUT0447655-A;CL LEPANTO, 22, Es:1 Pl:14 Pt:AB;03503;1596901YH5619N0149SB;2;1;188.00;23/05/2016;-0.115363;38.538229
CV-VUT0502435-A;CL LEPANTO, 22, Es:1 Pl:15 Pt:G;03503;1596901YH5619N0161KE;2;1;60.00;18/10/2023;-0.115363;38.538229
CV-VUT0447650-A;CL LEPANTO, 22, Es:1 Pl:16 Pt:A;03503;1596901YH5619N0163BT;4;2;73.00;23/05/2016;-0.115363;38.538229
CV-VUT0447651-A;CL LEPANTO, 22, Es:1 Pl:16 Pt:B;03503;1596901YH5619N0171WP;2;1;46.00;23/05/2016;-0.115363;38.538229
CV-VUT0447652-A;CL LEPANTO, 22, Es:1 Pl:16 Pt:C;03503;1596901YH5619N0172EA;2;1;45.00;23/05/2016;-0.115363;38.538229
CV-VUT0494777-A;CL LEPANTO, 3, Es:1 Pl:04 Pt:B;03503;0998904YH5609N0013BO;2;1;46.00;30/01/2023;-0.122217;38.539362
CV-VUT0322646-A;CL LEPANTO, 3, Es:1 Pl:05 Pt:A;03503;0998904YH5609N0015XA;4;2;76.00;07/06/2018;-0.122217;38.539362
CV-VUT0320216-A;CL LEPANTO, 3, Es:1 Pl:06 Pt:A;03503;0998904YH5609N0018WF;3;2;76.00;03/03/2005;-0.122217;38.539362
CV-VUT0516255-A;CL LEPANTO, 3, Es:1 Pl:06 Pt:C;03503;0998904YH5609N0020QD;4;2;76.00;05/05/2025;-0.122217;38.539362
CV-VUT0003516-A;CL LEPANTO, 3, Es:1 Pl:08 Pt:C;03503;0998904YH5609N0026UL;4;2;76.00;29/10/1993;-0.122217;38.539362
CV-VUT0003517-A;CL LEPANTO, 3, Es:1 Pl:09 Pt:C;03503;0998904YH5609N0029PX;4;2;76.00;29/10/1993;-0.122217;38.539362
CV-VUT0323560-A;CL LEPANTO, 6, Es:1 Pl:+1 Pt:O;03503;1097801YH5619N0155PM;2;1;28.00;04/11/2021;-0.121067;38.538902
CV-VUT0323272-A;CL LEPANTO, 6, Es:1 Pl:02 Pt:B;03503;1097801YH5619N0026PM;4;2;64.00;08/01/2020;-0.121067;38.538902
CV-VUT0320815-A;CL LEPANTO, 6, Es:1 Pl:02 Pt:E;03503;1097801YH5619N0029DE;2;1;64.00;30/10/2008;-0.121067;38.538902
CV-VUT0458240-A;CL LEPANTO, 6, Es:1 Pl:02 Pt:G;03503;1097801YH5619N0031SW;2;1;64.00;04/09/2017;-0.121067;38.538902
CV-VUT0470936-A;CL LEPANTO, 6, Es:1 Pl:02 Pt:H;03503;1097801YH5619N0032DE;4;2;64.00;02/10/2018;-0.121067;38.538902
CV-VUT0320012-A;CL LEPANTO, 6, Es:1 Pl:03 Pt:G;03503;1097801YH5619N0041LO;2;1;64.00;11/06/2004;-0.121067;38.538902
CV-VUT0476289-A;CL LEPANTO, 6, Es:1 Pl:04 Pt:C;03503;1097801YH5619N0047WG;2;1;64.00;31/05/2019;-0.121067;38.538902
CV-VUT0463820-A;CL LEPANTO, 6, Es:1 Pl:04 Pt:J;03503;1097801YH5619N0054YL;4;2;75.00;16/02/2018;-0.121067;38.538902
CV-VUT0320014-A;CL LEPANTO, 6, Es:1 Pl:05 Pt:D;03503;1097801YH5619N0058PM;2;1;64.00;11/06/2004;-0.121067;38.538902
CV-VUT0320406-A;CL LEPANTO, 6, Es:1 Pl:05 Pt:I;03503;1097801YH5619N0063SW;2;1;64.00;08/02/2006;-0.121067;38.538902
CV-VUT0455065-A;CL LEPANTO, 6, Es:1 Pl:06 Pt:B;03503;1097801YH5619N0066GT;2;1;64.00;05/05/2017;-0.121067;38.538902
CV-VUT0463821-A;CL LEPANTO, 6, Es:1 Pl:08 Pt:G;03503;1097801YH5619N0091IZ;2;1;64.00;16/02/2018;-0.121067;38.538902
CV-VUT0482987-A;CL LEPANTO, 6, Es:1 Pl:09 Pt:A;03503;1097801YH5619N0095SW;4;2;75.00;20/08/2020;-0.121067;38.538902
CV-VUT0471919-A;CL LEPANTO, 6, Es:1 Pl:09 Pt:B;03503;1097801YH5619N0096DE;4;2;64.00;16/11/2018;-0.121067;38.538902
CV-VUT0039170-A;CL LEPANTO, 6, Es:1 Pl:09 Pt:H;03503;1097801YH5619N0102KI;2;1;64.00;19/10/1994;-0.121067;38.538902
CV-VUT0482832-A;CL LEPANTO, 6, Es:1 Pl:10 Pt:A;03503;1097801YH5619N0105ZA;4;2;75.00;03/08/2020;-0.121067;38.538902
CV-VUT0320400-A;CL LEPANTO, 6, Es:1 Pl:10 Pt:H;03503;1097801YH5619N0112WG;2;1;64.00;08/02/2006;-0.121067;38.538902
CV-VUT0444432-A;CL LEPANTO, 6, Es:1 Pl:11 Pt:E;03503;1097801YH5619N0119OX;2;1;64.00;28/09/2015;-0.121067;38.538902
CV-VUT0444430-A;CL LEPANTO, 6, Es:1 Pl:11 Pt:G;03503;1097801YH5619N0121IZ;2;1;64.00;28/09/2015;-0.121067;38.538902
CV-VUT0458244-A;CL LEPANTO, 6, Es:1 Pl:11 Pt:J;03503;1097801YH5619N0124AQ;2;1;75.00;04/09/2017;-0.121067;38.538902
CV-VUT0458242-A;CL LEPANTO, 6, Es:1 Pl:12 Pt:B;03503;1097801YH5619N0126DE;2;1;64.00;04/09/2017;-0.121067;38.538902
CV-VUT0458243-A;CL LEPANTO, 6, Es:1 Pl:12 Pt:D;03503;1097801YH5619N0128GT;2;1;64.00;04/09/2017;-0.121067;38.538902
CV-VUT0458844-A;CL LEPANTO, 6, Es:1 Pl:12 Pt:I;03503;1097801YH5619N0133JU;2;1;64.00;28/09/2017;-0.121067;38.538902
CV-VUT0444427-A;CL LEPANTO, 6, Es:1 Pl:13 Pt:C;03503;1097801YH5619N0137ZA;2;1;64.00;28/09/2015;-0.121067;38.538902
CV-VUT0444433-A;CL LEPANTO, 6, Es:1 Pl:13 Pt:I;03503;1097801YH5619N0143QF;2;1;64.00;28/09/2015;-0.121067;38.538902
CV-VUT0487631-A;CL LEPANTO, 6, Es:1 Pl:14 Pt:G;03503;1097801YH5619N0151YL;3;2;64.00;18/10/2021;-0.121067;38.538902
CV-VUT0494746-A;CL LERIDA, 10, Es:1 Pl:06 Pt:B;03503;1400401YH5710S0028TM;2;1;52.00;27/01/2023;-0.116399;38.542329
CV-VUT0321614-A;CL LERIDA, 4, Es:1 Pl:-2 Pt:G38;03503;1301801YH5710S0039LI;2;1;31.00;04/11/2013;-0.117649;38.541839
CV-VUT0321734-A;CL LERIDA, 4, Es:1 Pl:03 Pt:BD;03503;1301801YH5710S0126SQ;2;1;86.00;28/04/2015;-0.117649;38.541839
CV-VUT0321904-A;CL LERIDA, 4, Es:1 Pl:08 Pt:BI;03503;1301801YH5710S0147RH;2;1;86.00;12/05/2016;-0.117649;38.541839
CV-VUT0321617-A;CL LERIDA, 4, Es:1 Pl:11 Pt:BD;03503;1301801YH5710S0158SQ;2;1;86.00;04/11/2013;-0.117649;38.541839
CV-VUT0321618-A;CL LERIDA, 4, Es:1 Pl:11 Pt:BI;03503;1301801YH5710S0159DW;2;1;86.00;04/11/2013;-0.117649;38.541839
CV-VUT0495524-A;CL LERIDA, 4, Es:1 Pl:13 Pt:CD;03503;1301801YH5710S0164GR;4;2;98.00;28/02/2023;-0.117649;38.541839
CV-VUT0503152-A;CL LERIDA, 4, Es:1 Pl:13 Pt:CI;03503;1301801YH5710S0165HT;6;3;98.00;17/11/2023;-0.117649;38.541839
CV-VUT0321637-A;CL LERIDA, 4, Es:1 Pl:18 Pt:DI;03503;1301801YH5710S0185UL;2;1;87.00;14/04/2014;-0.117649;38.541839
CV-VUT0321688-A;CL LERIDA, 4, Es:1 Pl:19 Pt:BD;03503;1301801YH5710S0190OZ;2;1;86.00;23/07/2014;-0.117649;38.541839
CV-VUT0470569-A;CL LERIDA, 4, Es:1 Pl:20 Pt:BD;03503;1301801YH5710S0194DW;4;2;86.00;11/09/2018;-0.117649;38.541839
CV-VUT0321669-A;CL LERIDA, 4, Es:1 Pl:23 Pt:BI;03503;1301801YH5710S0207WF;4;2;86.00;04/07/2014;-0.117649;38.541839
CV-VUT0321679-A;CL LERIDA, 4, Es:1 Pl:25 Pt:BD;03503;1301801YH5710S0214YK;2;1;86.00;04/07/2014;-0.117649;38.541839
CV-VUT0461387-A;CL LERIDA, 4, Es:2 Pl:01 Pt:BD;03503;1301801YH5710S0346OZ;2;1;86.00;18/12/2017;-0.117649;38.541839
CV-VUT0475904-A;CL LERIDA, 4, Es:2 Pl:06 Pt:BD;03503;1301801YH5710S0366MS;2;1;86.00;16/05/2019;-0.117649;38.541839
CV-VUT0324310-A;CL LERIDA, 4, Es:2 Pl:07 Pt:BD;03503;1301801YH5710S0370QD;2;1;86.00;20/05/2024;-0.117649;38.541839
CV-VUT0473357-A;CL LERIDA, 4, Es:2 Pl:12 Pt:BI;03503;1301801YH5710S0391HT;4;2;86.00;24/01/2019;-0.117649;38.541839
CV-VUT0321699-A;CL LERIDA, 4, Es:2 Pl:13 Pt:BD;03503;1301801YH5710S0394LI;2;1;86.00;12/08/2014;-0.117649;38.541839
CV-VUT0321644-A;CL LERIDA, 4, Es:2 Pl:15 Pt:DI;03503;1301801YH5710S0401WF;2;1;87.00;14/04/2014;-0.117649;38.541839
CV-VUT0449953-A;CL LERIDA, 4, Es:2 Pl:18 Pt:BD;03503;1301801YH5710S0414SQ;2;1;86.00;25/08/2016;-0.117649;38.541839
CV-VUT0321776-A;CL LERIDA, 4, Es:2 Pl:19 Pt:DI;03503;1301801YH5710S0417GR;2;1;87.00;23/07/2015;-0.117649;38.541839
CV-VUT0442932-A;CL LERIDA, 4, Es:2 Pl:21 Pt:BD;03503;1301801YH5710S0426ZP;3;2;86.00;11/05/2015;-0.117649;38.541839
CV-VUT0321700-A;CL LERIDA, 4, Es:2 Pl:21 Pt:BI;03503;1301801YH5710S0427XA;2;1;86.00;12/08/2014;-0.117649;38.541839
CV-VUT0479910-A;CL LERIDA, 4, Es:2 Pl:22 Pt:BD;03503;1301801YH5710S0430XA;4;2;86.00;22/11/2019;-0.117649;38.541839
CV-VUT0321701-A;CL LERIDA, 4, Es:2 Pl:22 Pt:DD;03503;1301801YH5710S0428MS;2;1;87.00;12/08/2014;-0.117649;38.541839
CV-VUT0442294-A;CL LERIDA, 4, Es:2 Pl:25 Pt:BD;03503;1301801YH5710S0442IB;4;2;86.00;23/03/2015;-0.117649;38.541839
CV-VUT0442295-A;CL LERIDA, 4, Es:2 Pl:25 Pt:BI;03503;1301801YH5710S0443OZ;4;2;86.00;23/03/2015;-0.117649;38.541839
CV-VUT0323563-A;CL LERIDA, 4, Es:2 Pl:27 Pt:BD;03503;1301801YH5710S0450DW;2;1;86.00;07/11/2021;-0.117649;38.541839
CV-VUT0494775-A;CL LERIDA, 4, Es:2 Pl:27 Pt:BI;03503;1301801YH5710S0451FE;2;1;86.00;30/01/2023;-0.117649;38.541839
CV-VUT0455157-A;CL LERIDA, 4, Es:2 Pl:27 Pt:DD;03503;1301801YH5710S0448FE;2;1;87.00;09/05/2017;-0.117649;38.541839
CV-VUT0321668-A;CL LERIDA, 4, Es:2 Pl:27 Pt:DI;03503;1301801YH5710S0449GR;2;1;87.00;04/07/2014;-0.117649;38.541839
CV-VUT0322962-A;CL LISBOA, 1, Es:1 Pl:01 Pt:23;03503;2595903YH5629N0015PL;2;1;44.00;11/04/2019;-0.103433;38.536506
CV-VUT0458539-A;CL LISBOA, 1, Es:1 Pl:04 Pt:52;03503;2595903YH5629N0029ZU;2;1;44.00;19/09/2017;-0.103433;38.536506
CV-VUT0447394-A;CL LISBOA, 1, Es:1 Pl:04 Pt:53;03503;2595903YH5629N0030LT;2;1;44.00;11/05/2016;-0.103433;38.536506
CV-VUT0489749-A;CL LISBOA, 3, Es:1 Pl:04 Pt:A;03503;2595902YH5629N0010LF;4;2;84.00;03/05/2022;-0.103518;38.536792
CV-VUT0504807-A;CL LISBOA, 3, Es:1 Pl:04 Pt:B;03503;2595902YH5629N0011BG;4;2;72.00;29/01/2024;-0.103518;38.536792
CV-VUT0479899-A;CL LONDRES, 12, Es:1 Pl:02 Pt:IZ;03503;2594101YH5629S0020EY;6;3;131.00;22/11/2019;-0.103964;38.535942
CV-VUT0488669-A;CL LONDRES, 12, Es:1 Pl:03 Pt:DR;03503;2594101YH5629S0023YO;4;2;122.00;18/02/2022;-0.103964;38.535942
CV-VUT0463610-A;CL LONDRES, 16, Es:2 Pl:01 Pt:22;03503;2795801YH5629S0008FM;4;2;67.00;09/02/2018;-0.101750;38.536057
CV-VUT0463607-A;CL LONDRES, 16, Es:2 Pl:03 Pt:24;03503;2795801YH5629S0018ZU;4;2;67.00;09/02/2018;-0.101750;38.536057
CV-VUT0322512-A;CL LONDRES, 16, Es:2 Pl:05 Pt:26;03503;2795801YH5629S0028TF;4;2;67.00;24/04/2018;-0.101750;38.536057
CV-VUT0481962-A;CL LONDRES, 16, Es:3 Pl:01 Pt:22;03503;2795801YH5629S0038SZ;2;1;67.00;14/05/2020;-0.101750;38.536057
CV-VUT0463609-A;CL LONDRES, 16, Es:3 Pl:02 Pt:13;03503;2795801YH5629S0043FM;4;2;67.00;09/02/2018;-0.101750;38.536057
CV-VUT0464383-A;CL LONDRES, 16, Es:3 Pl:02 Pt:43;03503;2795801YH5629S0046JE;4;2;67.00;06/03/2018;-0.101750;38.536057
CV-VUT0504706-A;CL LONDRES, 16, Es:3 Pl:04 Pt:05;03503;2795801YH5629S0054XI;2;1;67.00;24/01/2024;-0.101750;38.536057
CV-VUT0463608-A;CL LONDRES, 16, Es:3 Pl:04 Pt:35;03503;2795801YH5629S0057WA;4;2;67.00;09/02/2018;-0.101750;38.536057
CV-VUT0493969-A;CL LONDRES, 16, Es:3 Pl:05 Pt:46;03503;2795801YH5629S0064YG;2;1;67.00;15/12/2022;-0.101750;38.536057
CV-VUT0512950-A;CL LONDRES, 16, Es:4 Pl:05 Pt:36;03503;2795801YH5629S0094RD;4;2;84.00;22/11/2024;-0.101750;38.536057
CV-VUT0323166-A;CL LONDRES, 4, Es:1 Pl:03 Pt:05;03503;2394901YH5629S0056OP;2;1;42.00;19/10/2019;-0.105602;38.536190
CV-VUT0324116-A;CL LONDRES, 4, Es:1 Pl:04 Pt:05;03503;2394901YH5629S0064FG;2;1;42.00;10/11/2023;-0.105602;38.536190
CV-VUT0500538-A;CL LONDRES, 4, Es:1 Pl:04 Pt:06;03503;2394901YH5629S0065GH;2;1;42.00;31/07/2023;-0.105602;38.536190
CV-VUT0470440-A;CL LONDRES, 4, Es:1 Pl:06 Pt:02;03503;2394901YH5629S0077QW;2;1;42.00;29/08/2018;-0.105602;38.536190
CV-VUT0458388-A;CL LONDRES, 4, Es:1 Pl:08 Pt:04;03503;2394901YH5629S0095DF;2;1;42.00;12/09/2017;-0.105602;38.536190
CV-VUT0476496-A;CL LONDRES, 4, Es:1 Pl:10 Pt:06;03503;2394901YH5629S0113RT;2;1;42.00;07/06/2019;-0.105602;38.536190
CV-VUT0324267-A;CL LONDRES, 4, Es:1 Pl:10 Pt:07;03503;2394901YH5629S0114TY;2;1;42.00;16/04/2024;-0.105602;38.536190
CV-VUT0323107-A;CL LONDRES, 4, Es:1 Pl:10 Pt:08;03503;2394901YH5629S0115YU;2;1;48.00;03/09/2019;-0.105602;38.536190
CV-VUT0323536-A;CL LONDRES, 4, Es:1 Pl:12 Pt:01;03503;2394901YH5629S0124SD;2;1;48.00;26/07/2021;-0.105602;38.536190
CV-VUT0323537-A;CL LONDRES, 4, Es:1 Pl:12 Pt:02;03503;2394901YH5629S0125DF;2;1;42.00;26/07/2021;-0.105602;38.536190
CV-VUT0323899-A;CL LONDRES, 4, Es:1 Pl:12 Pt:04;03503;2394901YH5629S0127GH;2;1;42.00;01/02/2023;-0.105602;38.536190
CV-VUT0472283-A;CL LONDRES, 4, Es:1 Pl:12 Pt:07;03503;2394901YH5629S0130GH;2;1;42.00;28/11/2018;-0.105602;38.536190
CV-VUT0479804-A;CL LONDRES, 4, Es:1 Pl:13 Pt:06;03503;2394901YH5629S0137XM;4;2;42.00;19/11/2019;-0.105602;38.536190
CV-VUT0479805-A;CL LONDRES, 4, Es:1 Pl:13 Pt:07;03503;2394901YH5629S0138MQ;4;2;42.00;19/11/2019;-0.105602;38.536190
CV-VUT0323705-A;CL LONDRES, 4, Es:1 Pl:14 Pt:06;03503;2394901YH5629S0145RT;2;1;42.00;08/06/2022;-0.105602;38.536190
CV-VUT0323338-A;CL LONDRES, 4, Es:1 Pl:15 Pt:06;03503;2394901YH5629S0153OP;2;1;42.00;12/06/2020;-0.105602;38.536190
CV-VUT0518027-A;CL LONDRES, 4, Es:1 Pl:16 Pt:06;03503;2394901YH5629S0161FG;2;1;42.00;05/08/2025;-0.105602;38.536190
CV-VUT0449968-A;CL LONDRES, 4, Es:1 Pl:16 Pt:08;03503;2394901YH5629S0163HJ;2;1;48.00;26/08/2016;-0.105602;38.536190
CV-VUT0324115-A;CL LONDRES, 4, Es:1 Pl:17 Pt:01;03503;2394901YH5629S0164JK;4;2;59.00;10/11/2023;-0.105602;38.536190
CV-VUT0323637-A;CL LONDRES, 4, Es:1 Pl:17 Pt:02;03503;2394901YH5629S0165KL;2;1;42.00;17/03/2022;-0.105602;38.536190
CV-VUT0487964-A;CL MANILA, 2, Es:1 Pl:01 Pt:05;03503;2200702YH5629S0001AH;4;2;56.00;30/11/2021;-0.106604;38.532981
CV-VUT0319630-A;CL MANILA, 2, Es:1 Pl:03 Pt:05;03503;2200702YH5629S0009LQ;2;1;56.00;23/05/2003;-0.106604;38.532981
CV-VUT0319631-A;CL MANILA, 2, Es:1 Pl:03 Pt:06;03503;2200702YH5629S0010JX;2;1;36.00;23/05/2003;-0.106604;38.532981
CV-VUT0319635-A;CL MANILA, 2, Es:1 Pl:03 Pt:08;03503;2200702YH5629S0012LQ;2;1;56.00;23/05/2003;-0.106604;38.532981
CV-VUT0321545-A;CL MANILA, 2, Es:1 Pl:04 Pt:06;03503;2200702YH5629S0014ZE;2;1;36.00;18/02/2013;-0.106604;38.532981
CV-VUT0033951-A;CL MANILA, 2, Es:1 Pl:05 Pt:06;03503;2200702YH5629S0018WU;2;1;36.00;05/11/1993;-0.106604;38.532981
CV-VUT0323966-A;CL MANILA, 2, Es:1 Pl:06 Pt:05;03503;2200702YH5629S0021WU;4;2;56.00;19/04/2023;-0.106604;38.532981
CV-VUT0033953-A;CL MANILA, 2, Es:1 Pl:06 Pt:06;03503;2200702YH5629S0022EI;2;1;36.00;05/11/1993;-0.106604;38.532981
CV-VUT0441302-A;CL MANILA, 2, Es:1 Pl:07 Pt:06;03503;2200702YH5629S0026US;2;1;36.00;23/10/2014;-0.106604;38.532981
CV-VUT0033938-A;CL MANILA, 2, Es:1 Pl:08 Pt:05;03503;2200702YH5629S0029PG;2;1;56.00;05/11/1993;-0.106604;38.532981
CV-VUT0319636-A;CL MANILA, 2, Es:1 Pl:08 Pt:06;03503;2200702YH5629S0030ID;2;1;36.00;23/05/2003;-0.106604;38.532981
CV-VUT0033940-A;CL MANILA, 2, Es:1 Pl:10 Pt:05;03503;2200702YH5629S0037GB;2;1;56.00;05/11/1993;-0.106604;38.532981
CV-VUT0322528-A;CL MANILA, 2, Es:1 Pl:10 Pt:06;03503;2200702YH5629S0038HZ;2;1;36.00;02/05/2018;-0.106604;38.532981
CV-VUT0033934-A;CL MANILA, 2, Es:1 Pl:10 Pt:07;03503;2200702YH5629S0039JX;2;1;36.00;05/11/1993;-0.106604;38.532981
CV-VUT0033935-A;CL MANILA, 2, Es:1 Pl:10 Pt:08;03503;2200702YH5629S0040GB;2;1;56.00;05/11/1993;-0.106604;38.532981
CV-VUT0033969-A;CL MANILA, 2, Es:1 Pl:11 Pt:06;03503;2200702YH5629S0042JX;2;1;36.00;05/11/1993;-0.106604;38.532981
CV-VUT0319648-A;CL MANILA, 2, Es:1 Pl:11 Pt:07;03503;2200702YH5629S0043KM;2;1;36.00;23/05/2003;-0.106604;38.532981
CV-VUT0319634-A;CL MANILA, 2, Es:1 Pl:12 Pt:08;03503;2200702YH5629S0048MT;2;1;56.00;23/05/2003;-0.106604;38.532981
CV-VUT0033948-A;CL MANILA, 2, Es:1 Pl:13 Pt:06;03503;2200702YH5629S0050XR;2;1;36.00;05/11/1993;-0.106604;38.532981
CV-VUT0033950-A;CL MANILA, 2, Es:1 Pl:13 Pt:07;03503;2200702YH5629S0051MT;2;1;36.00;05/11/1993;-0.106604;38.532981
CV-VUT0319637-A;CL MANILA, 2, Es:1 Pl:13 Pt:08;03503;2200702YH5629S0052QY;2;1;56.00;23/05/2003;-0.106604;38.532981
CV-VUT0321546-A;CL MANILA, 2, Es:1 Pl:14 Pt:05;03503;2200702YH5629S0053WU;2;1;56.00;19/02/2013;-0.106604;38.532981
CV-VUT0319640-A;CL MANILA, 2, Es:1 Pl:14 Pt:06;03503;2200702YH5629S0054EI;2;1;36.00;23/05/2003;-0.106604;38.532981
CV-VUT0319638-A;CL MANILA, 2, Es:1 Pl:15 Pt:05;03503;2200702YH5629S0057YA;2;1;56.00;23/05/2003;-0.106604;38.532981
CV-VUT0318139-A;CL MANILA, 2, Es:1 Pl:15 Pt:07;03503;2200702YH5629S0059ID;2;1;36.00;29/06/1999;-0.106604;38.532981
CV-VUT0441303-A;CL MANILA, 2, Es:1 Pl:16 Pt:08;03503;2200702YH5629S0064PG;2;1;56.00;23/10/2014;-0.106604;38.532981
CV-VUT0321548-A;CL MANILA, 2, Es:1 Pl:17 Pt:05;03503;2200702YH5629S0065AH;2;1;56.00;19/02/2013;-0.106604;38.532981
CV-VUT0319641-A;CL MANILA, 2, Es:1 Pl:17 Pt:06;03503;2200702YH5629S0066SJ;2;1;36.00;23/05/2003;-0.106604;38.532981
CV-VUT0321549-A;CL MANILA, 2, Es:1 Pl:17 Pt:07;03503;2200702YH5629S0067DK;2;1;36.00;19/02/2013;-0.106604;38.532981
CV-VUT0321550-A;CL MANILA, 2, Es:1 Pl:17 Pt:08;03503;2200702YH5629S0068FL;2;1;56.00;19/02/2013;-0.106604;38.532981
CV-VUT0321551-A;CL MANILA, 4, Es:2 Pl:02 Pt:04;03503;2200702YH5629S0077BW;2;1;69.00;19/02/2013;-0.106604;38.532981
CV-VUT0322489-A;CL MANILA, 4, Es:2 Pl:06 Pt:02;03503;2200702YH5629S0091TP;2;1;42.00;29/03/2018;-0.106604;38.532981
CV-VUT0033963-A;CL MANILA, 4, Es:2 Pl:07 Pt:03;03503;2200702YH5629S0096PG;2;1;42.00;05/11/1993;-0.106604;38.532981
CV-VUT0319642-A;CL MANILA, 4, Es:2 Pl:10 Pt:02;03503;2200702YH5629S0107BW;2;1;42.00;23/05/2003;-0.106604;38.532981
CV-VUT0033942-A;CL MANILA, 4, Es:2 Pl:10 Pt:04;03503;2200702YH5629S0109XR;2;1;69.00;05/11/1993;-0.106604;38.532981
CV-VUT0477273-A;CL MANILA, 4, Es:2 Pl:11 Pt:01;03503;2200702YH5629S0110BW;6;3;69.00;05/07/2019;-0.106604;38.532981
CV-VUT0033943-A;CL MANILA, 4, Es:2 Pl:12 Pt:01;03503;2200702YH5629S0114QY;2;1;69.00;05/11/1993;-0.106604;38.532981
CV-VUT0319644-A;CL MANILA, 4, Es:2 Pl:12 Pt:03;03503;2200702YH5629S0116EI;2;1;42.00;23/05/2003;-0.106604;38.532981
CV-VUT0441306-A;CL MANILA, 4, Es:2 Pl:12 Pt:04;03503;2200702YH5629S0117RO;2;1;69.00;23/10/2014;-0.106604;38.532981
CV-VUT0519507-A;CL MANILA, 4, Es:2 Pl:13 Pt:04;03503;2200702YH5629S0121TP;1;1;69.00;13/12/2025;-0.106604;38.532981
CV-VUT0033965-A;CL MANILA, 4, Es:2 Pl:14 Pt:03;03503;2200702YH5629S0124ID;2;1;42.00;05/11/1993;-0.106604;38.532981
CV-VUT0323815-A;CL MANILA, 6, Es:3 Pl:01 Pt:01;03503;2200702YH5629S0127AH;4;2;69.00;01/10/2022;-0.106604;38.532981
CV-VUT0322358-A;CL MANILA, 6, Es:3 Pl:01 Pt:03;03503;2200702YH5629S0129DK;2;1;42.00;25/11/2017;-0.106604;38.532981
CV-VUT0483888-A;CL MANILA, 6, Es:3 Pl:02 Pt:02;03503;2200702YH5629S0132DK;2;1;42.00;26/10/2020;-0.106604;38.532981
CV-VUT0324284-A;CL MANILA, 6, Es:3 Pl:03 Pt:01;03503;2200702YH5629S0135HZ;2;1;69.00;18/04/2024;-0.106604;38.532981
CV-VUT0483889-A;CL MANILA, 6, Es:3 Pl:03 Pt:02;03503;2200702YH5629S0136JX;2;1;42.00;26/10/2020;-0.106604;38.532981
CV-VUT0460633-A;CL MANILA, 6, Es:3 Pl:03 Pt:04;03503;2200702YH5629S0138LQ;4;2;69.00;29/11/2017;-0.106604;38.532981
CV-VUT0321560-A;CL MANILA, 6, Es:3 Pl:04 Pt:02;03503;2200702YH5629S0140KM;2;1;42.00;19/02/2013;-0.106604;38.532981
CV-VUT0491781-A;CL MANILA, 6, Es:3 Pl:04 Pt:04;03503;2200702YH5629S0142BW;4;2;69.00;08/08/2022;-0.106604;38.532981
CV-VUT0441308-A;CL MANILA, 6, Es:3 Pl:05 Pt:02;03503;2200702YH5629S0144XR;2;1;42.00;23/10/2014;-0.106604;38.532981
CV-VUT0500453-A;CL MANILA, 6, Es:3 Pl:05 Pt:04;03503;2200702YH5629S0146QY;4;2;69.00;26/07/2023;-0.106604;38.532981
CV-VUT0322436-A;CL MANILA, 6, Es:3 Pl:06 Pt:01;03503;2200702YH5629S0147WU;4;2;69.00;23/02/2018;-0.106604;38.532981
CV-VUT0505884-A;CL MANILA, 6, Es:3 Pl:06 Pt:04;03503;2200702YH5629S0150WU;4;2;69.00;01/03/2024;-0.106604;38.532981
CV-VUT0321563-A;CL MANILA, 6, Es:3 Pl:08 Pt:03;03503;2200702YH5629S0157OF;2;1;42.00;19/02/2013;-0.106604;38.532981
CV-VUT0321565-A;CL MANILA, 6, Es:3 Pl:09 Pt:02;03503;2200702YH5629S0160OF;2;1;42.00;19/02/2013;-0.106604;38.532981
CV-VUT0324317-A;CL MANILA, 6, Es:3 Pl:11 Pt:03;03503;2200702YH5629S0169KM;2;1;42.00;22/05/2024;-0.106604;38.532981
CV-VUT0322734-A;CL MANILA, 6, Es:3 Pl:11 Pt:04;03503;2200702YH5629S0170HZ;2;1;69.00;04/07/2018;-0.106604;38.532981
CV-VUT0465541-A;CL MANILA, 6, Es:3 Pl:14 Pt:01;03503;2200702YH5629S0179WU;4;2;69.00;16/04/2018;-0.106604;38.532981
CV-VUT0501879-A;CL MANILA, 6, Es:3 Pl:14 Pt:03;03503;2200702YH5629S0181QY;2;1;42.00;28/07/2023;-0.106604;38.532981
CV-VUT0514228-A;CL MANILA, 6, Es:3 Pl:15 Pt:00;03503;2200702YH5629S0183EI;6;3;83.00;13/02/2025;-0.106604;38.532981
CV-VUT0486542-A;CL MARBELLA, 1, Es:1 Pl:07 Pt:C;03503;1302202YH5710S0035TR;4;2;47.00;14/06/2021;-0.117316;38.543520
CV-VUT0487746-A;CL MARBELLA, 1, Es:1 Pl:11 Pt:0B;03503;1302202YH5710S0054KJ;2;1;47.00;02/11/2021;-0.117316;38.543520
CV-VUT0495004-A;CL MARBELLA, 1, Es:1 Pl:14 Pt:0C;03503;1302202YH5710S0070TR;2;1;47.00;08/02/2023;-0.117316;38.543520
CV-VUT0313065-A;CL MARBELLA, 1, Es:1 Pl:14 Pt:0E;03503;1302202YH5710S0072UY;2;1;53.00;29/03/1996;-0.117316;38.543520
CV-VUT0507760-A;CL METGE D.MIGUEL MARTORELL, 3, Es:1 Pl:05 Pt:0A;03503;1494203YH5619S0022XR;8;4;108.00;06/05/2024;-0.116471;38.536052
CV-VUT0322020-A;CL MONACO, 3, Es:1 Pl:06 Pt:02;03503;2497103YH5629N0027TT;2;1;50.00;12/08/2016;-0.105091;38.537894
CV-VUT0473120-A;CL MONACO, 3, Es:1 Pl:06 Pt:03;03503;2497103YH5629N0028YY;4;2;50.00;14/01/2019;-0.105091;38.537894
CV-VUT0321233-A;CL PONT DEL, 2, Es:1 Pl:02 Pt:31;03503;0495903YH5609N0024ZJ;4;2;66.00;28/02/2011;-0.127633;38.537174
CV-VUT0519316-A;CL PONT DEL, 2, Es:1 Pl:04 Pt:62;03503;0495903YH5609N0055BH;2;1;43.00;01/12/2025;-0.127633;38.537174
CV-VUT0449850-A;CL SIERRA DORADA 19 Es:1 Pl:14 Pt:211 VILLA MARINA;03503;2388602YH5628N0210OE;4;2;;19/08/2016;-0.105169;38.529840
CV-VUT0322833-A;CL SIERRA DORADA, 19, Es:1 Pl:04 Pt:48;03503;2388602YH5628N0049PR;4;2;115.00;16/07/2018;-0.105169;38.529840
CV-VUT0322618-A;CL SIERRA DORADA, 19, Es:1 Pl:04 Pt:50;03503;2388602YH5628N0051OE;4;2;110.00;31/05/2018;-0.105169;38.529840
CV-VUT0322907-A;CL SIERRA DORADA, 19, Es:1 Pl:05 Pt:54;03503;2388602YH5628N0055DU;4;2;145.00;14/11/2018;-0.105169;38.529840
CV-VUT0322899-A;CL SIERRA DORADA, 19, Es:1 Pl:06 Pt:57;03503;2388602YH5628N0058HP;4;2;97.00;02/10/2018;-0.105169;38.529840
CV-VUT0520584-A;CL SIERRA DORADA, 19, Es:1 Pl:06 Pt:70;03503;2388602YH5628N0069QK;3;2;83.00;16/03/2026;-0.105169;38.529840
CV-VUT0460712-A;CL SIERRA DORADA, 19, Es:1 Pl:07 Pt:102;03503;2388602YH5628N0103WL;4;2;132.00;30/11/2017;-0.105169;38.529840
CV-VUT0321879-A;CL SIERRA DORADA, 19, Es:1 Pl:07 Pt:96;03503;2388602YH5628N0097BF;4;2;133.00;05/04/2016;-0.105169;38.529840
CV-VUT0442152-A;CL SIERRA DORADA, 19, Es:1 Pl:07 Pt:99;03503;2388602YH5628N0100XH;4;2;138.00;06/03/2015;-0.105169;38.529840
CV-VUT0321747-A;CL SIERRA DORADA, 19, Es:1 Pl:08 Pt:81C;03503;2388602YH5628N0083OE;2;1;85.00;05/06/2015;-0.105169;38.529840
CV-VUT0463788-A;CL SIERRA DORADA, 19, Es:1 Pl:11 Pt:146;03503;2388602YH5628N0149DU;4;2;140.00;10/01/2018;-0.105169;38.529840
CV-VUT0464241-A;CL SIERRA DORADA, 19, Es:1 Pl:11 Pt:148;03503;2388602YH5628N0151SY;4;2;137.00;28/02/2018;-0.105169;38.529840
CV-VUT0463606-A;CL SIERRA DORADA, 19, Es:1 Pl:12 Pt:175;03503;2388602YH5628N0176IW;2;1;84.00;09/02/2018;-0.105169;38.529840
CV-VUT0448940-A;CL SIERRA DORADA, 19, Es:1 Pl:15 Pt:230;03503;2388602YH5628N0229WL;2;1;83.00;14/07/2016;-0.105169;38.529840
CV-VUT0462904-A;CL SIERRA DORADA, 19, Es:1 Pl:15 Pt:231;03503;2388602YH5628N0230MJ;4;2;95.00;24/01/2018;-0.105169;38.529840
CV-VUT0451389-A;CL SIERRA DORADA, 19, Es:1 Pl:15 Pt:247;03503;2388602YH5628N0246DU;4;2;116.00;18/11/2016;-0.105169;38.529840
CV-VUT0464318-A;CL SIERRA DORADA, 19, Es:A Pl:11 Pt:143;03503;2388602YH5628N0144IW;2;1;88.00;02/03/2018;-0.105169;38.529840
CV-VUT0454265-A;CL SIERRA DORADA, 19, Es:A Pl:16 Pt:261;03503;2388602YH5628N0260ZG;4;2;93.00;05/04/2017;-0.105169;38.529840
CV-VUT0512972-A;CL SIERRA DORADA, 10, Es:1 Pl:01 Pt:07;03503;2389508YH5628N0012FX;2;1;62.00;26/11/2024;-0.104907;38.531070
CV-VUT0323814-A;CL SIERRA DORADA, 10, Es:1 Pl:04 Pt:22;03503;2389508YH5628N0027EA;2;1;62.00;30/09/2022;-0.104907;38.531070
CV-VUT0439274-A;CL SIERRA DORADA, 10, Es:1 Pl:05 Pt:29;03503;2389508YH5628N0034UG;2;1;62.00;27/09/2013;-0.104907;38.531070
CV-VUT0505638-A;CL SIERRA DORADA, 10, Es:1 Pl:EN Pt:04;03503;2389508YH5628N0008DZ;2;1;62.00;21/02/2024;-0.104907;38.531070
CV-VUT0324290-A;CL SIERRA DORADA, 12, Es:1 Pl:00 Pt:C;03503;2389509YH5628N0003JH;2;1;31.00;30/04/2024;-0.105446;38.530683
CV-VUT0493814-A;CL SIERRA DORADA, 12, Es:1 Pl:02 Pt:F;03503;2389509YH5628N0018YT;2;1;37.00;05/12/2022;-0.105446;38.530683
CV-VUT0323173-A;CL SIERRA DORADA, 12, Es:1 Pl:03 Pt:E;03503;2389509YH5628N0023IU;2;1;37.00;19/10/2019;-0.105446;38.530683
CV-VUT0500600-A;CL SIERRA DORADA, 12, Es:1 Pl:04 Pt:A;03503;2389509YH5628N0025PO;2;1;37.00;02/08/2023;-0.105446;38.530683
CV-VUT0459342-A;CL SIERRA DORADA, 12, Es:1 Pl:05 Pt:C;03503;2389509YH5628N0032FD;5;3;37.00;20/10/2017;-0.105446;38.530683
CV-VUT0507727-A;CL SIERRA DORADA, 12, Es:1 Pl:06 Pt:A;03503;2389509YH5628N0036KJ;2;1;37.00;06/05/2024;-0.105446;38.530683
CV-VUT0506118-A;CL SIERRA DORADA, 12, Es:1 Pl:06 Pt:F;03503;2389509YH5628N0041BL;2;1;37.00;08/03/2024;-0.105446;38.530683
CV-VUT0463940-A;CL SIERRA DORADA, 12, Es:1 Pl:07 Pt:B;03503;2389509YH5628N0043XZ;4;2;37.00;21/02/2018;-0.105446;38.530683
CV-VUT0460793-A;CL SIERRA DORADA, 14, Es:1 Pl:03 Pt:A;03503;2389510YH5628N0049PR;1;1;57.00;30/11/2017;-0.105720;38.530799
CV-VUT0477740-A;CL SIERRA DORADA, 14, Es:1 Pl:10 Pt:A;03503;2389510YH5628N0063KS;2;1;57.00;23/07/2019;-0.105720;38.530799
CV-VUT0519397-A;CL SIERRA DORADA, 14, Es:1 Pl:10 Pt:B;03503;2389510YH5628N0064LD;3;2;57.00;04/12/2025;-0.105720;38.530799
CV-VUT0476668-A;CL SIERRA DORADA, 14, Es:1 Pl:11 Pt:A;03503;2389510YH5628N0065BF;4;2;57.00;11/06/2019;-0.105720;38.530799
CV-VUT0464186-A;CL SIERRA DORADA, 14, Es:1 Pl:13 Pt:B;03503;2389510YH5628N0070XH;4;2;57.00;27/02/2018;-0.105720;38.530799
CV-VUT0522911-A;CL SIERRA DORADA, 14, Es:1 Pl:14 Pt:A;03503;2389510YH5628N0071MJ;2;1;57.00;29/09/2026;-0.105720;38.530799
CV-VUT0520063-A;CL SIERRA DORADA, 1A, Es:1 Pl:00 Pt:B;03503;2791942YH5629S1862KS;2;1;59.00;02/02/2026;-0.103562;38.533253
CV-VUT0486140-A;CL SIERRA DORADA, 1A, Es:1 Pl:01 Pt:D;03503;2791942YH5629S0190KS;2;1;79.00;21/05/2021;-0.103562;38.533253
CV-VUT0478944-A;CL SIERRA DORADA, 1A, Es:1 Pl:04 Pt:E;03503;2791942YH5629S0210AT;4;2;78.00;03/10/2019;-0.103562;38.533253
CV-VUT0509259-A;CL SIERRA DORADA, 1A, Es:1 Pl:06 Pt:F;03503;2791942YH5629S0227WL;2;1;78.00;13/06/2024;-0.103562;38.533253
CV-VUT0322201-A;CL SIERRA DORADA, 1A, Es:1 Pl:09 Pt:E;03503;2791942YH5629S0244DU;2;1;78.00;14/06/2017;-0.103562;38.533253
CV-VUT0507481-A;CL SIERRA DORADA, 1A, Es:1 Pl:20 Pt:G;03503;2791942YH5629S0301IW;2;1;78.00;29/04/2024;-0.103562;38.533253
CV-VUT0476678-A;CL SIERRA DORADA, 1A, Es:2 Pl:01 Pt:A;03503;2791942YH5629S0443KS;4;2;104.00;12/06/2019;-0.103562;38.533253
CV-VUT0518753-A;CL SIERRA DORADA, 1A, Es:2 Pl:03 Pt:A;03503;2791942YH5629S0455RZ;4;2;104.00;14/10/2025;-0.103562;38.533253
CV-VUT0486226-A;CL SIERRA DORADA, 1A, Es:2 Pl:03 Pt:B;03503;2791942YH5629S0456TX;2;1;80.00;26/05/2021;-0.103562;38.533253
CV-VUT0521778-A;CL SIERRA DORADA, 1A, Es:2 Pl:03 Pt:E;03503;2791942YH5629S0459IW;2;1;79.00;09/06/2026;-0.103562;38.533253
CV-VUT0482524-A;CL SIERRA DORADA, 1A, Es:2 Pl:05 Pt:A;03503;2791942YH5629S0467DU;4;2;104.00;07/07/2020;-0.103562;38.533253
CV-VUT0520581-A;CL SIERRA DORADA, 1A, Es:2 Pl:08 Pt:A;03503;2791942YH5629S0485WL;6;4;104.00;16/03/2026;-0.103562;38.533253
CV-VUT0480761-A;CL SIERRA DORADA, 1A, Es:2 Pl:09 Pt:A;03503;2791942YH5629S0491TX;4;2;104.00;22/01/2020;-0.103562;38.533253
CV-VUT0513755-A;CL SIERRA DORADA, 1A, Es:2 Pl:10 Pt:F;03503;2791942YH5629S0498SY;4;2;106.00;15/01/2025;-0.103562;38.533253
CV-VUT0520056-A;CL SIERRA DORADA, 1A, Es:2 Pl:11 Pt:A;03503;2791942YH5629S0499DU;3;2;104.00;02/02/2026;-0.103562;38.533253
CV-VUT0484743-A;CL SIERRA DORADA, 1A, Es:2 Pl:16 Pt:C;03503;2791942YH5629S0519YM;4;3;81.00;21/01/2021;-0.103562;38.533253
CV-VUT0485924-A;CL SIERRA DORADA, 1A, Es:2 Pl:20 Pt:A;03503;2791942YH5629S0529DU;4;2;104.00;05/05/2021;-0.103562;38.533253
CV-VUT0503026-A;CL SIERRA DORADA, 1A, Es:2 Pl:21 Pt:A;03503;2791942YH5629S0532DU;4;2;104.00;10/11/2023;-0.103562;38.533253
CV-VUT0506377-A;CL SIERRA DORADA, 1A, Es:2 Pl:25 Pt:A;03503;2791942YH5629S0544XH;4;2;104.00;20/03/2024;-0.103562;38.533253
CV-VUT0481781-A;CL SIERRA DORADA, 6, Es:1 Pl:01 Pt:DR;03503;2389505YH5629S0003RK;2;1;63.00;13/04/2020;-0.105059;38.532212
CV-VUT0479427-A;CL SIERRA DORADA, 6, Es:1 Pl:02 Pt:DR;03503;2389505YH5629S0006UZ;2;1;63.00;04/11/2019;-0.105059;38.532212
CV-VUT0517870-A;CL SIERRA DORADA, 6, Es:1 Pl:07 Pt:IZ;03503;2389505YH5629S0022JI;2;1;63.00;24/07/2025;-0.105059;38.532212
CV-VUT0323430-A;CL SIERRA DORADA, 6, Es:1 Pl:12 Pt:IZ;03503;2389505YH5629S0037YB;2;1;63.00;07/10/2020;-0.105059;38.532212
CV-VUT0459138-A;CL TAYWAN, 24, Es:T Pl:OD Pt:OS;03503;2791962YH5629S0001PH;8;4;581.00;10/10/2017;-0.096560;38.530437
CV-VUT0477085-A;CL VIENA, 6, Es:1 Pl:00 Pt:A;03503;2791946YH5629S0367MR;1;1;47.00;01/07/2019;-0.100398;38.534230
CV-VUT0468302-A;CL VIENA, 6, Es:1 Pl:00 Pt:H;03503;2791946YH5629S0374RI;4;2;53.00;13/06/2018;-0.100398;38.534230
CV-VUT0447395-A;CL VIENA, 6, Es:A Pl:02 Pt:03;03503;2791946YH5629S0412OD;4;2;89.00;11/05/2016;-0.100398;38.534230
CV-VUT0460410-A;CL VIENA, 6, Es:A Pl:02 Pt:04;03503;2791946YH5629S0413PF;4;2;89.00;27/11/2017;-0.100398;38.534230
CV-VUT0486357-A;CL VIENA, 6, Es:A Pl:02 Pt:12;03503;2791946YH5629S0421GL;2;1;89.00;03/06/2021;-0.100398;38.534230
CV-VUT0476604-A;CL VIENA, 6, Es:A Pl:04 Pt:09;03503;2791946YH5629S0445PF;2;1;89.00;11/06/2019;-0.100398;38.534230
CV-VUT0516974-A;CL VIENA, 6, Es:A Pl:07 Pt:14;03503;2791946YH5629S0495XE;2;1;95.00;05/06/2025;-0.100398;38.534230
CV-VUT0515641-A;CL VIENA, 6, Es:A Pl:10 Pt:12;03503;2791946YH5629S0538OD;5;3;114.00;02/04/2025;-0.100398;38.534230
CV-VUT0324179-A;CL VIENA, 6, Es:A Pl:11 Pt:08;03503;2791946YH5629S0548HB;2;1;89.00;06/02/2024;-0.100398;38.534230
CV-VUT0487073-A;CL VIENA, 6, Es:A Pl:12 Pt:12;03503;2791946YH5629S0566TO;2;1;89.00;04/08/2021;-0.100398;38.534230
CV-VUT0322412-A;CL VIENA, 6, Es:A Pl:16 Pt:06;03503;2791946YH5629S0604PF;2;1;89.00;02/02/2018;-0.100398;38.534230
CV-VUT0489138-A;CL VIENA, 6, Es:A Pl:16 Pt:07;03503;2791946YH5629S0605AG;4;2;114.00;21/03/2022;-0.100398;38.534230
CV-VUT0454474-A;CL VIENA, 6, Es:A Pl:21 Pt:01;03503;2791946YH5629S0625WY;4;2;133.00;18/04/2017;-0.100398;38.534230
CV-VUT0479423-A;CL VIENA, 6, Es:B Pl:04 Pt:06;03503;2791946YH5629S0442UA;1;1;89.00;04/11/2019;-0.100398;38.534230
CV-VUT0323576-A;CL VIENA, 6, Es:B Pl:06 Pt:07;03503;2791946YH5629S0473YP;2;1;89.00;11/11/2021;-0.100398;38.534230
CV-VUT0488707-A;CL VIENA, 6, Es:B Pl:07 Pt:04;03503;2791946YH5629S0485GL;4;2;89.00;23/02/2022;-0.100398;38.534230
CV-VUT0486071-A;CL VIENA, 6, Es:B Pl:08 Pt:05;03503;2791946YH5629S0501RI;2;1;89.00;17/05/2021;-0.100398;38.534230
CV-VUT0494106-A;CL VIENA, 6, Es:B Pl:09 Pt:03;03503;2791946YH5629S0514FK;2;1;89.00;19/12/2022;-0.100398;38.534230
CV-VUT0460727-A;CL VIENA, 6, Es:B Pl:10 Pt:03;03503;2791946YH5629S0529EU;4;2;89.00;30/11/2017;-0.100398;38.534230
CV-VUT0480111-A;CL VIENA, 6, Es:B Pl:10 Pt:06;03503;2791946YH5629S0532EU;6;3;89.00;03/12/2019;-0.100398;38.534230
CV-VUT0459351-A;CL VIENA, 6, Es:B Pl:10 Pt:07;03503;2791946YH5629S0533RI;2;1;89.00;20/10/2017;-0.100398;38.534230
CV-VUT0517505-A;CL VIENA, 6, Es:B Pl:14 Pt:03;03503;2791946YH5629S0582GL;4;2;89.00;02/07/2025;-0.100398;38.534230
CV-VUT0480571-A;CL VIENA, 6, Es:B Pl:15 Pt:01;03503;2791946YH5629S0590BQ;4;2;89.00;14/01/2020;-0.100398;38.534230
CV-VUT0320904-A;CL VIENA, 7, Es:1 Pl:01 Pt:A;03503;2791933YH5629S0194FH;4;2;110.00;18/08/2009;-0.100975;38.535155
CV-VUT0320934-A;CL VIENA, 7, Es:1 Pl:01 Pt:B;03503;2791933YH5629S0195GJ;2;1;84.00;18/08/2009;-0.100975;38.535155
CV-VUT0320954-A;CL VIENA, 7, Es:1 Pl:01 Pt:C;03503;2791933YH5629S0196HK;2;1;84.00;18/08/2009;-0.100975;38.535155
CV-VUT0320974-A;CL VIENA, 7, Es:1 Pl:01 Pt:D;03503;2791933YH5629S0197JL;2;1;84.00;18/08/2009;-0.100975;38.535155
CV-VUT0320994-A;CL VIENA, 7, Es:1 Pl:01 Pt:E;03503;2791933YH5629S0198KB;2;1;86.00;18/08/2009;-0.100975;38.535155
CV-VUT0320905-A;CL VIENA, 7, Es:1 Pl:02 Pt:A;03503;2791933YH5629S0199LZ;4;2;110.00;18/08/2009;-0.100975;38.535155
CV-VUT0320935-A;CL VIENA, 7, Es:1 Pl:02 Pt:B;03503;2791933YH5629S0200LZ;2;1;84.00;18/08/2009;-0.100975;38.535155
CV-VUT0320955-A;CL VIENA, 7, Es:1 Pl:02 Pt:C;03503;2791933YH5629S0201BX;2;1;84.00;18/08/2009;-0.100975;38.535155
CV-VUT0320975-A;CL VIENA, 7, Es:1 Pl:02 Pt:D;03503;2791933YH5629S0202ZM;2;1;84.00;18/08/2009;-0.100975;38.535155
CV-VUT0320995-A;CL VIENA, 7, Es:1 Pl:02 Pt:E;03503;2791933YH5629S0203XQ;2;1;86.00;18/08/2009;-0.100975;38.535155
CV-VUT0320906-A;CL VIENA, 7, Es:1 Pl:03 Pt:A;03503;2791933YH5629S0204MW;4;2;110.00;18/08/2009;-0.100975;38.535155
CV-VUT0320936-A;CL VIENA, 7, Es:1 Pl:03 Pt:B;03503;2791933YH5629S0205QE;2;1;84.00;18/08/2009;-0.100975;38.535155
CV-VUT0320956-A;CL VIENA, 7, Es:1 Pl:03 Pt:C;03503;2791933YH5629S0206WR;2;1;84.00;18/08/2009;-0.100975;38.535155
CV-VUT0320976-A;CL VIENA, 7, Es:1 Pl:03 Pt:D;03503;2791933YH5629S0207ET;2;1;84.00;18/08/2009;-0.100975;38.535155
CV-VUT0320996-A;CL VIENA, 7, Es:1 Pl:03 Pt:E;03503;2791933YH5629S0208RY;2;1;86.00;18/08/2009;-0.100975;38.535155
CV-VUT0320907-A;CL VIENA, 7, Es:1 Pl:04 Pt:A;03503;2791933YH5629S0209TU;4;2;110.00;18/08/2009;-0.100975;38.535155
CV-VUT0320937-A;CL VIENA, 7, Es:1 Pl:04 Pt:B;03503;2791933YH5629S0210ET;2;1;84.00;18/08/2009;-0.100975;38.535155
CV-VUT0320957-A;CL VIENA, 7, Es:1 Pl:04 Pt:C;03503;2791933YH5629S0211RY;2;1;84.00;18/08/2009;-0.100975;38.535155
CV-VUT0320977-A;CL VIENA, 7, Es:1 Pl:04 Pt:D;03503;2791933YH5629S0212TU;2;1;84.00;18/08/2009;-0.100975;38.535155
CV-VUT0320997-A;CL VIENA, 7, Es:1 Pl:04 Pt:E;03503;2791933YH5629S0213YI;2;1;86.00;18/08/2009;-0.100975;38.535155
CV-VUT0320908-A;CL VIENA, 7, Es:1 Pl:05 Pt:A;03503;2791933YH5629S0214UO;4;2;110.00;18/08/2009;-0.100975;38.535155
CV-VUT0320938-A;CL VIENA, 7, Es:1 Pl:05 Pt:B;03503;2791933YH5629S0215IP;2;1;84.00;18/08/2009;-0.100975;38.535155
CV-VUT0320958-A;CL VIENA, 7, Es:1 Pl:05 Pt:C;03503;2791933YH5629S0216OA;2;1;84.00;18/08/2009;-0.100975;38.535155
CV-VUT0320978-A;CL VIENA, 7, Es:1 Pl:05 Pt:D;03503;2791933YH5629S0217PS;2;1;84.00;18/08/2009;-0.100975;38.535155
CV-VUT0320998-A;CL VIENA, 7, Es:1 Pl:05 Pt:E;03503;2791933YH5629S0218AD;2;1;86.00;18/08/2009;-0.100975;38.535155
CV-VUT0320909-A;CL VIENA, 7, Es:1 Pl:06 Pt:A;03503;2791933YH5629S0219SF;4;2;110.00;18/08/2009;-0.100975;38.535155
CV-VUT0320939-A;CL VIENA, 7, Es:1 Pl:06 Pt:B;03503;2791933YH5629S0220PS;2;1;84.00;18/08/2009;-0.100975;38.535155
CV-VUT0320959-A;CL VIENA, 7, Es:1 Pl:06 Pt:C;03503;2791933YH5629S0221AD;2;1;84.00;18/08/2009;-0.100975;38.535155
CV-VUT0320979-A;CL VIENA, 7, Es:1 Pl:06 Pt:D;03503;2791933YH5629S0222SF;2;1;84.00;18/08/2009;-0.100975;38.535155
CV-VUT0320999-A;CL VIENA, 7, Es:1 Pl:06 Pt:E;03503;2791933YH5629S0223DG;2;1;86.00;18/08/2009;-0.100975;38.535155
CV-VUT0320910-A;CL VIENA, 7, Es:1 Pl:07 Pt:A;03503;2791933YH5629S0224FH;4;2;110.00;18/08/2009;-0.100975;38.535155
CV-VUT0320940-A;CL VIENA, 7, Es:1 Pl:07 Pt:B;03503;2791933YH5629S0225GJ;2;1;84.00;18/08/2009;-0.100975;38.535155
CV-VUT0320960-A;CL VIENA, 7, Es:1 Pl:07 Pt:C;03503;2791933YH5629S0226HK;2;1;84.00;18/08/2009;-0.100975;38.535155
CV-VUT0320980-A;CL VIENA, 7, Es:1 Pl:07 Pt:D;03503;2791933YH5629S0227JL;2;1;84.00;18/08/2009;-0.100975;38.535155
CV-VUT0321000-A;CL VIENA, 7, Es:1 Pl:07 Pt:E;03503;2791933YH5629S0228KB;2;1;86.00;18/08/2009;-0.100975;38.535155
CV-VUT0320911-A;CL VIENA, 7, Es:1 Pl:08 Pt:A;03503;2791933YH5629S0229LZ;4;2;110.00;18/08/2009;-0.100975;38.535155
CV-VUT0320941-A;CL VIENA, 7, Es:1 Pl:08 Pt:B;03503;2791933YH5629S0230JL;2;1;84.00;18/08/2009;-0.100975;38.535155
CV-VUT0320961-A;CL VIENA, 7, Es:1 Pl:08 Pt:C;03503;2791933YH5629S0231KB;2;1;84.00;18/08/2009;-0.100975;38.535155
CV-VUT0320981-A;CL VIENA, 7, Es:1 Pl:08 Pt:D;03503;2791933YH5629S0232LZ;2;1;84.00;18/08/2009;-0.100975;38.535155
CV-VUT0321001-A;CL VIENA, 7, Es:1 Pl:08 Pt:E;03503;2791933YH5629S0233BX;2;1;86.00;18/08/2009;-0.100975;38.535155
CV-VUT0320912-A;CL VIENA, 7, Es:1 Pl:09 Pt:A;03503;2791933YH5629S0234ZM;4;2;110.00;18/08/2009;-0.100975;38.535155
CV-VUT0320942-A;CL VIENA, 7, Es:1 Pl:09 Pt:B;03503;2791933YH5629S0235XQ;2;1;84.00;18/08/2009;-0.100975;38.535155
CV-VUT0320962-A;CL VIENA, 7, Es:1 Pl:09 Pt:C;03503;2791933YH5629S0236MW;2;1;84.00;18/08/2009;-0.100975;38.535155
CV-VUT0320982-A;CL VIENA, 7, Es:1 Pl:09 Pt:D;03503;2791933YH5629S0237QE;2;1;84.00;18/08/2009;-0.100975;38.535155
CV-VUT0321002-A;CL VIENA, 7, Es:1 Pl:09 Pt:E;03503;2791933YH5629S0238WR;2;1;86.00;18/08/2009;-0.100975;38.535155
CV-VUT0320913-A;CL VIENA, 7, Es:1 Pl:10 Pt:A;03503;2791933YH5629S0239ET;4;2;110.00;18/08/2009;-0.100975;38.535155
CV-VUT0320943-A;CL VIENA, 7, Es:1 Pl:10 Pt:B;03503;2791933YH5629S0240QE;2;1;84.00;18/08/2009;-0.100975;38.535155
CV-VUT0320963-A;CL VIENA, 7, Es:1 Pl:10 Pt:C;03503;2791933YH5629S0241WR;2;1;84.00;18/08/2009;-0.100975;38.535155
CV-VUT0320983-A;CL VIENA, 7, Es:1 Pl:10 Pt:D;03503;2791933YH5629S0242ET;2;1;84.00;18/08/2009;-0.100975;38.535155
CV-VUT0321003-A;CL VIENA, 7, Es:1 Pl:10 Pt:E;03503;2791933YH5629S0243RY;2;1;86.00;18/08/2009;-0.100975;38.535155
CV-VUT0320914-A;CL VIENA, 7, Es:1 Pl:11 Pt:A;03503;2791933YH5629S0244TU;4;2;110.00;18/08/2009;-0.100975;38.535155
CV-VUT0320924-A;CL VIENA, 7, Es:1 Pl:11 Pt:B;03503;2791933YH5629S0245YI;2;1;84.00;18/08/2009;-0.100975;38.535155
CV-VUT0320944-A;CL VIENA, 7, Es:1 Pl:11 Pt:C;03503;2791933YH5629S0246UO;2;1;84.00;18/08/2009;-0.100975;38.535155
CV-VUT0320964-A;CL VIENA, 7, Es:1 Pl:11 Pt:D;03503;2791933YH5629S0247IP;2;1;84.00;18/08/2009;-0.100975;38.535155
CV-VUT0320984-A;CL VIENA, 7, Es:1 Pl:11 Pt:E;03503;2791933YH5629S0248OA;2;1;86.00;18/08/2009;-0.100975;38.535155
CV-VUT0320915-A;CL VIENA, 7, Es:1 Pl:12 Pt:A;03503;2791933YH5629S0249PS;4;2;110.00;18/08/2009;-0.100975;38.535155
CV-VUT0320925-A;CL VIENA, 7, Es:1 Pl:12 Pt:B;03503;2791933YH5629S0250IP;2;1;84.00;18/08/2009;-0.100975;38.535155
CV-VUT0320945-A;CL VIENA, 7, Es:1 Pl:12 Pt:C;03503;2791933YH5629S0251OA;2;1;84.00;18/08/2009;-0.100975;38.535155
CV-VUT0320965-A;CL VIENA, 7, Es:1 Pl:12 Pt:D;03503;2791933YH5629S0252PS;2;1;84.00;18/08/2009;-0.100975;38.535155
CV-VUT0320985-A;CL VIENA, 7, Es:1 Pl:12 Pt:E;03503;2791933YH5629S0253AD;2;1;86.00;18/08/2009;-0.100975;38.535155
CV-VUT0320916-A;CL VIENA, 7, Es:1 Pl:13 Pt:A;03503;2791933YH5629S0254SF;4;2;110.00;18/08/2009;-0.100975;38.535155
CV-VUT0320926-A;CL VIENA, 7, Es:1 Pl:13 Pt:B;03503;2791933YH5629S0255DG;2;1;84.00;18/08/2009;-0.100975;38.535155
CV-VUT0320946-A;CL VIENA, 7, Es:1 Pl:13 Pt:C;03503;2791933YH5629S0256FH;2;1;84.00;18/08/2009;-0.100975;38.535155
CV-VUT0320966-A;CL VIENA, 7, Es:1 Pl:13 Pt:D;03503;2791933YH5629S0257GJ;2;1;84.00;18/08/2009;-0.100975;38.535155
CV-VUT0320986-A;CL VIENA, 7, Es:1 Pl:13 Pt:E;03503;2791933YH5629S0258HK;2;1;86.00;18/08/2009;-0.100975;38.535155
CV-VUT0320917-A;CL VIENA, 7, Es:1 Pl:14 Pt:A;03503;2791933YH5629S0259JL;4;2;110.00;18/08/2009;-0.100975;38.535155
CV-VUT0320927-A;CL VIENA, 7, Es:1 Pl:14 Pt:B;03503;2791933YH5629S0260GJ;2;1;84.00;18/08/2009;-0.100975;38.535155
CV-VUT0320947-A;CL VIENA, 7, Es:1 Pl:14 Pt:C;03503;2791933YH5629S0261HK;2;1;84.00;18/08/2009;-0.100975;38.535155
CV-VUT0320967-A;CL VIENA, 7, Es:1 Pl:14 Pt:D;03503;2791933YH5629S0262JL;2;1;84.00;18/08/2009;-0.100975;38.535155
CV-VUT0320987-A;CL VIENA, 7, Es:1 Pl:14 Pt:E;03503;2791933YH5629S0263KB;2;1;86.00;18/08/2009;-0.100975;38.535155
CV-VUT0320918-A;CL VIENA, 7, Es:1 Pl:15 Pt:A;03503;2791933YH5629S0264LZ;4;2;110.00;18/08/2009;-0.100975;38.535155
CV-VUT0320928-A;CL VIENA, 7, Es:1 Pl:15 Pt:B;03503;2791933YH5629S0265BX;2;1;84.00;18/08/2009;-0.100975;38.535155
CV-VUT0320948-A;CL VIENA, 7, Es:1 Pl:15 Pt:C;03503;2791933YH5629S0266ZM;2;1;87.00;18/08/2009;-0.100975;38.535155
CV-VUT0320968-A;CL VIENA, 7, Es:1 Pl:15 Pt:D;03503;2791933YH5629S0267XQ;2;1;87.00;18/08/2009;-0.100975;38.535155
CV-VUT0320988-A;CL VIENA, 7, Es:1 Pl:15 Pt:E;03503;2791933YH5629S0268MW;2;1;86.00;18/08/2009;-0.100975;38.535155
CV-VUT0320919-A;CL VIENA, 7, Es:1 Pl:16 Pt:A;03503;2791933YH5629S0269QE;4;2;110.00;18/08/2009;-0.100975;38.535155
CV-VUT0320929-A;CL VIENA, 7, Es:1 Pl:16 Pt:B;03503;2791933YH5629S0270XQ;2;1;56.00;18/08/2009;-0.100975;38.535155
CV-VUT0320949-A;CL VIENA, 7, Es:1 Pl:16 Pt:C;03503;2791933YH5629S0271MW;2;1;87.00;18/08/2009;-0.100975;38.535155
CV-VUT0320969-A;CL VIENA, 7, Es:1 Pl:16 Pt:D;03503;2791933YH5629S0272QE;2;1;87.00;18/08/2009;-0.100975;38.535155
CV-VUT0320989-A;CL VIENA, 7, Es:1 Pl:16 Pt:E;03503;2791933YH5629S0273WR;2;1;86.00;18/08/2009;-0.100975;38.535155
CV-VUT0320920-A;CL VIENA, 7, Es:1 Pl:17 Pt:A;03503;2791933YH5629S0274ET;4;2;110.00;18/08/2009;-0.100975;38.535155
CV-VUT0320930-A;CL VIENA, 7, Es:1 Pl:17 Pt:B;03503;2791933YH5629S0275RY;2;1;84.00;18/08/2009;-0.100975;38.535155
CV-VUT0320950-A;CL VIENA, 7, Es:1 Pl:17 Pt:C;03503;2791933YH5629S0276TU;2;1;87.00;18/08/2009;-0.100975;38.535155
CV-VUT0320970-A;CL VIENA, 7, Es:1 Pl:17 Pt:D;03503;2791933YH5629S0277YI;2;1;87.00;18/08/2009;-0.100975;38.535155
CV-VUT0320990-A;CL VIENA, 7, Es:1 Pl:17 Pt:E;03503;2791933YH5629S0278UO;2;1;86.00;18/08/2009;-0.100975;38.535155
CV-VUT0320921-A;CL VIENA, 7, Es:1 Pl:18 Pt:A;03503;2791933YH5629S0279IP;4;2;110.00;18/08/2009;-0.100975;38.535155
CV-VUT0320931-A;CL VIENA, 7, Es:1 Pl:18 Pt:B;03503;2791933YH5629S0280YI;2;1;84.00;18/08/2009;-0.100975;38.535155
CV-VUT0320951-A;CL VIENA, 7, Es:1 Pl:18 Pt:C;03503;2791933YH5629S0281UO;2;1;87.00;18/08/2009;-0.100975;38.535155
CV-VUT0320971-A;CL VIENA, 7, Es:1 Pl:18 Pt:D;03503;2791933YH5629S0282IP;2;1;87.00;18/08/2009;-0.100975;38.535155
CV-VUT0320991-A;CL VIENA, 7, Es:1 Pl:18 Pt:E;03503;2791933YH5629S0283OA;2;1;86.00;18/08/2009;-0.100975;38.535155
CV-VUT0320922-A;CL VIENA, 7, Es:1 Pl:19 Pt:A;03503;2791933YH5629S0284PS;4;2;110.00;18/08/2009;-0.100975;38.535155
CV-VUT0321269-A;CL VIENA, 7, Es:1 Pl:19 Pt:B;03503;2791933YH5629S0285AD;2;1;84.00;31/03/2011;-0.100975;38.535155
CV-VUT0321270-A;CL VIENA, 7, Es:1 Pl:19 Pt:C;03503;2791933YH5629S0286SF;2;1;86.00;31/03/2011;-0.100975;38.535155
CV-VUT0321271-A;CL VIENA, 7, Es:1 Pl:19 Pt:D;03503;2791933YH5629S0287DG;2;1;87.00;31/03/2011;-0.100975;38.535155
CV-VUT0321272-A;CL VIENA, 7, Es:1 Pl:19 Pt:E;03503;2791933YH5629S0288FH;2;1;86.00;31/03/2011;-0.100975;38.535155
CV-VUT0320923-A;CL VIENA, 7, Es:1 Pl:20 Pt:A;03503;2791933YH5629S0289GJ;4;2;110.00;18/08/2009;-0.100975;38.535155
CV-VUT0321273-A;CL VIENA, 7, Es:1 Pl:20 Pt:B;03503;2791933YH5629S0290DG;2;1;84.00;31/03/2011;-0.100975;38.535155
CV-VUT0321274-A;CL VIENA, 7, Es:1 Pl:20 Pt:C;03503;2791933YH5629S0291FH;2;1;87.00;31/03/2011;-0.100975;38.535155
CV-VUT0321275-A;CL VIENA, 7, Es:1 Pl:20 Pt:D;03503;2791933YH5629S0292GJ;2;1;87.00;31/03/2011;-0.100975;38.535155
CV-VUT0321276-A;CL VIENA, 7, Es:1 Pl:20 Pt:E;03503;2791933YH5629S0293HK;2;1;85.00;31/03/2011;-0.100975;38.535155
CV-VUT0321078-A;CL VIENA, 7, Es:1 Pl:21 Pt:A;03503;2791933YH5629S0294JL;4;2;110.00;15/04/2010;-0.100975;38.535155
CV-VUT0321277-A;CL VIENA, 7, Es:1 Pl:21 Pt:B;03503;2791933YH5629S0295KB;2;1;84.00;31/03/2011;-0.100975;38.535155
CV-VUT0321278-A;CL VIENA, 7, Es:1 Pl:21 Pt:C;03503;2791933YH5629S0296LZ;2;1;84.00;31/03/2011;-0.100975;38.535155
CV-VUT0321279-A;CL VIENA, 7, Es:1 Pl:21 Pt:D;03503;2791933YH5629S0297BX;2;1;84.00;31/03/2011;-0.100975;38.535155
CV-VUT0321280-A;CL VIENA, 7, Es:1 Pl:21 Pt:E;03503;2791933YH5629S0298ZM;2;1;86.00;31/03/2011;-0.100975;38.535155
CV-VUT0321079-A;CL VIENA, 7, Es:1 Pl:22 Pt:A;03503;2791933YH5629S0299XQ;4;2;110.00;15/04/2010;-0.100975;38.535155
CV-VUT0321281-A;CL VIENA, 7, Es:1 Pl:22 Pt:B;03503;2791933YH5629S0300XQ;2;1;84.00;31/03/2011;-0.100975;38.535155
CV-VUT0321282-A;CL VIENA, 7, Es:1 Pl:22 Pt:C;03503;2791933YH5629S0301MW;2;1;84.00;31/03/2011;-0.100975;38.535155
CV-VUT0321283-A;CL VIENA, 7, Es:1 Pl:22 Pt:D;03503;2791933YH5629S0302QE;2;1;84.00;31/03/2011;-0.100975;38.535155
CV-VUT0321284-A;CL VIENA, 7, Es:1 Pl:22 Pt:E;03503;2791933YH5629S0303WR;2;1;86.00;31/03/2011;-0.100975;38.535155
CV-VUT0321080-A;CL VIENA, 7, Es:1 Pl:23 Pt:A;03503;2791933YH5629S0304ET;4;2;110.00;15/04/2010;-0.100975;38.535155
CV-VUT0321285-A;CL VIENA, 7, Es:1 Pl:23 Pt:B;03503;2791933YH5629S0305RY;2;1;84.00;31/03/2011;-0.100975;38.535155
CV-VUT0321286-A;CL VIENA, 7, Es:1 Pl:23 Pt:C;03503;2791933YH5629S0306TU;2;1;84.00;31/03/2011;-0.100975;38.535155
CV-VUT0321287-A;CL VIENA, 7, Es:1 Pl:23 Pt:D;03503;2791933YH5629S0307YI;2;1;84.00;31/03/2011;-0.100975;38.535155
CV-VUT0321288-A;CL VIENA, 7, Es:1 Pl:23 Pt:E;03503;2791933YH5629S0308UO;2;1;86.00;31/03/2011;-0.100975;38.535155
CV-VUT0321081-A;CL VIENA, 7, Es:1 Pl:24 Pt:A;03503;2791933YH5629S0309IP;4;2;110.00;15/04/2010;-0.100975;38.535155
CV-VUT0321289-A;CL VIENA, 7, Es:1 Pl:24 Pt:B;03503;2791933YH5629S0310YI;2;1;84.00;31/03/2011;-0.100975;38.535155
CV-VUT0321290-A;CL VIENA, 7, Es:1 Pl:24 Pt:C;03503;2791933YH5629S0311UO;2;1;84.00;31/03/2011;-0.100975;38.535155
CV-VUT0321291-A;CL VIENA, 7, Es:1 Pl:24 Pt:D;03503;2791933YH5629S0312IP;2;1;84.00;31/03/2011;-0.100975;38.535155
CV-VUT0321292-A;CL VIENA, 7, Es:1 Pl:24 Pt:E;03503;2791933YH5629S0313OA;2;1;86.00;31/03/2011;-0.100975;38.535155
CV-VUT0321082-A;CL VIENA, 7, Es:1 Pl:25 Pt:A;03503;2791933YH5629S0314PS;4;2;110.00;15/04/2010;-0.100975;38.535155
CV-VUT0321293-A;CL VIENA, 7, Es:1 Pl:25 Pt:B;03503;2791933YH5629S0315AD;2;1;84.00;31/03/2011;-0.100975;38.535155
CV-VUT0321294-A;CL VIENA, 7, Es:1 Pl:25 Pt:C;03503;2791933YH5629S0316SF;2;1;84.00;31/03/2011;-0.100975;38.535155
CV-VUT0321295-A;CL VIENA, 7, Es:1 Pl:25 Pt:D;03503;2791933YH5629S0317DG;2;1;84.00;31/03/2011;-0.100975;38.535155
CV-VUT0321296-A;CL VIENA, 7, Es:1 Pl:25 Pt:E;03503;2791933YH5629S0318FH;2;1;86.00;31/03/2011;-0.100975;38.535155
CV-VUT0321083-A;CL VIENA, 7, Es:1 Pl:26 Pt:A;03503;2791933YH5629S0319GJ;4;2;110.00;15/04/2010;-0.100975;38.535155
CV-VUT0321297-A;CL VIENA, 7, Es:1 Pl:26 Pt:B;03503;2791933YH5629S0320DG;2;1;84.00;31/03/2011;-0.100975;38.535155
CV-VUT0321298-A;CL VIENA, 7, Es:1 Pl:26 Pt:C;03503;2791933YH5629S0321FH;2;1;84.00;31/03/2011;-0.100975;38.535155
CV-VUT0321299-A;CL VIENA, 7, Es:1 Pl:26 Pt:D;03503;2791933YH5629S0322GJ;2;1;84.00;31/03/2011;-0.100975;38.535155
CV-VUT0321300-A;CL VIENA, 7, Es:1 Pl:26 Pt:E;03503;2791933YH5629S0323HK;2;1;86.00;31/03/2011;-0.100975;38.535155
CV-VUT0321084-A;CL VIENA, 7, Es:1 Pl:27 Pt:A;03503;2791933YH5629S0324JL;4;2;110.00;15/04/2010;-0.100975;38.535155
CV-VUT0321301-A;CL VIENA, 7, Es:1 Pl:27 Pt:B;03503;2791933YH5629S0325KB;2;1;84.00;31/03/2011;-0.100975;38.535155
CV-VUT0321302-A;CL VIENA, 7, Es:1 Pl:27 Pt:C;03503;2791933YH5629S0326LZ;2;1;84.00;31/03/2011;-0.100975;38.535155
CV-VUT0321303-A;CL VIENA, 7, Es:1 Pl:27 Pt:D;03503;2791933YH5629S0327BX;2;1;84.00;31/03/2011;-0.100975;38.535155
CV-VUT0321304-A;CL VIENA, 7, Es:1 Pl:27 Pt:E;03503;2791933YH5629S0328ZM;2;1;86.00;31/03/2011;-0.100975;38.535155
CV-VUT0321085-A;CL VIENA, 7, Es:1 Pl:28 Pt:A;03503;2791933YH5629S0329XQ;4;2;110.00;15/04/2010;-0.100975;38.535155
CV-VUT0321305-A;CL VIENA, 7, Es:1 Pl:28 Pt:B;03503;2791933YH5629S0330BX;2;1;84.00;31/03/2011;-0.100975;38.535155
CV-VUT0321306-A;CL VIENA, 7, Es:1 Pl:28 Pt:C;03503;2791933YH5629S0331ZM;2;1;84.00;31/03/2011;-0.100975;38.535155
CV-VUT0321307-A;CL VIENA, 7, Es:1 Pl:28 Pt:D;03503;2791933YH5629S0332XQ;2;1;84.00;31/03/2011;-0.100975;38.535155
CV-VUT0321308-A;CL VIENA, 7, Es:1 Pl:28 Pt:E;03503;2791933YH5629S0333MW;2;1;86.00;31/03/2011;-0.100975;38.535155
CV-VUT0321142-A;CL VIENA, 7, Es:1 Pl:29 Pt:A;03503;2791933YH5629S0334QE;4;2;110.00;21/07/2010;-0.100975;38.535155
CV-VUT0321309-A;CL VIENA, 7, Es:1 Pl:29 Pt:B;03503;2791933YH5629S0335WR;2;1;84.00;31/03/2011;-0.100975;38.535155
CV-VUT0321310-A;CL VIENA, 7, Es:1 Pl:29 Pt:C;03503;2791933YH5629S0336ET;2;1;84.00;31/03/2011;-0.100975;38.535155
CV-VUT0321311-A;CL VIENA, 7, Es:1 Pl:29 Pt:D;03503;2791933YH5629S0337RY;2;1;84.00;31/03/2011;-0.100975;38.535155
CV-VUT0321312-A;CL VIENA, 7, Es:1 Pl:29 Pt:E;03503;2791933YH5629S0338TU;2;1;86.00;31/03/2011;-0.100975;38.535155
CV-VUT0321143-A;CL VIENA, 7, Es:1 Pl:30 Pt:A;03503;2791933YH5629S0339YI;4;2;110.00;21/07/2010;-0.100975;38.535155
CV-VUT0321148-A;CL VIENA, 7, Es:1 Pl:30 Pt:F;03503;2791933YH5629S0340RY;4;2;113.00;21/07/2010;-0.100975;38.535155
CV-VUT0321153-A;CL VIENA, 7, Es:1 Pl:30 Pt:G;03503;2791933YH5629S0341TU;4;2;110.00;21/07/2010;-0.100975;38.535155
CV-VUT0321158-A;CL VIENA, 7, Es:1 Pl:30 Pt:H;03503;2791933YH5629S0342YI;4;2;115.00;21/07/2010;-0.100975;38.535155
CV-VUT0321144-A;CL VIENA, 7, Es:1 Pl:31 Pt:A;03503;2791933YH5629S0343UO;4;2;110.00;21/07/2010;-0.100975;38.535155
CV-VUT0321149-A;CL VIENA, 7, Es:1 Pl:31 Pt:F;03503;2791933YH5629S0344IP;4;2;113.00;21/07/2010;-0.100975;38.535155
CV-VUT0321154-A;CL VIENA, 7, Es:1 Pl:31 Pt:G;03503;2791933YH5629S0345OA;4;2;108.00;21/07/2010;-0.100975;38.535155
CV-VUT0321159-A;CL VIENA, 7, Es:1 Pl:31 Pt:H;03503;2791933YH5629S0346PS;4;2;115.00;21/07/2010;-0.100975;38.535155
CV-VUT0321145-A;CL VIENA, 7, Es:1 Pl:32 Pt:A;03503;2791933YH5629S0347AD;4;2;110.00;21/07/2010;-0.100975;38.535155
CV-VUT0321150-A;CL VIENA, 7, Es:1 Pl:32 Pt:F;03503;2791933YH5629S0348SF;4;2;113.00;21/07/2010;-0.100975;38.535155
CV-VUT0321155-A;CL VIENA, 7, Es:1 Pl:32 Pt:G;03503;2791933YH5629S0349DG;4;2;110.00;21/07/2010;-0.100975;38.535155
CV-VUT0321160-A;CL VIENA, 7, Es:1 Pl:32 Pt:H;03503;2791933YH5629S0350AD;4;2;115.00;21/07/2010;-0.100975;38.535155
CV-VUT0321146-A;CL VIENA, 7, Es:1 Pl:33 Pt:A;03503;2791933YH5629S0351SF;4;2;110.00;21/07/2010;-0.100975;38.535155
CV-VUT0321151-A;CL VIENA, 7, Es:1 Pl:33 Pt:F;03503;2791933YH5629S0352DG;4;2;113.00;21/07/2010;-0.100975;38.535155
CV-VUT0321156-A;CL VIENA, 7, Es:1 Pl:33 Pt:G;03503;2791933YH5629S0353FH;4;2;110.00;21/07/2010;-0.100975;38.535155
CV-VUT0321161-A;CL VIENA, 7, Es:1 Pl:33 Pt:H;03503;2791933YH5629S0354GJ;4;2;115.00;21/07/2010;-0.100975;38.535155
CV-VUT0321147-A;CL VIENA, 7, Es:1 Pl:34 Pt:A;03503;2791933YH5629S0355HK;4;2;110.00;21/07/2010;-0.100975;38.535155
CV-VUT0321152-A;CL VIENA, 7, Es:1 Pl:34 Pt:F;03503;2791933YH5629S0356JL;4;2;113.00;21/07/2010;-0.100975;38.535155
CV-VUT0321157-A;CL VIENA, 7, Es:1 Pl:34 Pt:G;03503;2791933YH5629S0357KB;4;2;110.00;21/07/2010;-0.100975;38.535155
CV-VUT0321162-A;CL VIENA, 7, Es:1 Pl:34 Pt:H;03503;2791933YH5629S0358LZ;4;2;115.00;21/07/2010;-0.100975;38.535155
CV-VUT0439664-A;CL VIENA, 7, Es:1 Pl:35 Pt:01;03503;2791933YH5629S0359BX;4;2;241.00;06/02/2014;-0.100975;38.535155
CV-VUT0324033-A;CL VIENA, 8, Es:1 Pl:-2 Pt:146;03503;2992501YH5629S0364KQ;4;2;32.00;13/07/2023;-0.099616;38.534019
CV-VUT0505286-A;CL VIENA, 8, Es:1 Pl:02 Pt:10;03503;2992501YH5629S0011JM;4;2;125.00;12/02/2024;-0.099616;38.534019
CV-VUT0522374-A;CL VIENA, 8, Es:1 Pl:04 Pt:16;03503;2992501YH5629S0017MY;4;3;126.00;25/07/2026;-0.099616;38.534019
CV-VUT0507650-A;CL VIENA, 8, Es:1 Pl:04 Pt:18;03503;2992501YH5629S0019WI;2;1;105.00;02/05/2024;-0.099616;38.534019
CV-VUT0324055-A;CL VIENA, 8, Es:1 Pl:05 Pt:23;03503;2992501YH5629S0024RP;4;2;105.00;21/09/2023;-0.099616;38.534019
CV-VUT0522631-A;CL VIENA, 8, Es:1 Pl:06 Pt:27;03503;2992501YH5629S0028IF;4;2;128.00;31/08/2026;-0.099616;38.534019
CV-VUT0514678-A;CL VIENA, 8, Es:1 Pl:06 Pt:30;03503;2992501YH5629S0031IF;4;2;127.00;05/03/2025;-0.099616;38.534019
CV-VUT0462529-A;CL VIENA, 8, Es:1 Pl:08 Pt:38;03503;2992501YH5629S0039HX;2;1;107.00;10/01/2018;-0.099616;38.534019
CV-VUT0515729-A;CL VIENA, 8, Es:1 Pl:09 Pt:43;03503;2992501YH5629S0044KQ;4;2;108.00;06/04/2025;-0.099616;38.534019
CV-VUT0514677-A;CL VIENA, 8, Es:1 Pl:09 Pt:44;03503;2992501YH5629S0045LW;6;3;129.00;05/03/2025;-0.099616;38.534019
CV-VUT0323488-A;CL VIENA, 8, Es:1 Pl:10 Pt:47;03503;2992501YH5629S0048XT;2;1;117.00;20/04/2021;-0.099616;38.534019
CV-VUT0324214-A;CL VIENA, 8, Es:1 Pl:10 Pt:49;03503;2992501YH5629S0050ZR;6;3;189.00;23/02/2024;-0.099616;38.534019
CV-VUT0323511-A;CL VIENA, 8, Es:1 Pl:11 Pt:52;03503;2992501YH5629S0053QU;2;1;108.00;01/06/2021;-0.099616;38.534019
CV-VUT0323605-A;CL VIENA, 8, Es:1 Pl:12 Pt:58;03503;2992501YH5629S0059UD;4;2;130.00;21/01/2022;-0.099616;38.534019
CV-VUT0516263-A;CL VIENA, 8, Es:1 Pl:13 Pt:62;03503;2992501YH5629S0063IF;4;2;109.00;05/05/2025;-0.099616;38.534019
CV-VUT0324175-A;CL VIENA, 8, Es:1 Pl:14 Pt:66;03503;2992501YH5629S0067SK;4;2;131.00;05/02/2024;-0.099616;38.534019
CV-VUT0515730-A;CL VIENA, 8, Es:1 Pl:14 Pt:68;03503;2992501YH5629S0069FB;6;3;131.00;06/04/2025;-0.099616;38.534019
CV-VUT0491624-A;CL VIENA, 8, Es:1 Pl:15 Pt:72;03503;2992501YH5629S0073GZ;6;3;110.00;27/07/2022;-0.099616;38.534019
CV-VUT0515727-A;CL VIENA, 8, Es:1 Pl:15 Pt:74;03503;2992501YH5629S0075JM;4;2;134.00;06/04/2025;-0.099616;38.534019
CV-VUT0516529-A;CL VIENA, 8, Es:1 Pl:16 Pt:75;03503;2992501YH5629S0076KQ;6;3;134.00;18/05/2025;-0.099616;38.534019
CV-VUT0500909-A;CL VIENA, 8, Es:1 Pl:16 Pt:76;03503;2992501YH5629S0077LW;4;2;133.00;27/07/2023;-0.099616;38.534019
CV-VUT0517943-A;CL VIENA, 8, Es:1 Pl:16 Pt:77;03503;2992501YH5629S0078BE;2;1;111.00;29/07/2025;-0.099616;38.534019
CV-VUT0463967-A;CL VIENA, 8, Es:1 Pl:17 Pt:82;03503;2992501YH5629S0083XT;2;1;111.00;21/02/2018;-0.099616;38.534019
CV-VUT0323606-A;CL VIENA, 8, Es:1 Pl:18 Pt:85;03503;2992501YH5629S0086WI;4;2;135.00;21/01/2022;-0.099616;38.534019
CV-VUT0515712-A;CL VIENA, 8, Es:1 Pl:18 Pt:86;03503;2992501YH5629S0087EO;6;3;135.00;04/04/2025;-0.099616;38.534019
CV-VUT0522673-A;CL VIENA, 8, Es:1 Pl:19 Pt:93;03503;2992501YH5629S0094UD;4;2;136.00;06/08/2026;-0.099616;38.534019
CV-VUT0505723-A;CL VIENA, 8, Es:1 Pl:19 Pt:94;03503;2992501YH5629S0095IF;4;2;136.00;26/02/2024;-0.099616;38.534019
CV-VUT0322766-A;CL VIENA, 8, Es:1 Pl:20 Pt:96;03503;2992501YH5629S0097PH;2;1;125.00;11/07/2018;-0.099616;38.534019
CV-VUT0323968-A;CL VIENA, 8, Es:1 Pl:21 Pt:100;03503;2992501YH5629S0101DL;4;2;120.00;27/04/2023;-0.099616;38.534019
CV-VUT0519509-A;CL VIENA, 8, Es:1 Pl:23 Pt:111;03503;2992501YH5629S0112ZR;4;2;114.00;13/12/2025;-0.099616;38.534019
CV-VUT0440884-A;CL VIENA, 8, Es:1 Pl:23 Pt:112;03503;2992501YH5629S0113XT;4;2;139.00;08/08/2014;-0.099616;38.534019
CV-VUT0488493-A;CL VIENA, 8, Es:1 Pl:24 Pt:114;03503;2992501YH5629S0115QU;4;2;140.00;08/02/2022;-0.099616;38.534019
CV-VUT0322918-A;CL VIENA, 8, Es:1 Pl:24 Pt:118;03503;2992501YH5629S0119TA;4;2;140.00;05/02/2019;-0.099616;38.534019
CV-VUT0324056-A;CL VIENA, 8, Es:1 Pl:25 Pt:121;03503;2992501YH5629S0122TA;2;1;116.00;21/09/2023;-0.099616;38.534019
CV-VUT0515084-A;CL VIENA, 8, Es:1 Pl:25 Pt:123;03503;2992501YH5629S0124UD;4;2;141.00;18/03/2025;-0.099616;38.534019
CV-VUT0484051-A;CL VIENA, 8, Es:1 Pl:26 Pt:124;03503;2992501YH5629S0125IF;4;2;143.00;02/11/2020;-0.099616;38.534019
CV-VUT0515715-A;CL VIENA, 8, Es:1 Pl:26 Pt:127;03503;2992501YH5629S0128AJ;6;3;141.00;04/04/2025;-0.099616;38.534019
CV-VUT0470452-A;CL VIENA, 8, Es:1 Pl:27 Pt:130;03503;2992501YH5629S0131AJ;4;2;143.00;29/08/2018;-0.099616;38.534019
CV-VUT0519510-A;CL VIENA, 8, Es:1 Pl:27 Pt:131;03503;2992501YH5629S0132SK;4;2;118.00;13/12/2025;-0.099616;38.534019
CV-VUT0513097-A;CL VIENA, 8, Es:1 Pl:27 Pt:132;03503;2992501YH5629S0133DL;4;2;143.00;02/12/2024;-0.099616;38.534019
CV-VUT0480471-A;CL VIENA, 8, Es:1 Pl:28 Pt:134;03503;2992501YH5629S0135GZ;4;2;145.00;07/01/2020;-0.099616;38.534019
CV-VUT0324253-A;CL VIENA, 8, Es:1 Pl:28 Pt:137;03503;2992501YH5629S0138KQ;4;2;145.00;05/04/2024;-0.099616;38.534019
CV-VUT0463247-A;CL VIENA, 8, Es:1 Pl:29 Pt:139;03503;2992501YH5629S0140JM;4;2;146.00;30/01/2018;-0.099616;38.534019
CV-VUT0480299-A;CL VIENA, 8, Es:1 Pl:29 Pt:142;03503;2992501YH5629S0143BE;4;2;146.00;16/12/2019;-0.099616;38.534019
CV-VUT0320836-A;CL VIENA, 8, Es:1 Pl:29 Pt:143;03503;2992501YH5629S0144ZR;5;3;146.00;02/12/2008;-0.099616;38.534019
CV-VUT0478841-A;CL VIENA, 8, Es:1 Pl:30 Pt:146;03503;2992501YH5629S0147QU;4;2;136.00;26/09/2019;-0.099616;38.534019
CV-VUT0515714-A;CL VIENA, 8, Es:1 Pl:30 Pt:147;03503;2992501YH5629S0148WI;6;3;216.00;04/04/2025;-0.099616;38.534019
CV-VUT0520243-A;CL VIENA, 8, Es:1 Pl:31 Pt:148;03503;2992501YH5629S0149EO;6;3;148.00;17/02/2026;-0.099616;38.534019
CV-VUT0487084-A;CL VIENA, 8, Es:1 Pl:31 Pt:151;03503;2992501YH5629S0152EO;4;2;147.00;04/08/2021;-0.099616;38.534019
CV-VUT0476077-A;CL VIENA, 8, Es:1 Pl:31 Pt:152;03503;2992501YH5629S0153RP;4;2;148.00;22/05/2019;-0.099616;38.534019
CV-VUT0483217-A;CL VIENA, 8, Es:1 Pl:33 Pt:159;03503;2992501YH5629S0160IF;4;2;152.00;09/09/2020;-0.099616;38.534019
CV-VUT0482798-A;CL VIENA, 8, Es:1 Pl:34 Pt:164;03503;2992501YH5629S0165DL;4;2;153.00;30/07/2020;-0.099616;38.534019
CV-VUT0463246-A;CL VIENA, 8, Es:1 Pl:34 Pt:165;03503;2992501YH5629S0166FB;2;1;125.00;30/01/2018;-0.099616;38.534019
CV-VUT0516520-A;CL VIENA, 8, Es:1 Pl:34 Pt:166;03503;2992501YH5629S0167GZ;6;3;153.00;18/05/2025;-0.099616;38.534019
CV-VUT0324233-A;CL VIENA, 8, Es:1 Pl:36 Pt:173;03503;2992501YH5629S0174LW;4;2;157.00;01/03/2024;-0.099616;38.534019
CV-VUT0463245-A;CL VIENA, 8, Es:1 Pl:36 Pt:175;03503;2992501YH5629S0176ZR;2;1;129.00;30/01/2018;-0.099616;38.534019
CV-VUT0322478-A;CL VIENA, 8, Es:1 Pl:36 Pt:176;03503;2992501YH5629S0177XT;4;2;156.00;27/03/2018;-0.099616;38.534019
CV-VUT0324132-A;CL VIENA, 8, Es:1 Pl:37 Pt:179;03503;2992501YH5629S0180XT;4;2;158.00;16/11/2023;-0.099616;38.534019
CV-VUT0322481-A;CL VIENA, 8, Es:1 Pl:37 Pt:181;03503;2992501YH5629S0182QU;4;2;158.00;27/03/2018;-0.099616;38.534019
CV-VUT0322482-A;CL VIENA, 8, Es:1 Pl:37 Pt:182;03503;2992501YH5629S0183WI;4;2;159.00;27/03/2018;-0.099616;38.534019
CV-VUT0323486-A;CL VIENA, 8, Es:1 Pl:38 Pt:183;03503;2992501YH5629S0184EO;4;2;160.00;20/04/2021;-0.099616;38.534019
CV-VUT0322483-A;CL VIENA, 8, Es:1 Pl:38 Pt:186;03503;2992501YH5629S0187YS;4;2;159.00;27/03/2018;-0.099616;38.534019
CV-VUT0515168-A;CL VIENA, 8, Es:1 Pl:39 Pt:188;03503;2992501YH5629S0189IF;6;3;162.00;20/03/2025;-0.099616;38.534019
CV-VUT0462487-A;CL VIENA, 8, Es:1 Pl:39 Pt:189;03503;2992501YH5629S0190YS;4;2;161.00;10/01/2018;-0.099616;38.534019
CV-VUT0322484-A;CL VIENA, 8, Es:1 Pl:39 Pt:191;03503;2992501YH5629S0192IF;4;2;161.00;27/03/2018;-0.099616;38.534019
CV-VUT0324057-A;CL VIENA, 8, Es:1 Pl:39 Pt:192;03503;2992501YH5629S0193OG;6;3;162.00;21/09/2023;-0.099616;38.534019
CV-VUT0464003-A;CL VIENA, 8, Es:1 Pl:40 Pt:194;03503;2992501YH5629S0195AJ;2;1;173.00;22/02/2018;-0.099616;38.534019
CV-VUT0323609-A;CL VIENA, 8, Es:1 Pl:40 Pt:195;03503;2992501YH5629S0196SK;2;1;173.00;25/01/2022;-0.099616;38.534019
CV-VUT0514679-A;CL VIENA, 8, Es:1 Pl:41 Pt:197;03503;2992501YH5629S0198FB;6;3;278.00;05/03/2025;-0.099616;38.534019
CV-VUT0323485-A;CL VIENA, 8, Es:1 Pl:41 Pt:198;03503;2992501YH5629S0199GZ;2;1;177.00;20/04/2021;-0.099616;38.534019
CV-VUT0503538-A;CL VIENA, 8, Es:1 Pl:41 Pt:199;03503;2992501YH5629S0200GZ;2;1;177.00;29/11/2023;-0.099616;38.534019
CV-VUT0322485-A;CL VIENA, 8, Es:1 Pl:41 Pt:200;03503;2992501YH5629S0201HX;6;3;278.00;27/03/2018;-0.099616;38.534019
CV-VUT0519508-A;CL VIENA, 8, Es:1 Pl:42 Pt:202;03503;2992501YH5629S0203KQ;4;2;177.00;13/12/2025;-0.099616;38.534019
CV-VUT0463244-A;CL VIENA, 8, Es:1 Pl:42 Pt:203;03503;2992501YH5629S0204LW;2;1;177.00;30/01/2018;-0.099616;38.534019
CV-VUT0475385-A;CL VIENA, 8, Es:1 Pl:42 Pt:204;03503;2992501YH5629S0205BE;6;3;278.00;25/04/2019;-0.099616;38.534019
CV-VUT0323687-A;CR DR PEREZ LLORCA, 3, Es:1 Pl:01 Pt:04;03503;0494902YH5609S0017EZ;4;2;75.00;09/05/2022;-0.127993;38.536375
CV-VUT0323204-A;CR DR PEREZ LLORCA, 3, Es:1 Pl:01 Pt:06;03503;0494902YH5609S0019TM;6;3;111.00;06/11/2019;-0.127993;38.536375
CV-VUT0323205-A;CR DR PEREZ LLORCA, 3, Es:1 Pl:01 Pt:07;03503;0494902YH5609S0020EZ;4;2;75.00;06/11/2019;-0.127993;38.536375
CV-VUT0323206-A;CR DR PEREZ LLORCA, 3, Es:1 Pl:01 Pt:08;03503;0494902YH5609S0021RX;4;2;75.00;06/11/2019;-0.127993;38.536375
CV-VUT0444153-A;CR DR PEREZ LLORCA, 3, Es:1 Pl:02 Pt:02;03503;0494902YH5609S0025IE;4;2;75.00;27/08/2015;-0.127993;38.536375
CV-VUT0323328-A;CR DR PEREZ LLORCA, 3, Es:1 Pl:02 Pt:05;03503;0494902YH5609S0028AY;6;3;111.00;21/05/2020;-0.127993;38.536375
CV-VUT0444154-A;CR DR PEREZ LLORCA, 3, Es:1 Pl:03 Pt:03;03503;0494902YH5609S0036HA;4;2;75.00;27/08/2015;-0.127993;38.536375
CV-VUT0444155-A;CR DR PEREZ LLORCA, 3, Es:1 Pl:03 Pt:07;03503;0494902YH5609S0040JS;4;2;75.00;27/08/2015;-0.127993;38.536375
CV-VUT0516132-A;CR DR PEREZ LLORCA, 3, Es:1 Pl:04 Pt:09;03503;0494902YH5609S0052EZ;4;2;75.00;24/04/2025;-0.127993;38.536375
CV-VUT0444158-A;CR DR PEREZ LLORCA, 3, Es:1 Pl:05 Pt:02;03503;0494902YH5609S0055YQ;4;2;50.00;27/08/2015;-0.127993;38.536375
CV-VUT0444159-A;CR DR PEREZ LLORCA, 3, Es:1 Pl:05 Pt:07;03503;0494902YH5609S0060IE;4;2;50.00;27/08/2015;-0.127993;38.536375
CV-VUT0471172-A;CR DR PEREZ LLORCA, 3, Es:1 Pl:05 Pt:08;03503;0494902YH5609S0061OR;4;2;105.00;16/10/2018;-0.127993;38.536375
CV-VUT0031295-A;CR DR PEREZ LLORCA, 7, Es:1 Pl:02 Pt:02A;03503;0494904YH5609S0025EE;2;1;31.00;15/12/1993;-0.127444;38.536752
CV-VUT0031296-A;CR DR PEREZ LLORCA, 7, Es:1 Pl:02 Pt:02B;03503;0494904YH5609S0026RR;2;1;32.00;15/12/1993;-0.127444;38.536752
CV-VUT0031297-A;CR DR PEREZ LLORCA, 7, Es:1 Pl:02 Pt:03A;03503;0494904YH5609S0027TT;2;1;32.00;15/12/1993;-0.127444;38.536752
CV-VUT0031298-A;CR DR PEREZ LLORCA, 7, Es:1 Pl:02 Pt:03B;03503;0494904YH5609S0028YY;2;1;32.00;15/12/1993;-0.127444;38.536752
CV-VUT0031299-A;CR DR PEREZ LLORCA, 7, Es:1 Pl:02 Pt:04A;03503;0494904YH5609S0029UU;2;1;31.00;15/12/1993;-0.127444;38.536752
CV-VUT0031300-A;CR DR PEREZ LLORCA, 7, Es:1 Pl:02 Pt:04B;03503;0494904YH5609S0030TT;2;1;32.00;15/12/1993;-0.127444;38.536752
CV-VUT0031340-A;CR DR PEREZ LLORCA, 7, Es:1 Pl:02 Pt:201;03503;0494904YH5609S0024WW;2;1;90.00;20/12/1993;-0.127444;38.536752
CV-VUT0031301-A;CR DR PEREZ LLORCA, 7, Es:1 Pl:03 Pt:02A;03503;0494904YH5609S0038DD;2;1;31.00;15/12/1993;-0.127444;38.536752
CV-VUT0031302-A;CR DR PEREZ LLORCA, 7, Es:1 Pl:03 Pt:02B;03503;0494904YH5609S0039FF;2;1;32.00;15/12/1993;-0.127444;38.536752
CV-VUT0031303-A;CR DR PEREZ LLORCA, 7, Es:1 Pl:03 Pt:03A;03503;0494904YH5609S0040SS;2;1;32.00;15/12/1993;-0.127444;38.536752
CV-VUT0031304-A;CR DR PEREZ LLORCA, 7, Es:1 Pl:03 Pt:03B;03503;0494904YH5609S0041DD;2;1;32.00;15/12/1993;-0.127444;38.536752
CV-VUT0031305-A;CR DR PEREZ LLORCA, 7, Es:1 Pl:03 Pt:04A;03503;0494904YH5609S0042FF;2;1;31.00;15/12/1993;-0.127444;38.536752
CV-VUT0031306-A;CR DR PEREZ LLORCA, 7, Es:1 Pl:03 Pt:04B;03503;0494904YH5609S0043GG;2;1;32.00;15/12/1993;-0.127444;38.536752
CV-VUT0031341-A;CR DR PEREZ LLORCA, 7, Es:1 Pl:03 Pt:301;03503;0494904YH5609S0037SS;2;1;90.00;20/12/1993;-0.127444;38.536752
CV-VUT0031313-A;CR DR PEREZ LLORCA, 7, Es:1 Pl:03 Pt:307;03503;0494904YH5609S0046KK;4;2;60.00;15/12/1993;-0.127444;38.536752
CV-VUT0031314-A;CR DR PEREZ LLORCA, 7, Es:1 Pl:03 Pt:308;03503;0494904YH5609S0047LL;4;2;60.00;15/12/1993;-0.127444;38.536752
CV-VUT0031315-A;CR DR PEREZ LLORCA, 7, Es:1 Pl:03 Pt:309;03503;0494904YH5609S0048BB;4;2;61.00;15/12/1993;-0.127444;38.536752
CV-VUT0031331-A;CR DR PEREZ LLORCA, 7, Es:1 Pl:03 Pt:310;03503;0494904YH5609S0049ZZ;6;3;90.00;15/12/1993;-0.127444;38.536752
CV-VUT0031307-A;CR DR PEREZ LLORCA, 7, Es:1 Pl:04 Pt:02A;03503;0494904YH5609S0051BB;2;1;31.00;15/12/1993;-0.127444;38.536752
CV-VUT0031308-A;CR DR PEREZ LLORCA, 7, Es:1 Pl:04 Pt:02B;03503;0494904YH5609S0052ZZ;2;1;32.00;15/12/1993;-0.127444;38.536752
CV-VUT0031309-A;CR DR PEREZ LLORCA, 7, Es:1 Pl:04 Pt:03A;03503;0494904YH5609S0053XX;2;1;32.00;15/12/1993;-0.127444;38.536752
CV-VUT0031310-A;CR DR PEREZ LLORCA, 7, Es:1 Pl:04 Pt:03B;03503;0494904YH5609S0054MM;2;1;32.00;15/12/1993;-0.127444;38.536752
CV-VUT0031311-A;CR DR PEREZ LLORCA, 7, Es:1 Pl:04 Pt:04A;03503;0494904YH5609S0055QQ;2;1;31.00;15/12/1993;-0.127444;38.536752
CV-VUT0031312-A;CR DR PEREZ LLORCA, 7, Es:1 Pl:04 Pt:04B;03503;0494904YH5609S0056WW;2;1;32.00;15/12/1993;-0.127444;38.536752
CV-VUT0031339-A;CR DR PEREZ LLORCA, 7, Es:1 Pl:04 Pt:401;03503;0494904YH5609S0050LL;2;1;69.00;20/12/1993;-0.127444;38.536752
CV-VUT0031334-A;CR DR PEREZ LLORCA, 7, Es:1 Pl:04 Pt:405;03503;0494904YH5609S0057EE;6;3;108.00;20/12/1993;-0.127444;38.536752
CV-VUT0031335-A;CR DR PEREZ LLORCA, 7, Es:1 Pl:04 Pt:406;03503;0494904YH5609S0058RR;6;3;88.00;20/12/1993;-0.127444;38.536752
CV-VUT0031316-A;CR DR PEREZ LLORCA, 7, Es:1 Pl:04 Pt:407;03503;0494904YH5609S0060EE;4;2;60.00;15/12/1993;-0.127444;38.536752
CV-VUT0031317-A;CR DR PEREZ LLORCA, 7, Es:1 Pl:04 Pt:408;03503;0494904YH5609S0061RR;4;2;60.00;15/12/1993;-0.127444;38.536752
CV-VUT0031318-A;CR DR PEREZ LLORCA, 7, Es:1 Pl:04 Pt:409;03503;0494904YH5609S0062TT;4;2;61.00;15/12/1993;-0.127444;38.536752
CV-VUT0031332-A;CR DR PEREZ LLORCA, 7, Es:1 Pl:04 Pt:410;03503;0494904YH5609S0063YY;6;3;70.00;15/12/1993;-0.127444;38.536752
CV-VUT0031336-A;CR DR PEREZ LLORCA, 7, Es:1 Pl:05 Pt:01A;03503;0494904YH5609S0064UU;6;3;73.00;20/12/1993;-0.127444;38.536752
CV-VUT0031343-A;CR DR PEREZ LLORCA, 7, Es:1 Pl:05 Pt:01B;03503;0494904YH5609S0065II;2;1;27.00;20/12/1993;-0.127444;38.536752
CV-VUT0031325-A;CR DR PEREZ LLORCA, 7, Es:1 Pl:05 Pt:08A;03503;0494904YH5609S0075GG;4;2;61.00;15/12/1993;-0.127444;38.536752
CV-VUT0031344-A;CR DR PEREZ LLORCA, 7, Es:1 Pl:05 Pt:501;03503;0494904YH5609S0066OO;2;1;30.00;20/12/1993;-0.127444;38.536752
CV-VUT0031319-A;CR DR PEREZ LLORCA, 7, Es:1 Pl:05 Pt:502;03503;0494904YH5609S0067PP;4;2;59.00;15/12/1993;-0.127444;38.536752
CV-VUT0031320-A;CR DR PEREZ LLORCA, 7, Es:1 Pl:05 Pt:503;03503;0494904YH5609S0068AA;4;2;58.00;15/12/1993;-0.127444;38.536752
CV-VUT0031321-A;CR DR PEREZ LLORCA, 7, Es:1 Pl:05 Pt:504;03503;0494904YH5609S0069SS;4;2;54.00;15/12/1993;-0.127444;38.536752
CV-VUT0031333-A;CR DR PEREZ LLORCA, 7, Es:1 Pl:05 Pt:505;03503;0494904YH5609S0071AA;6;3;65.00;15/12/1993;-0.127444;38.536752
CV-VUT0031322-A;CR DR PEREZ LLORCA, 7, Es:1 Pl:05 Pt:506;03503;0494904YH5609S0072SS;4;2;59.00;15/12/1993;-0.127444;38.536752
CV-VUT0031323-A;CR DR PEREZ LLORCA, 7, Es:1 Pl:05 Pt:507;03503;0494904YH5609S0073DD;4;2;60.00;15/12/1993;-0.127444;38.536752
CV-VUT0031324-A;CR DR PEREZ LLORCA, 7, Es:1 Pl:05 Pt:508;03503;0494904YH5609S0074FF;4;2;60.00;15/12/1993;-0.127444;38.536752
CV-VUT0031345-A;CR DR PEREZ LLORCA, 7, Es:1 Pl:06 Pt:01B;03503;0494904YH5609S0077JJ;2;1;29.00;20/12/1993;-0.127444;38.536752
CV-VUT0031346-A;CR DR PEREZ LLORCA, 7, Es:1 Pl:06 Pt:01C;03503;0494904YH5609S0078KK;2;1;26.00;20/12/1993;-0.127444;38.536752
CV-VUT0031326-A;CR DR PEREZ LLORCA, 7, Es:1 Pl:06 Pt:602;03503;0494904YH5609S0079LL;4;2;59.00;15/12/1993;-0.127444;38.536752
CV-VUT0031327-A;CR DR PEREZ LLORCA, 7, Es:1 Pl:06 Pt:603;03503;0494904YH5609S0080JJ;4;2;58.00;15/12/1993;-0.127444;38.536752
CV-VUT0031328-A;CR DR PEREZ LLORCA, 7, Es:1 Pl:06 Pt:605;03503;0494904YH5609S0082LL;4;2;59.00;15/12/1993;-0.127444;38.536752
CV-VUT0031330-A;CR DR PEREZ LLORCA, 7, Es:1 Pl:07 Pt:01A;03503;0494904YH5609S0086MM;4;2;66.00;15/12/1993;-0.127444;38.536752
CV-VUT0031347-A;CR DR PEREZ LLORCA, 7, Es:1 Pl:07 Pt:01B;03503;0494904YH5609S0087QQ;2;1;30.00;20/12/1993;-0.127444;38.536752
CV-VUT0031329-A;CR DR PEREZ LLORCA, 7, Es:1 Pl:07 Pt:702;03503;0494904YH5609S0088WW;4;2;59.00;15/12/1993;-0.127444;38.536752
CV-VUT0031348-A;CR DR PEREZ LLORCA, 7, Es:1 Pl:07 Pt:703;03503;0494904YH5609S0089EE;2;1;34.00;20/12/1993;-0.127444;38.536752
CV-VUT0473581-A;PD PLA DEL CUARTEL, 3, Es:T Pl:OD Pt:OS;03503;03031A012001460001DO;16;8;402.00;01/02/2019;-0.088877;38.561367
CV-VUT0504520-A;PJ ENSENADA, 1, Es:1 Pl:03 Pt:E;03503;0494905YH5609N0043QU;4;2;121.00;17/01/2024;-0.127154;38.536912
CV-VUT0478490-A;PZ HISPANIDAD DE LA, 1, Es:1 Pl:03 Pt:10;03503;0596615YH5609N0014AP;4;3;62.00;09/09/2019;-0.127079;38.537631
